strategy_id,date,cash,equity,daily_pnl
D10,2016-04-29,10081770.01,9999596.01,-403.99
D20,2016-04-29,10113919.3,10001842.3,1842.3
D10,2016-05-02,10081858.03,10021189.03,21593.02
D20,2016-05-02,10114007.59,10025182.59,23340.3
D10,2016-05-03,10081942.05,10015216.05,-5972.98
D20,2016-05-03,10114091.87,10024509.87,-672.72
D10,2016-05-04,10082018.06,10000655.06,-14560.99
D20,2016-05-04,10114168.13,9995189.13,-29320.74
D10,2016-05-05,10082098.08,10005862.08,5207.02
D20,2016-05-05,10114248.4,10007598.4,12409.27
D10,2016-05-06,10082174.09,10024928.09,19066.02
D20,2016-05-06,10114324.66,10034893.66,27295.26
D10,2016-05-09,10082270.11,10016892.11,-8035.98
D20,2016-05-09,10114420.99,10026691.99,-8201.67
D10,2016-05-10,10082366.13,10034806.13,17914.02
D20,2016-05-10,10114517.32,10040312.32,13620.33
D10,2016-05-11,10082470.16,10038334.16,3528.02
D20,2016-05-11,10114621.67,10064549.67,24237.36
D10,2016-05-12,10082578.19,10034900.19,-3433.97
D20,2016-05-12,10114730.04,10048387.04,-16162.63
D10,2016-05-13,10082690.21,10033953.21,-946.97
D20,2016-05-13,10114842.43,10041846.43,-6540.61
D10,2016-05-16,10082802.24,10050601.24,16648.03
D20,2016-05-16,10114954.82,10059676.82,17830.39
D10,2016-05-17,10082914.27,10041722.27,-8878.97
D20,2016-05-17,10115067.2,10063446.2,3769.39
D10,2016-05-18,10083034.31,10037140.31,-4581.97
D20,2016-05-18,10115187.62,10042152.62,-21293.58
D10,2016-05-19,10083154.35,10044716.35,7576.04
D20,2016-05-19,10115308.04,10056366.04,14213.42
D10,2016-05-20,9585276.06,10075972.06,31255.72
D20,2016-05-20,8119311.14,10098601.14,42235.1
D10,2016-05-23,9585409.19,10074943.19,-1028.87
D20,2016-05-23,8119423.91,10097599.91,-1001.23
D10,2016-05-24,9585542.32,10081052.32,6109.13
D20,2016-05-24,8119536.68,10077689.68,-19910.23
D10,2016-05-25,9585667.85,10085161.85,4109.52
D20,2016-05-25,8119643.01,10093002.01,15312.33
D10,2016-05-26,9585781.96,10084113.96,-1047.88
D20,2016-05-26,8119739.67,10096691.67,3689.66
D10,2016-05-27,9585899.88,10085891.88,1777.92
D20,2016-05-27,8119839.56,10093893.56,-2798.11
D10,2016-05-31,9586029.22,10087847.22,1955.33
D20,2016-05-31,8119949.11,10093268.11,-625.45
D10,2016-06-01,9586143.33,10085969.33,-1877.88
D20,2016-06-01,8120045.77,10093532.77,264.67
D10,2016-06-02,9586249.85,10085079.85,-889.49
D20,2016-06-02,8120136.0,10091146.0,-2386.78
D10,2016-06-03,9586360.17,10083364.17,-1715.68
D20,2016-06-03,8120229.44,10137300.44,46154.45
D10,2016-06-06,9586466.68,10086458.68,3094.52
D20,2016-06-06,8120319.67,10141805.67,4505.22
D10,2016-06-07,9586573.2,10086897.2,438.52
D20,2016-06-07,8120409.89,10131944.89,-9860.77
D10,2016-06-08,9586664.5,10089810.5,2913.3
D20,2016-06-08,8120487.23,10143039.23,11094.34
D10,2016-06-09,9586759.6,10088743.6,-1066.89
D20,2016-06-09,8120567.79,10151005.79,7966.56
D10,2016-06-10,9586854.71,10085518.71,-3224.89
D20,2016-06-10,8120648.35,10141923.35,-9082.44
D10,2016-06-13,9586957.43,10082135.43,-3383.28
D20,2016-06-13,8120735.36,10139929.36,-1993.99
D10,2016-06-14,9587060.14,10092364.14,10228.72
D20,2016-06-14,8120822.37,10144173.37,4244.01
D10,2016-06-15,9587159.06,10094953.06,2588.91
D20,2016-06-15,8120906.15,10160416.15,16242.79
D10,2016-06-16,9587261.78,10095885.78,932.72
D20,2016-06-16,8120993.16,10157410.16,-3005.99
D10,2016-06-17,9587360.69,10095320.69,-565.08
D20,2016-06-17,8121076.95,10158365.95,955.79
D10,2016-06-20,9587467.22,10099245.22,3924.53
D20,2016-06-20,8121167.19,10160192.19,1826.23
D10,2016-06-21,9587569.94,10101173.94,1928.72
D20,2016-06-21,8121254.2,10154434.2,-5757.99
D10,2016-06-22,9587672.67,10098620.67,-2553.28
D20,2016-06-22,8121341.21,10163221.21,8787.01
D10,2016-06-23,9587786.81,10105540.81,6920.14
D20,2016-06-23,8121437.89,10169819.89,6598.68
D10,2016-06-24,9587885.73,10082897.73,-22643.08
D20,2016-06-24,8121521.69,10145247.69,-24572.21
D10,2016-06-27,9587988.45,10074700.45,-8197.27
D20,2016-06-27,8121608.7,10138469.7,-6777.98
D10,2016-06-28,9588087.38,10085091.38,10390.92
D20,2016-06-28,8121692.5,10149548.5,11078.79
D10,2016-06-29,9588186.3,10095316.3,10224.92
D20,2016-06-29,8121776.29,10176906.29,27357.8
D10,2016-06-30,9588285.23,10110853.23,15536.93
D20,2016-06-30,8121860.09,10231610.09,54703.8
D10,2016-07-01,9588387.96,10111121.96,268.73
D20,2016-07-01,8121947.11,10249450.11,17840.02
D10,2016-07-05,9588494.5,10110564.5,-557.46
D20,2016-07-05,8122037.35,10251489.35,2039.24
D10,2016-07-06,9588597.23,10115481.23,4916.73
D20,2016-07-06,8122124.37,10273282.37,21793.02
D10,2016-07-07,9588707.58,10116919.58,1438.34
D20,2016-07-07,8122217.84,10275388.84,2106.47
D10,2016-07-08,9588810.31,10123330.31,6410.74
D20,2016-07-08,8122304.87,10294319.87,18931.02
D10,2016-07-11,9588928.27,10123614.27,283.96
D20,2016-07-11,8122404.78,10298337.78,4017.92
D10,2016-07-12,9589038.62,10124554.62,940.35
D20,2016-07-12,8122498.26,10283493.26,-14844.53
D10,2016-07-13,9589156.58,10126332.58,1777.96
D20,2016-07-13,8122598.18,10302757.18,19263.92
D10,2016-07-14,9589274.54,10130932.54,4599.96
D20,2016-07-14,8122698.1,10318986.1,16228.92
D10,2016-07-15,9589392.51,10135200.51,4267.96
D20,2016-07-15,8122798.02,10316624.02,-2362.08
D10,2016-07-18,9589514.28,10135820.28,619.77
D20,2016-07-18,8122901.17,10321210.17,4586.15
D10,2016-07-19,9589632.24,10136270.24,449.97
D20,2016-07-19,8123001.09,10316258.09,-4952.08
D10,2016-07-20,9589754.01,10133902.01,-2368.23
D20,2016-07-20,8123104.24,10273552.24,-42705.85
D10,2016-07-21,9589871.98,10130865.98,-3036.03
D20,2016-07-21,8123204.17,10285986.17,12433.93
D10,2016-07-22,9589993.76,10122189.76,-8676.22
D20,2016-07-22,8123307.32,10289880.32,3894.15
D10,2016-07-25,9590115.54,10115339.54,-6850.22
D20,2016-07-25,8123410.47,10263706.47,-26173.85
D10,2016-07-26,9590233.51,10112635.51,-2704.03
D20,2016-07-26,8123510.4,10268266.4,4559.93
D10,2016-07-27,9590351.49,10109599.49,-3036.02
D20,2016-07-27,8123610.33,10277496.33,9229.93
D10,2016-07-28,9590446.63,10109196.63,-402.86
D20,2016-07-28,8123690.93,10283343.93,5847.59
D10,2016-07-29,9590549.38,10107473.38,-1723.25
D20,2016-07-29,8123777.97,10305359.97,22016.04
D10,2016-08-01,9590659.75,10107749.75,276.37
D20,2016-08-01,8123871.45,10305986.45,626.49
D10,2016-08-02,9590770.12,10106200.12,-1549.63
D20,2016-08-02,8123964.94,10325900.94,19914.49
D10,2016-08-03,9590876.68,10107634.68,1434.56
D20,2016-08-03,8124055.21,10316955.21,-8945.73
D10,2016-08-04,9590975.64,10108397.64,762.95
D20,2016-08-04,8124139.03,10313287.03,-3668.18
D10,2016-08-05,9591078.4,10110326.4,1928.76
D20,2016-08-05,8124226.07,10312622.07,-664.96
D10,2016-08-08,9591196.38,10110278.38,-48.01
D20,2016-08-08,8124326.01,10312864.01,241.94
D10,2016-08-09,9591306.76,10110886.76,608.37
D20,2016-08-09,8124419.51,10323921.51,11057.49
D10,2016-08-10,9591413.33,10110495.33,-391.43
D20,2016-08-10,8124509.78,10340545.78,16624.27
D10,2016-08-11,9591519.9,10110933.9,438.57
D20,2016-08-11,8124600.05,10336780.05,-3765.73
D10,2016-08-12,9591626.47,10110210.47,-723.43
D20,2016-08-12,8124690.32,10328081.32,-8698.73
D10,2016-08-15,9591744.46,10110328.46,117.99
D20,2016-08-15,8124790.27,10326418.27,-1663.05
D10,2016-08-16,9591847.23,10109601.23,-727.23
D20,2016-08-16,8124877.32,10311723.32,-14694.95
D10,2016-08-17,9591961.42,10111375.42,1774.19
D20,2016-08-17,8124974.05,10311441.05,-282.28
D10,2016-08-18,9592071.81,10113809.81,2434.38
D20,2016-08-18,8125067.55,10318191.55,6750.5
D10,2016-08-19,9592182.19,10110932.19,-2877.62
D20,2016-08-19,8125161.05,10309610.05,-8581.5
D10,2016-08-22,9592292.58,10112204.58,1272.39
D20,2016-08-22,8125254.56,10294656.56,-14953.5
D10,2016-08-23,9592406.77,10110824.77,-1379.81
D20,2016-08-23,8125351.28,10290851.28,-3805.27
D10,2016-08-24,9592524.77,10110776.77,-48.0
D20,2016-08-24,8125451.24,10242322.24,-48529.05
D10,2016-08-25,9592650.39,10110736.39,-40.38
D20,2016-08-25,8125557.64,10244373.64,2051.4
D10,2016-08-26,9592776.01,10111194.01,457.62
D20,2016-08-26,8125664.05,10237601.05,-6772.59
D10,2016-08-29,9592901.63,10113477.63,2283.62
D20,2016-08-29,8125770.46,10255315.46,17714.41
D10,2016-08-30,9593027.25,10113769.25,291.62
D20,2016-08-30,8125876.87,10217527.87,-37787.59
D10,2016-08-31,9593152.87,10111736.87,-2032.38
D20,2016-08-31,8125983.28,10205894.28,-11633.59
D10,2016-09-01,9593278.5,10111198.5,-538.38
D20,2016-09-01,8126089.69,10224594.69,18700.41
D10,2016-09-02,9593400.31,10112814.31,1615.82
D20,2016-09-02,8126192.88,10245965.88,21371.19
D10,2016-09-06,9593522.14,10108952.14,-3862.18
D20,2016-09-06,8126296.07,10261134.07,15168.19
D10,2016-09-07,9593651.57,10109247.57,295.44
D20,2016-09-07,8126405.71,10258812.71,-2321.36
D10,2016-09-08,9593781.01,10109045.01,-202.56
D20,2016-09-08,8126515.35,10251473.35,-7339.36
D10,2016-09-09,9593910.45,10093736.45,-15308.56
D20,2016-09-09,8126624.99,10180035.99,-71437.36
D10,2016-09-12,9594051.31,10100185.31,6448.86
D20,2016-09-12,8126744.31,10217904.31,37868.32
D10,2016-09-13,9594188.37,10089698.37,-10486.94
D20,2016-09-13,8126860.41,10175857.41,-42046.9
D10,2016-09-14,9594314.01,10087334.01,-2364.36
D20,2016-09-14,8126966.83,10167311.83,-8545.58
D10,2016-09-15,9594424.42,10088274.42,940.41
D20,2016-09-15,8127060.36,10180422.36,13110.52
D10,2016-09-16,9594534.83,10087222.83,-1051.59
D20,2016-09-16,8127153.88,10164761.88,-15660.47
D10,2016-09-19,9594649.05,10083187.05,-4035.78
D20,2016-09-19,8127250.63,10165485.63,723.75
D10,2016-09-20,9594763.27,10087285.27,4098.22
D20,2016-09-20,8127347.39,10170109.39,4623.75
D10,2016-09-21,9594847.04,10090357.04,3071.76
D20,2016-09-21,8127418.34,10217059.34,46949.95
D10,2016-09-22,9594915.57,10093579.57,3222.53
D20,2016-09-22,8127476.39,10224904.39,7845.05
D10,2016-09-23,9594984.11,10091158.11,-2421.46
D20,2016-09-23,8127534.45,10201512.45,-23391.95
D10,2016-09-26,9595079.3,10085443.3,-5714.81
D20,2016-09-26,8127615.08,10183274.08,-18238.37
D10,2016-09-27,9595178.29,10091186.29,5743.0
D20,2016-09-27,8127698.93,10178511.93,-4762.14
D10,2016-09-28,9595281.1,10091621.1,434.81
D20,2016-09-28,8127786.02,10191596.02,13084.08
D10,2016-09-29,9595380.1,10085578.1,-6043.0
D20,2016-09-29,8127869.87,10183031.87,-8564.14
D10,2016-09-30,9595486.71,10087178.71,1600.62
D20,2016-09-30,8127960.18,10198417.18,15385.31
D10,2016-10-03,9595608.56,10087632.56,453.85
D20,2016-10-03,8128063.4,10176842.4,-21574.79
D10,2016-10-04,9595734.22,10085434.22,-2198.34
D20,2016-10-04,8128169.83,10112509.83,-64332.56
D10,2016-10-05,9595856.07,10085556.07,121.85
D20,2016-10-05,8128273.05,10111604.05,-905.79
D10,2016-10-06,9595977.92,10081859.92,-3696.15
D20,2016-10-06,8128376.27,10103708.27,-7895.78
D10,2016-10-07,9596099.77,10078827.77,-3032.15
D20,2016-10-07,8128479.48,10095764.48,-7943.78
D10,2016-10-10,9596221.63,10075297.63,-3530.14
D20,2016-10-10,8128582.7,10094674.7,-1089.78
D10,2016-10-11,9596354.91,10076426.91,1129.28
D20,2016-10-11,8128695.6,10086340.6,-8334.1
D10,2016-10-12,9596492.0,10076232.0,-194.91
D20,2016-10-12,8128811.72,10096289.72,9949.12
D10,2016-10-13,9596602.44,10074184.44,-2047.56
D20,2016-10-13,8128905.27,10096283.27,-6.45
D10,2016-10-14,9596720.49,10076294.49,2110.05
D20,2016-10-14,8129005.27,10095150.27,-1133.0
D10,2016-10-17,9596849.97,10075759.97,-534.52
D20,2016-10-17,8129114.94,10104183.94,9033.68
D10,2016-10-18,9596979.45,10078047.45,2287.48
D20,2016-10-18,8129224.62,10125513.62,21329.68
D10,2016-10-19,9597108.93,10079504.93,1457.48
D20,2016-10-19,8129334.3,10139358.3,13844.68
D10,2016-10-20,9597238.42,10079800.42,295.48
D20,2016-10-20,8129443.98,10138666.98,-691.32
D10,2016-10-21,9597364.1,10078432.1,-1368.32
D20,2016-10-21,8129550.44,10131286.44,-7380.54
D10,2016-10-24,9597489.78,10077561.78,-870.32
D20,2016-10-24,8129656.9,10132829.9,1543.46
D10,2016-10-25,9597619.27,10073209.27,-4352.51
D20,2016-10-25,8129766.59,10136065.59,3235.69
D10,2016-10-26,9597744.95,10076986.95,3777.68
D20,2016-10-26,8129873.05,10136672.05,606.46
D10,2016-10-27,9597855.4,10073113.4,-3873.55
D20,2016-10-27,8129966.6,10112703.6,-23968.44
D10,2016-10-28,9668857.67,10084342.67,11229.27
D20,2016-10-28,8214384.13,10129800.13,17096.53
D10,2016-10-31,9668988.12,10089264.12,4921.45
D20,2016-10-31,8214494.96,10152376.96,22576.83
D10,2016-11-01,9669122.41,10063400.41,-25863.71
D20,2016-11-01,8214609.05,10133046.05,-19330.91
D10,2016-11-02,9669260.54,10047636.54,-15763.87
D20,2016-11-02,8214726.41,10102507.41,-30538.65
D10,2016-11-03,9669402.51,10028834.51,-18802.03
D20,2016-11-03,8214847.02,10107866.02,5358.61
D10,2016-11-04,9669544.48,10032198.48,3363.97
D20,2016-11-04,8214967.63,10097038.63,-10827.39
D10,2016-11-07,9669701.8,10083404.8,51206.32
D20,2016-11-07,8215101.29,10153933.29,56894.66
D10,2016-11-08,9669866.8,10097419.8,14015.0
D20,2016-11-08,8215241.47,10165418.47,11485.18
D10,2016-11-09,9670035.64,10111970.64,14550.84
D20,2016-11-09,8215384.91,10197000.91,31582.44
D10,2016-11-10,9670216.0,10077456.0,-34514.65
D20,2016-11-10,8215538.13,10106145.13,-90855.78
D10,2016-11-11,9670396.35,10115846.35,38390.36
D20,2016-11-11,8215691.36,10101275.36,-4869.77
D10,2016-11-14,9670603.58,10080751.58,-35094.78
D20,2016-11-14,8215867.41,10078113.41,-23161.95
D10,2016-11-15,9670795.45,10123102.45,42350.88
D20,2016-11-15,8216030.42,10125890.42,47777.01
D10,2016-11-16,9670971.98,10120961.98,-2140.47
D20,2016-11-16,8216180.4,10159781.4,33890.98
D10,2016-11-17,9671137.0,10143464.0,22502.02
D20,2016-11-17,8216320.59,10140490.59,-19290.8
D10,2016-11-18,8740986.15,10161259.15,17795.15
D20,2016-11-18,7101741.77,10159357.77,18867.18
D10,2016-11-21,8741145.71,10174765.71,13506.56
D20,2016-11-21,7101871.41,10186006.41,26648.63
D10,2016-11-22,8741312.21,10178643.21,3877.5
D20,2016-11-22,7102006.68,10195754.68,9748.27
D10,2016-11-23,8741485.65,10169171.65,-9471.56
D20,2016-11-23,7102147.59,10160738.59,-35016.09
D10,2016-11-25,8741652.15,10181603.15,12431.5
D20,2016-11-25,7102282.87,10185701.87,24963.28
D10,2016-11-28,8741818.66,10184933.66,3330.51
D20,2016-11-28,7102418.15,10213966.15,28264.28
D10,2016-11-29,8741985.17,10175886.17,-9047.49
D20,2016-11-29,7102553.44,10212921.44,-1044.72
D10,2016-11-30,8742151.68,10152974.68,-22911.49
D20,2016-11-30,7102688.73,10160759.73,-52161.71
D10,2016-12-01,8742314.73,10142629.73,-10344.95
D20,2016-12-01,7102821.2,10137329.2,-23430.53
D10,2016-12-02,8742481.25,10155373.25,12743.52
D20,2016-12-02,7102956.49,10175205.49,37876.29
D10,2016-12-05,8742651.25,10162513.25,7139.99
D20,2016-12-05,7103094.6,10181340.6,6135.11
D10,2016-12-06,8742821.24,10165498.24,2985.0
D20,2016-12-06,7103232.72,10189287.72,7947.12
D10,2016-12-07,8742998.18,10187261.18,21762.94
D20,2016-12-07,7103376.47,10235168.47,45880.76
D10,2016-12-08,8743171.65,10176827.65,-10433.53
D20,2016-12-08,7103517.41,10240032.41,4863.94
D10,2016-12-09,8743355.54,10200523.54,23695.88
D20,2016-12-09,7103666.81,10265048.81,25016.4
D10,2016-12-12,8743532.48,10209228.48,8704.95
D20,2016-12-12,7103810.58,10265729.58,680.76
D10,2016-12-13,8743719.85,10212253.85,3025.36
D20,2016-12-13,7103962.8,10295018.8,29289.22
D10,2016-12-14,8743907.21,10195972.21,-16281.63
D20,2016-12-14,7104115.03,10244072.03,-50946.77
D10,2016-12-15,8744080.7,10205739.7,9767.49
D20,2016-12-15,7104255.98,10247687.98,3615.95
D10,2016-12-16,8744254.2,10210758.2,5018.49
D20,2016-12-16,7104396.94,10266637.94,18949.96
D10,2016-12-19,8744434.63,10208177.63,-2580.56
D20,2016-12-19,7104543.54,10279662.54,13024.6
D10,2016-12-20,8744615.07,10205083.07,-3094.56
D20,2016-12-20,7104690.14,10274034.14,-5628.4
D10,2016-12-21,8744792.05,10201605.05,-3478.03
D20,2016-12-21,7104833.93,10269750.93,-4283.21
D10,2016-12-22,8744965.56,10205636.56,4031.51
D20,2016-12-22,7104974.9,10271275.9,1524.97
D10,2016-12-23,8745142.54,10208044.54,2407.98
D20,2016-12-23,7105118.69,10287813.69,16537.79
D10,2016-12-27,8745319.52,10206434.52,-1610.01
D20,2016-12-27,7105262.48,10291841.48,4027.79
D10,2016-12-28,8745499.98,10198620.98,-7813.54
D20,2016-12-28,7105409.1,10279498.1,-12343.38
D10,2016-12-29,8745659.62,10204563.62,5942.64
D20,2016-12-29,7105538.8,10325028.8,45530.7
D10,2016-12-30,8745833.15,10199877.15,-4686.48
D20,2016-12-30,7105679.78,10296552.78,-28476.02
D10,2017-01-03,8746017.09,10204827.09,4949.94
D20,2017-01-03,7105829.23,10319547.23,22994.44
D10,2017-01-04,8746197.56,10205912.56,1085.47
D20,2017-01-04,7105975.86,10333245.86,13698.63
D10,2017-01-05,8746374.57,10209863.57,3951.01
D20,2017-01-05,7106119.67,10362527.67,29281.81
D10,2017-01-06,8746555.05,10209063.05,-800.52
D20,2017-01-06,7106266.3,10359247.3,-3280.37
D10,2017-01-09,8746728.59,10195608.59,-13454.46
D20,2017-01-09,7106407.3,10344994.3,-14253.0
D10,2017-01-10,8746905.61,10180377.61,-15230.98
D20,2017-01-10,7106551.12,10325664.12,-19330.18
D10,2017-01-11,8747082.63,10181443.63,1066.02
D20,2017-01-11,7106694.94,10323024.94,-2639.18
D10,2017-01-12,8747259.65,10181110.65,-332.98
D20,2017-01-12,7106838.77,10312015.77,-11009.17
D10,2017-01-13,8747440.15,10180124.15,-986.5
D20,2017-01-13,7106985.42,10314094.42,2078.65
D10,2017-01-17,8747627.6,10194193.6,14069.45
D20,2017-01-17,7107137.71,10344178.71,30084.29
D10,2017-01-18,8747808.1,10196099.1,1905.51
D20,2017-01-18,7107284.36,10353336.36,9157.66
D10,2017-01-19,8747985.14,10191439.14,-4659.96
D20,2017-01-19,7107428.2,10341461.2,-11875.16
D10,2017-01-20,8748155.24,10213713.24,22274.1
D20,2017-01-20,7107566.4,10368093.4,26632.2
D10,2017-01-23,8748332.29,10215877.29,2164.05
D20,2017-01-23,7107710.25,10384158.25,16064.84
D10,2017-01-24,8748505.86,10229989.86,14112.58
D20,2017-01-24,7107851.27,10403850.27,19692.03
D10,2017-01-25,8748675.97,10228213.97,-1775.89
D20,2017-01-25,7107989.48,10394998.48,-8851.79
D10,2017-01-26,8748849.56,10219350.56,-8863.42
D20,2017-01-26,7108130.51,10375485.51,-19512.97
D10,2017-01-27,8749026.62,10212975.62,-6374.94
D20,2017-01-27,7108274.37,10379625.37,4139.86
D10,2017-01-30,8749203.68,10213473.68,498.06
D20,2017-01-30,7108418.22,10397737.22,18111.86
D10,2017-01-31,8749384.22,10221221.22,7747.54
D20,2017-01-31,7108564.91,10420440.91,22703.68
D10,2017-02-01,8749557.82,10212659.82,-8561.4
D20,2017-02-01,7108705.95,10437619.95,17179.04
D10,2017-02-02,8749734.9,10221660.9,9001.07
D20,2017-02-02,7108849.82,10454321.82,16701.87
D10,2017-02-03,8749908.5,10226410.5,4749.61
D20,2017-02-03,7108990.86,10461312.86,6991.05
D10,2017-02-06,8750092.53,10224286.53,-2123.97
D20,2017-02-06,7109140.38,10475874.34,14561.48
D10,2017-02-07,8750276.56,10236770.56,12484.03
D20,2017-02-07,7109289.9,10485550.9,9676.55
D10,2017-02-08,8750460.59,10240582.59,3812.03
D20,2017-02-08,7109439.42,10498169.38,12618.48
D10,2017-02-09,8750644.63,10235017.63,-5564.96
D20,2017-02-09,7109588.94,10490116.94,-8052.44
D10,2017-02-10,8750832.14,10223904.14,-11113.49
D20,2017-02-10,7109741.29,10484969.29,-5147.65
D10,2017-02-13,8751012.71,10228456.71,4552.57
D20,2017-02-13,7109888.0,10488969.96,4000.67
D10,2017-02-14,8751200.24,10226821.24,-1635.48
D20,2017-02-14,7110040.35,10492368.35,3398.39
D10,2017-02-15,8751384.29,10243986.29,17165.05
D20,2017-02-15,7110189.89,10508305.85,15937.5
D10,2017-02-16,8751564.87,10257538.87,13552.58
D20,2017-02-16,7110336.61,10534577.61,26271.75
D10,2017-02-17,8751745.46,10259948.46,2409.59
D20,2017-02-17,7110483.33,10528055.33,-6522.28
D10,2017-02-21,8751929.53,10271753.53,11805.06
D20,2017-02-21,7110632.88,10553097.88,25042.55
D10,2017-02-22,8752110.12,10272468.12,714.6
D20,2017-02-22,7110779.6,10534156.6,-18941.27
D10,2017-02-23,8752287.25,10272147.25,-320.87
D20,2017-02-23,7110923.51,10533345.51,-811.09
D10,2017-02-24,8752464.38,10274598.38,2451.13
D20,2017-02-24,7111067.42,10542187.42,8841.91
D10,2017-02-27,8752638.04,10269981.04,-4617.34
D20,2017-02-27,7111208.52,10508040.48,-34146.94
D10,2017-02-28,8752822.12,10279708.12,9727.08
D20,2017-02-28,7111358.08,10522926.11,14885.63
D10,2017-03-01,8753037.47,10282695.47,2987.35
D20,2017-03-01,7111533.04,10546486.0,23559.89
D10,2017-03-02,8753266.71,10283949.71,1254.25
D20,2017-03-02,7111719.29,10531354.33,-15131.67
D10,2017-03-03,8753509.86,10284001.86,52.15
D20,2017-03-03,7111916.84,10544099.84,12745.51
D10,2017-03-06,8753763.43,10275713.43,-8288.43
D20,2017-03-06,7112122.86,10516125.86,-27973.98
D10,2017-03-07,8754023.96,10271860.96,-3852.47
D20,2017-03-07,7112334.53,10517002.53,876.67
D10,2017-03-08,8754274.08,10271149.08,-711.89
D20,2017-03-08,7112537.74,10511445.74,-5556.79
D10,2017-03-09,8754524.2,10271739.2,590.12
D20,2017-03-09,7112740.96,10509339.92,-2105.82
D10,2017-03-10,8754777.8,10281890.8,10151.6
D20,2017-03-10,7112947.0,10526167.0,16827.08
D10,2017-03-13,8755048.78,10279683.78,-2207.02
D20,2017-03-13,7113167.16,10523469.16,-2697.84
D10,2017-03-14,8755316.3,10277129.3,-2554.48
D20,2017-03-14,7113384.51,10513332.54,-10136.62
D10,2017-03-15,8755566.45,10289596.45,12467.15
D20,2017-03-15,7113587.75,10555929.78,42597.24
D10,2017-03-16,8755816.61,10291737.61,2141.16
D20,2017-03-16,7113790.99,10536350.99,-19578.79
D10,2017-03-17,8756066.78,10288011.78,-3725.83
D20,2017-03-17,7113994.24,10530803.28,-5547.71
D10,2017-03-20,8756327.37,10290199.37,2187.6
D20,2017-03-20,7114205.97,10555709.01,24905.73
D10,2017-03-21,8756591.45,10296885.45,6686.08
D20,2017-03-21,7114420.53,10560482.53,4773.52
D10,2017-03-22,8756855.54,10295735.54,-1149.91
D20,2017-03-22,7114635.09,10558894.09,-1588.44
D10,2017-03-23,8757116.16,10291159.16,-4576.38
D20,2017-03-23,7114846.83,10543944.83,-14949.25
D10,2017-03-24,8757383.74,10291245.74,86.58
D20,2017-03-24,7115064.23,10535443.23,-8501.6
D10,2017-03-27,8757651.33,10292055.33,809.59
D20,2017-03-27,7115281.64,10544432.64,8989.4
D10,2017-03-28,8757918.92,10298027.92,5972.59
D20,2017-03-28,7115499.05,10550393.05,5960.41
D10,2017-03-29,8758186.52,10297158.52,-869.4
D20,2017-03-29,7115716.47,10549561.47,-831.58
D10,2017-03-30,8758454.14,10296062.14,-1096.39
D20,2017-03-30,7115933.89,10541382.85,-8178.61
D10,2017-03-31,8758714.8,10290948.8,-5113.33
D20,2017-03-31,7116145.67,10533331.67,-8051.18
D10,2017-04-03,8758985.91,10289882.91,-1065.9
D20,2017-04-03,7116365.94,10546659.94,13328.26
D10,2017-04-04,8759257.02,10295659.02,5776.11
D20,2017-04-04,7116586.2,10561279.2,14619.27
D10,2017-04-05,8759531.61,10294350.61,-1308.4
D20,2017-04-05,7116809.3,10558776.3,-2502.9
D10,2017-04-06,8759802.74,10290829.74,-3520.87
D20,2017-04-06,7117029.59,10549145.59,-9630.72
D10,2017-04-07,8760084.31,10289561.31,-1268.43
D20,2017-04-07,7117258.35,10548514.35,-631.24
D10,2017-04-10,8760365.88,10294172.88,4611.57
D20,2017-04-10,7117487.12,10556177.12,7662.77
D10,2017-04-11,8760647.47,10294567.47,394.58
D20,2017-04-11,7117715.89,10563546.89,7369.78
D10,2017-04-12,8760925.58,10309727.58,15160.12
D20,2017-04-12,7117941.85,10578402.85,14855.96
D10,2017-04-13,8761203.71,10302348.71,-7378.88
D20,2017-04-13,7118167.82,10555355.82,-23047.03
D10,2017-04-17,8761488.79,10310941.79,8593.09
D20,2017-04-17,7118399.44,10576598.44,21242.62
D10,2017-04-18,8761770.41,10322814.41,11872.62
D20,2017-04-18,7118628.25,10583492.25,6893.81
D10,2017-04-19,8762048.56,10310171.56,-12642.85
D20,2017-04-19,7118854.24,10554813.2,-28679.05
D10,2017-04-20,8762319.77,10307100.77,-3070.79
D20,2017-04-20,7119074.58,10561664.58,6851.38
D10,2017-04-21,8762590.98,10302283.98,-4816.79
D20,2017-04-21,7119294.93,10562320.93,656.35
D10,2017-04-24,8762869.16,10314507.16,12223.18
D20,2017-04-24,7119520.94,10575249.94,12929.01
D10,2017-04-25,8763150.83,10314673.83,166.66
D20,2017-04-25,7119749.78,10572900.78,-2349.16
D10,2017-04-26,8763435.98,10299553.98,-15119.85
D20,2017-04-26,7119981.46,10553967.42,-18933.36
D10,2017-04-27,8763714.18,10293677.18,-5876.8
D20,2017-04-27,7120207.49,10549104.45,-4862.97
D10,2017-04-28,8830033.99,10295748.99,2071.81
D20,2017-04-28,7187395.8,10564933.77,15829.31
D10,2017-05-01,8830321.31,10302234.31,6485.33
D20,2017-05-01,7187629.68,10549295.68,-15638.09
D10,2017-05-02,8830605.14,10232065.14,-70169.17
D20,2017-05-02,7187860.71,10494764.67,-54531.01
D10,2017-05-03,8830899.5,10232313.5,248.35
D20,2017-05-03,7188100.3,10467339.3,-27425.37
D10,2017-05-04,8831193.86,10235080.86,2767.36
D20,2017-05-04,7188339.91,10475732.91,8393.6
D10,2017-05-05,8831502.25,10242431.25,7350.39
D20,2017-05-05,7188590.93,10499995.96,24263.06
D10,2017-05-08,8831817.66,10239337.66,-3093.59
D20,2017-05-08,7188847.66,10498336.63,-1659.34
D10,2017-05-09,8832133.08,10244831.08,5493.42
D20,2017-05-09,7189104.41,10500163.44,1826.82
D10,2017-05-10,8832445.01,10264821.01,19989.93
D20,2017-05-10,7189358.31,10506689.27,6525.83
D10,2017-05-11,8832749.94,10275120.94,10299.93
D20,2017-05-11,7189606.51,10523404.51,16715.24
D10,2017-05-12,8833051.38,10272863.38,-2257.56
D20,2017-05-12,7189851.87,10519313.91,-4090.6
D10,2017-05-15,8833363.34,10303435.34,30571.96
D20,2017-05-15,7190105.8,10548259.8,28945.89
D10,2017-05-16,8833675.31,10319372.31,15936.97
D20,2017-05-16,7190359.74,10552257.74,3997.94
D10,2017-05-17,8833987.29,10290851.29,-28521.02
D20,2017-05-17,7190613.68,10520052.68,-32205.05
D10,2017-05-18,8834306.3,10256177.3,-34673.99
D20,2017-05-18,7190873.34,10485774.31,-34278.37
D10,2017-05-19,7518724.82,10280356.82,24179.52
D20,2017-05-19,6294298.13,10518827.13,33052.82
D10,2017-05-22,7518999.31,10276510.31,-3846.51
D20,2017-05-22,6294527.92,10527026.92,8199.79
D10,2017-05-23,7519270.83,10277562.83,1052.52
D20,2017-05-23,6294755.23,10517767.23,-9259.7
D10,2017-05-24,7519545.34,10287637.34,10074.51
D20,2017-05-24,6294985.03,10538780.03,21012.81
D10,2017-05-25,7519819.86,10305016.86,17379.52
D20,2017-05-25,6295214.85,10553034.85,14254.82
D10,2017-05-26,7520094.4,10310277.4,5260.53
D20,2017-05-26,6295444.68,10574745.68,21710.83
D10,2017-05-30,7520368.94,10318656.94,8379.54
D20,2017-05-30,6295674.51,10582296.51,7550.83
D10,2017-05-31,7520655.43,10325345.43,6688.49
D20,2017-05-31,6295914.34,10589724.34,7427.84
D10,2017-06-01,7520941.93,10327144.93,1799.5
D20,2017-06-01,6296154.19,10595095.19,5370.84
D10,2017-06-02,7521228.44,10332183.44,5038.51
D20,2017-06-02,6296394.04,10595001.04,-94.15
D10,2017-06-05,7521511.98,10341515.98,9332.54
D20,2017-06-05,6296631.41,10597675.41,2674.36
D10,2017-06-06,7521798.52,10361500.52,19984.53
D20,2017-06-06,6296871.28,10632447.28,34771.87
D10,2017-06-07,7522091.03,10364673.03,3172.51
D20,2017-06-07,6297116.16,10636885.16,4437.88
D10,2017-06-08,7522386.54,10364099.54,-573.49
D20,2017-06-08,6297363.54,10616009.54,-20875.61
D10,2017-06-09,7522682.06,10357922.06,-6177.48
D20,2017-06-09,6297610.94,10612901.94,-3107.6
D10,2017-06-12,7522971.63,10351210.63,-6711.44
D20,2017-06-12,6297853.35,10628221.35,15319.41
D10,2017-06-13,7523267.17,10347398.17,-3812.45
D20,2017-06-13,6298100.76,10615206.76,-13014.58
D10,2017-06-14,7523562.73,10351594.73,4196.56
D20,2017-06-14,6298348.19,10614651.19,-555.57
D10,2017-06-15,7523861.28,10348231.28,-3363.45
D20,2017-06-15,6298598.12,10608218.12,-6433.07
D10,2017-06-16,7524162.83,10349987.83,1756.55
D20,2017-06-16,6298850.57,10610195.57,1977.44
D10,2017-06-19,7524464.4,10378822.4,28834.56
D20,2017-06-19,6299103.02,10634230.02,24034.45
D10,2017-06-20,7524762.99,10410032.99,31210.59
D20,2017-06-20,6299352.99,10641912.99,7682.96
D10,2017-06-21,7525052.63,10451204.63,41171.64
D20,2017-06-21,6299595.46,10677256.46,35343.48
D10,2017-06-22,7525333.33,10457713.33,6508.7
D20,2017-06-22,6299830.45,10676937.45,-319.02
D10,2017-06-23,7525617.02,10463647.02,5933.69
D20,2017-06-23,6300067.94,10688360.94,11423.49
D10,2017-06-26,7525909.68,10463692.68,45.66
D20,2017-06-26,6300312.94,10694836.94,6476.0
D10,2017-06-27,7526205.35,10416927.35,-46765.34
D20,2017-06-27,6300560.45,10631943.45,-62893.49
D10,2017-06-28,7526504.0,10419282.0,2354.66
D20,2017-06-28,6300810.48,10642476.48,10533.02
D10,2017-06-29,7526808.65,10368615.65,-50666.36
D20,2017-06-29,6301065.51,10572162.51,-70313.97
D10,2017-06-30,7527110.32,10365474.32,-3141.33
D20,2017-06-30,6301318.05,10575393.05,3230.54
D10,2017-07-03,7527420.96,10360214.96,-5259.36
D20,2017-07-03,6301578.11,10575603.11,210.05
D10,2017-07-05,7527728.63,10389938.63,29723.67
D20,2017-07-05,6301835.67,10601456.67,25853.56
D10,2017-07-06,7528033.32,10366389.32,-23549.31
D20,2017-07-06,6302090.75,10549892.75,-51563.93
D10,2017-07-07,7528341.02,10385507.02,19117.69
D20,2017-07-07,6302348.33,10559587.33,9694.59
D10,2017-07-10,7528648.72,10393760.72,8253.71
D20,2017-07-10,6302605.93,10568651.93,9064.6
D10,2017-07-11,7528956.44,10390204.44,-3556.28
D20,2017-07-11,6302863.53,10575189.53,6537.61
D10,2017-07-12,7529264.17,10413524.17,23319.73
D20,2017-07-12,6303121.15,10606763.15,31573.62
D10,2017-07-13,7529571.92,10384574.92,-28949.26
D20,2017-07-13,6303378.78,10578490.78,-28272.37
D10,2017-07-14,7529876.68,10411413.68,26838.77
D20,2017-07-14,6303633.91,10613493.91,35003.14
D10,2017-07-17,7530190.43,10409584.43,-1829.26
D20,2017-07-17,6303896.57,10613902.57,408.65
D10,2017-07-18,7530504.19,10406676.19,-2908.24
D20,2017-07-18,6304159.23,10616833.23,2930.66
D10,2017-07-19,7530829.91,10419661.91,12985.72
D20,2017-07-19,6304431.91,10637622.91,20789.68
D10,2017-07-20,7531167.6,10428959.6,9297.69
D20,2017-07-20,6304714.61,10645833.61,8210.7
D10,2017-07-21,7531508.3,10438611.3,9651.7
D20,2017-07-21,6304999.82,10649839.82,4006.21
D10,2017-07-24,7531852.0,10439544.0,932.7
D20,2017-07-24,6305287.55,10631325.55,-18514.27
D10,2017-07-25,7532198.7,10450501.7,10957.7
D20,2017-07-25,6305577.79,10670128.79,38803.24
D10,2017-07-26,7532530.48,10474051.48,23549.78
D20,2017-07-26,6305855.54,10702280.54,32151.75
D10,2017-07-27,7532856.29,10466193.29,-7858.19
D20,2017-07-27,6306128.29,10720456.29,18175.75
D10,2017-07-28,7533173.15,10454710.15,-11483.14
D20,2017-07-28,6306393.55,10671707.55,-48748.74
D10,2017-07-31,7533487.03,10444315.03,-10395.12
D20,2017-07-31,6306656.31,10653340.31,-18367.23
D10,2017-08-01,7533803.92,10446425.92,2110.88
D20,2017-08-01,6306921.59,10656030.59,2690.28
D10,2017-08-02,7534120.81,10428398.81,-18027.1
D20,2017-08-02,6307186.89,10630994.89,-25035.71
D10,2017-08-03,7534437.72,10434613.72,6214.91
D20,2017-08-03,6307452.19,10637876.19,6881.3
D10,2017-08-04,7534754.65,10434060.65,-553.08
D20,2017-08-04,6307717.5,10623874.5,-14001.69
D10,2017-08-07,7535056.64,10449836.64,15775.99
D20,2017-08-07,6307970.31,10632192.31,8317.81
D10,2017-08-08,7535367.61,10435903.61,-13933.03
D20,2017-08-08,6308230.64,10612670.64,-19521.67
D10,2017-08-09,7535678.59,10429827.59,-6076.02
D20,2017-08-09,6308490.98,10593679.98,-18990.66
D10,2017-08-10,7535986.6,10397130.6,-32696.99
D20,2017-08-10,6308748.83,10556017.83,-37662.15
D10,2017-08-11,7536288.64,10401686.64,4556.04
D20,2017-08-11,6309001.68,10560142.68,4124.85
D10,2017-08-14,7536590.68,10435929.68,34243.05
D20,2017-08-14,6309254.54,10584416.54,24273.86
D10,2017-08-15,7536895.74,10462189.74,26260.05
D20,2017-08-15,6309509.91,10604209.91,19793.37
D10,2017-08-16,7537194.82,10454515.82,-7673.92
D20,2017-08-16,6309760.29,10607347.29,3137.38
D10,2017-08-17,7537487.93,10412984.93,-41530.89
D20,2017-08-17,6310005.67,10555899.67,-51447.62
D10,2017-08-18,7537787.04,10398179.04,-14805.89
D20,2017-08-18,6310256.07,10530023.07,-25876.6
D10,2017-08-21,7538083.17,10398408.17,229.13
D20,2017-08-21,6310503.97,10548531.97,18508.9
D10,2017-08-22,7538379.31,10412798.31,14390.14
D20,2017-08-22,6310751.88,10565396.88,16864.91
D10,2017-08-23,7538672.47,10414432.47,1634.16
D20,2017-08-23,6310997.3,10561914.3,-3482.58
D10,2017-08-24,7538971.62,10412101.62,-2330.85
D20,2017-08-24,6311247.74,10554611.74,-7302.56
D10,2017-08-25,7539273.78,10416362.78,4261.16
D20,2017-08-25,6311500.69,10570054.69,15442.95
D10,2017-08-28,7539563.98,10408877.98,-7484.8
D20,2017-08-28,6311743.63,10582497.63,12442.94
D10,2017-08-29,7539866.16,10406940.16,-1937.82
D20,2017-08-29,6311996.6,10576349.6,-6148.03
D10,2017-08-30,7540168.35,10424408.35,17468.19
D20,2017-08-30,6312249.58,10590956.58,14606.98
D10,2017-08-31,7540464.57,10451768.57,27360.22
D20,2017-08-31,6312497.56,10608986.56,18029.98
D10,2017-09-01,7540763.8,10464896.8,13128.22
D20,2017-09-01,6312748.06,10634364.06,25377.5
D10,2017-09-05,7541066.03,10447838.03,-17058.77
D20,2017-09-05,6313001.07,10613539.07,-20824.99
D10,2017-09-06,7541380.24,10454620.24,6782.21
D20,2017-09-06,6313264.11,10618135.11,4596.04
D10,2017-09-07,7541688.48,10453852.48,-767.76
D20,2017-09-07,6313522.15,10599590.15,-18544.96
D10,2017-09-08,7541993.74,10429578.74,-24273.74
D20,2017-09-08,6313777.7,10567728.7,-31861.45
D10,2017-09-11,7542304.99,10464558.99,34980.26
D20,2017-09-11,6314038.27,10581355.27,13626.57
D10,2017-09-12,7542610.28,10469502.28,4943.28
D20,2017-09-12,6314293.84,10592881.84,11526.57
D10,2017-09-13,7542915.57,10459448.57,-10053.7
D20,2017-09-13,6314549.42,10584422.42,-8459.42
D10,2017-09-14,7543223.87,10459926.87,478.3
D20,2017-09-14,6314807.51,10582753.51,-1668.91
D10,2017-09-15,7543532.19,10469706.19,9779.31
D20,2017-09-15,6315065.62,10588024.62,5271.11
D10,2017-09-18,7543843.51,10491571.51,21865.32
D20,2017-09-18,6315326.24,10610483.24,22458.62
D10,2017-09-19,7544151.85,10493613.85,2042.34
D20,2017-09-19,6315584.36,10612537.36,2054.13
D10,2017-09-20,7544457.21,10518158.21,24544.36
D20,2017-09-20,6315840.0,10623596.0,11058.63
D10,2017-09-21,7544762.58,10490168.58,-27989.63
D20,2017-09-21,6316095.64,10602252.64,-21343.36
D10,2017-09-22,7545064.97,10489906.97,-261.61
D20,2017-09-22,6316348.78,10613956.78,11704.15
D10,2017-09-25,7545376.35,10471263.35,-18643.62
D20,2017-09-25,6316609.46,10625983.46,12026.67
D10,2017-09-26,7545690.74,10461558.74,-9704.61
D20,2017-09-26,6316872.65,10605796.65,-20186.81
D10,2017-09-27,7546005.15,10445416.15,-16142.6
D20,2017-09-27,6317135.85,10575571.85,-30224.8
D10,2017-09-28,7546316.57,10451722.57,6306.42
D20,2017-09-28,6317396.56,10578526.56,2954.71
D10,2017-09-29,7546628.0,10458131.0,6408.44
D20,2017-09-29,6317657.28,10578871.28,344.72
D10,2017-10-02,7546927.47,10455024.47,-3106.53
D20,2017-10-02,6317907.98,10587171.98,8300.7
D10,2017-10-03,7547241.93,10488151.93,33127.46
D20,2017-10-03,6318171.22,10629918.22,42746.25
D10,2017-10-04,7547559.39,10483284.39,-4867.54
D20,2017-10-04,6318436.99,10619717.99,-10200.24
D10,2017-10-05,7547873.87,10490206.87,6922.48
D20,2017-10-05,6318700.26,10625237.26,5519.27
D10,2017-10-06,7548188.37,10490756.37,549.49
D20,2017-10-06,6318963.54,10617244.54,-7992.72
D10,2017-10-09,7548502.88,10496522.88,5766.51
D20,2017-10-09,6319226.83,10616623.83,-620.71
D10,2017-10-10,7548820.39,10511228.39,14705.52
D20,2017-10-10,6319492.63,10632204.63,15580.81
D10,2017-10-11,7549143.91,10523925.91,12697.52
D20,2017-10-11,6319763.47,10636435.47,4230.84
D10,2017-10-12,7549464.45,10537774.45,13848.54
D20,2017-10-12,6320031.81,10648158.81,11723.34
D10,2017-10-13,7549785.01,10548194.01,10419.55
D20,2017-10-13,6320300.16,10659352.16,11193.35
D10,2017-10-16,7550111.56,10556181.56,7987.56
D20,2017-10-16,6320573.54,10668737.54,9385.38
D10,2017-10-17,7550432.14,10547322.14,-8859.42
D20,2017-10-17,6320841.91,10661068.91,-7668.63
D10,2017-10-18,7550752.74,10536415.74,-10906.41
D20,2017-10-18,6321110.3,10642863.3,-18205.62
D10,2017-10-19,7551076.34,10539417.34,3001.6
D20,2017-10-19,6321381.2,10652540.2,9676.9
D10,2017-10-20,7551402.95,10517328.95,-22088.39
D20,2017-10-20,6321654.63,10641255.63,-11284.58
D10,2017-10-23,7551726.59,10522649.59,5320.63
D20,2017-10-23,6321925.55,10613833.55,-27422.07
D10,2017-10-24,7552056.23,10521572.23,-1077.36
D20,2017-10-24,6322201.51,10598480.51,-15353.04
D10,2017-10-25,7552385.88,10446687.88,-74884.35
D20,2017-10-25,6322477.48,10521713.48,-76767.03
D10,2017-10-26,7552712.55,10439015.05,-7672.83
D20,2017-10-26,6322750.95,10516616.95,-5096.53
D10,2017-10-27,7592984.95,10428242.95,-10772.1
D20,2017-10-27,6374160.12,10492714.12,-23902.83
D10,2017-10-30,7593316.39,10374532.39,-53710.56
D20,2017-10-30,6374438.36,10447974.36,-44739.76
D10,2017-10-31,7593656.88,10391220.38,16687.99
D20,2017-10-31,6374724.19,10458792.19,10817.84
D10,2017-11-01,7594006.43,10394365.43,3145.05
D20,2017-11-01,6375017.63,10462551.63,3759.44
D10,2017-11-02,7594352.98,10387772.98,-6592.45
D20,2017-11-02,6375308.56,10464945.56,2393.92
D10,2017-11-03,7594702.57,10412194.57,24421.58
D20,2017-11-03,6375602.02,10479650.02,14704.47
D10,2017-11-06,7595055.18,10425002.18,12807.61
D20,2017-11-06,6375898.03,10502759.03,23109.01
D10,2017-11-07,7595416.85,10443165.85,18163.67
D20,2017-11-07,6376201.65,10523352.65,20593.61
D10,2017-11-08,7595781.55,10450215.55,7049.7
D20,2017-11-08,6376507.81,10532251.81,8899.16
D10,2017-11-09,7596149.28,10414160.28,-36055.27
D20,2017-11-09,6376816.51,10492723.51,-39528.3
D10,2017-11-10,7596514.01,10435590.01,21429.74
D20,2017-11-10,6377122.7,10529773.7,37050.19
D10,2017-11-13,7596881.78,10448793.78,13203.77
D20,2017-11-13,6377431.43,10527856.43,-1917.27
D10,2017-11-14,7597255.6,10462760.6,13966.81
D20,2017-11-14,6377745.24,10523448.24,-4408.19
D10,2017-11-15,7597626.42,10454441.42,-8319.18
D20,2017-11-15,6378056.54,10518528.54,-4919.71
D10,2017-11-16,7598003.28,10485005.28,30563.87
D20,2017-11-16,6378372.91,10548786.91,30258.37
D10,2017-11-17,7316219.07,10483819.07,-1186.21
D20,2017-11-17,6365241.16,10552476.16,3689.25
D10,2017-11-20,7316590.69,10482221.69,-1597.38
D20,2017-11-20,6365564.47,10543441.47,-9034.69
D10,2017-11-21,7316962.33,10494789.33,12567.64
D20,2017-11-21,6365887.8,10548214.8,4773.33
D10,2017-11-22,7317331.08,10484479.08,-10310.25
D20,2017-11-22,6366208.62,10549327.62,1112.82
D10,2017-11-24,7317696.95,10496814.95,12335.87
D20,2017-11-24,6366526.93,10555086.93,5759.31
D10,2017-11-27,7318059.93,10501487.93,4672.98
D20,2017-11-27,6366842.73,10562559.73,7472.8
D10,2017-11-28,7318431.64,10510745.64,9257.71
D20,2017-11-28,6367166.13,10594906.13,32346.4
D10,2017-11-29,7318800.46,10500844.46,-9901.17
D20,2017-11-29,6367487.01,10602212.01,7305.88
D10,2017-11-30,7319163.5,10517947.5,17103.04
D20,2017-11-30,6367802.86,10620509.86,18297.85
D10,2017-12-01,7319526.55,10524794.55,6847.05
D20,2017-12-01,6368118.72,10629141.72,8631.86
D10,2017-12-04,7319898.34,10496170.34,-28624.21
D20,2017-12-04,6368442.18,10644588.18,15446.46
D10,2017-12-05,7320270.14,10485509.14,-10661.2
D20,2017-12-05,6368765.66,10607753.66,-36834.52
D10,2017-12-06,7320641.97,10501286.97,15777.82
D20,2017-12-06,6369089.15,10606237.15,-1516.51
D10,2017-12-07,7321010.9,10477846.9,-23440.06
D20,2017-12-07,6369410.13,10596604.13,-9633.02
D10,2017-12-08,7321376.95,10481633.95,3787.05
D20,2017-12-08,6369728.6,10590785.6,-5818.53
D10,2017-12-11,7321757.55,10505478.55,23844.6
D20,2017-12-11,6370059.73,10607983.73,17198.12
D10,2017-12-12,7322141.07,10500655.07,-4823.48
D20,2017-12-12,6370393.4,10613983.4,5999.67
D10,2017-12-13,7322512.99,10517062.99,16407.92
D20,2017-12-13,6370716.97,10640345.97,26362.58
D10,2017-12-14,7322890.74,10518633.74,1570.75
D20,2017-12-14,6371045.62,10651741.62,11395.65
D10,2017-12-15,7323265.6,10536515.6,17881.86
D20,2017-12-15,6371371.76,10670111.76,18370.14
D10,2017-12-18,7323660.82,10554671.82,18156.22
D20,2017-12-18,6371715.61,10710307.61,40195.85
D10,2017-12-19,7324053.16,10552397.16,-2274.66
D20,2017-12-19,6372056.95,10711203.95,896.34
D10,2017-12-20,7324448.43,10548302.43,-4094.73
D20,2017-12-20,6372400.84,10690016.84,-21187.11
D10,2017-12-21,7324835.0,10526060.0,-22242.43
D20,2017-12-21,6372737.16,10675811.16,-14205.68
D10,2017-12-22,7325215.77,10516376.77,-9683.22
D20,2017-12-22,6373068.44,10667338.44,-8472.72
D10,2017-12-26,7325637.26,10519286.26,2909.49
D20,2017-12-26,6373435.15,10673126.15,5787.7
D10,2017-12-27,7326050.06,10525241.06,5954.79
D20,2017-12-27,6373794.29,10675514.29,2388.14
D10,2017-12-28,7326448.34,10525124.34,-116.72
D20,2017-12-28,6374140.8,10667764.8,-7749.49
D10,2017-12-29,7326846.64,10512102.64,-13021.7
D20,2017-12-29,6374487.33,10652576.33,-15188.47
D10,2018-01-02,7327259.5,10517174.5,5071.86
D20,2018-01-02,6374846.52,10701286.52,48710.2
D10,2018-01-03,7327663.66,10544886.66,27712.16
D20,2018-01-03,6375198.15,10721959.15,20672.63
D10,2018-01-04,7328067.85,10587714.85,42828.18
D20,2018-01-04,6375549.8,10768520.8,46561.65
D10,2018-01-05,7328466.24,10587830.24,115.39
D20,2018-01-05,6375896.41,10769493.41,972.61
D10,2018-01-08,7328882.1,10603669.1,15838.86
D20,2018-01-08,6376258.22,10770249.22,755.81
D10,2018-01-09,7329295.08,10586981.08,-16688.02
D20,2018-01-09,6376617.51,10752852.51,-17396.7
D10,2018-01-10,7329702.26,10584974.26,-2006.82
D20,2018-01-10,6376971.77,10766911.27,14058.76
D10,2018-01-11,7330112.38,10608447.38,23473.11
D20,2018-01-11,6377328.58,10806152.58,39241.31
D10,2018-01-12,7330522.51,10621148.51,12701.14
D20,2018-01-12,6377685.4,10835069.4,28916.83
D10,2018-01-16,7330938.49,10623991.49,2842.98
D20,2018-01-16,6378047.31,10819202.31,-15867.09
D10,2018-01-17,7331351.58,10655896.58,31905.09
D20,2018-01-17,6378406.71,10834807.71,15605.4
D10,2018-01-18,7331767.61,10650326.61,-5569.97
D20,2018-01-18,6378768.66,10815192.66,-19615.05
D10,2018-01-19,7332180.75,10676003.75,25677.14
D20,2018-01-19,6379128.1,10839772.1,24579.44
D10,2018-01-22,7332596.82,10703725.82,27722.07
D20,2018-01-22,6379490.09,10865558.09,25785.99
D10,2018-01-23,7333010.01,10698229.01,-5496.81
D20,2018-01-23,6379849.57,10877835.57,12277.48
D10,2018-01-24,7333420.31,10691428.31,-6800.7
D20,2018-01-24,6380206.53,10888916.53,11080.97
D10,2018-01-25,7333827.72,10686257.72,-5170.59
D20,2018-01-25,6380560.99,10860400.99,-28515.54
D10,2018-01-26,7334232.24,10751374.24,65116.52
D20,2018-01-26,6380912.93,10930399.93,69998.94
D10,2018-01-29,7334648.43,10733912.43,-17461.81
D20,2018-01-29,6381275.02,10901410.02,-28989.91
D10,2018-01-30,7335061.73,10691693.73,-42218.7
D20,2018-01-30,6381634.6,10850457.6,-50952.42
D10,2018-01-31,7335480.88,10735630.88,43937.15
D20,2018-01-31,6381999.27,10891512.27,41054.66
D10,2018-02-01,7335905.87,10694679.87,-40951.01
D20,2018-02-01,6382369.02,10865988.02,-25524.25
D10,2018-02-02,7336330.89,10613950.89,-80728.98
D20,2018-02-02,6382738.79,10761665.79,-104322.23
D10,2018-02-05,7336764.66,10480960.66,-132990.22
D20,2018-02-05,6383116.18,10581064.18,-180601.61
D10,2018-02-06,7337201.38,10496223.38,15262.71
D20,2018-02-06,6383496.13,10620177.13,39112.95
D10,2018-02-07,7337646.85,10486567.85,-9655.53
D20,2018-02-07,6383883.7,10598645.7,-21531.43
D10,2018-02-08,7338092.35,10381063.35,-105504.5
D20,2018-02-08,6384271.29,10456201.29,-142444.41
D10,2018-02-09,7338537.88,10399216.88,18153.53
D20,2018-02-09,6384658.91,10490884.91,34683.62
D10,2018-02-12,7339006.73,10447814.73,48597.85
D20,2018-02-12,6385066.82,10547861.82,56976.91
D10,2018-02-13,7339463.96,10452313.96,4499.23
D20,2018-02-13,6385464.62,10556511.62,8649.8
D10,2018-02-14,7339918.31,10465902.31,13588.35
D20,2018-02-14,6385859.91,10620327.91,63816.29
D10,2018-02-15,7340372.68,10517770.68,51868.38
D20,2018-02-15,6386255.22,10667847.22,47519.32
D10,2018-02-16,7340835.82,10518014.82,244.14
D20,2018-02-16,6386658.17,10670684.17,2836.94
D10,2018-02-20,7341313.56,10495724.56,-22290.26
D20,2018-02-20,6387073.81,10632495.81,-38188.36
D10,2018-02-21,7341785.5,10450026.5,-45698.06
D20,2018-02-21,6387484.4,10586884.4,-45611.4
D10,2018-02-22,7342254.56,10464941.56,14915.06
D20,2018-02-22,6387892.49,10583293.49,-3590.91
D10,2018-02-23,7342723.65,10504534.65,39593.09
D20,2018-02-23,6388300.61,10650294.61,67001.12
D10,2018-02-26,7343204.42,10545135.42,40600.77
D20,2018-02-26,6388718.89,10712711.89,62417.28
D10,2018-02-27,7343682.31,10519474.31,-25661.11
D20,2018-02-27,6389134.66,10641901.66,-70810.23
D10,2018-02-28,7344157.32,10478092.32,-41381.99
D20,2018-02-28,6389547.93,10586098.93,-55802.73
D10,2018-03-01,7344623.62,10454266.62,-23825.7
D20,2018-03-01,6389953.62,10556986.62,-29112.31
D10,2018-03-02,7345095.77,10466489.77,12223.15
D20,2018-03-02,6390364.4,10566704.4,9717.78
D10,2018-03-05,7345582.53,10491397.53,24907.76
D20,2018-03-05,6390787.89,10612579.89,45875.49
D10,2018-03-06,7346063.49,10481638.49,-9759.04
D20,2018-03-06,6391206.33,10626672.33,14092.44
D10,2018-03-07,7346544.48,10492835.48,11196.99
D20,2018-03-07,6391624.8,10605677.8,-20994.53
D10,2018-03-08,7347022.59,10517211.59,24376.11
D20,2018-03-08,6392040.77,10627917.77,22239.96
D10,2018-03-09,7347500.73,10528066.73,10855.14
D20,2018-03-09,6392456.76,10652192.76,24274.99
D10,2018-03-12,7347990.57,10511944.57,-16122.17
D20,2018-03-12,6392882.92,10648492.92,-3699.84
D10,2018-03-13,7348486.26,10540870.26,28925.7
D20,2018-03-13,6393314.19,10654014.19,5521.27
D10,2018-03-14,7348990.74,10499053.74,-41816.52
D20,2018-03-14,6393753.09,10604553.09,-49461.09
D10,2018-03-15,7349498.17,10504176.17,5122.43
D20,2018-03-15,6394194.56,10595365.56,-9187.53
D10,2018-03-16,7350008.55,10505196.55,1020.38
D20,2018-03-16,6394638.61,10593122.61,-2242.96
D10,2018-03-19,7350524.81,10474149.81,-31046.75
D20,2018-03-19,6395087.75,10556860.75,-36261.85
D10,2018-03-20,7351044.01,10429029.01,-45120.8
D20,2018-03-20,6395539.47,10507292.47,-49568.28
D10,2018-03-21,7351542.83,10419511.83,-9517.18
D20,2018-03-21,6395973.45,10511886.45,4593.98
D10,2018-03-22,7352035.85,10366809.85,-52701.98
D20,2018-03-22,6396402.39,10436834.39,-75052.06
D10,2018-03-23,7352534.74,10305696.74,-61113.11
D20,2018-03-23,6396836.43,10373404.43,-63429.96
D10,2018-03-26,7353048.25,10337973.25,32276.51
D20,2018-03-26,6397283.19,10439552.19,66147.76
D10,2018-03-27,7353555.96,10323751.96,-14221.29
D20,2018-03-27,6397724.91,10408902.91,-30649.28
D10,2018-03-28,7354052.03,10334819.03,11067.07
D20,2018-03-28,6398156.5,10411107.5,2204.59
D10,2018-03-29,7354548.14,10354612.14,19793.11
D20,2018-03-29,6398588.13,10450672.13,39564.62
D10,2018-04-02,7355055.95,10287317.95,-67294.19
D20,2018-04-02,6399029.93,10373420.93,-77251.19
D10,2018-04-03,7355557.96,10313701.96,26384.01
D20,2018-04-03,6399466.69,10405081.69,31660.76
D10,2018-04-04,7356048.34,10359983.34,46281.37
D20,2018-04-04,6399893.32,10455356.32,50274.63
D10,2018-04-05,7356541.66,10368952.66,8969.32
D20,2018-04-05,6400322.52,10485735.52,30379.2
D10,2018-04-06,7357037.93,10322090.93,-46861.73
D20,2018-04-06,6400754.29,10426579.29,-59156.23
D10,2018-04-09,7357543.0,10316137.0,-5953.93
D20,2018-04-09,6401193.71,10403653.71,-22925.58
D10,2018-04-10,7358042.26,10358756.26,42619.26
D20,2018-04-10,6401628.07,10476115.07,72461.37
D10,2018-04-11,7358538.64,10345345.64,-13410.62
D20,2018-04-11,6402059.93,10472186.93,-3928.14
D10,2018-04-12,7359040.89,10359353.89,14008.25
D20,2018-04-12,6402496.9,10487962.9,15775.97
D10,2018-04-13,7359546.09,10368914.09,9560.2
D20,2018-04-13,6402936.43,10507341.43,19378.54
D10,2018-04-16,7360060.09,10395327.09,26413.0
D20,2018-04-16,6403383.62,10524925.62,17584.19
D10,2018-04-17,7360577.05,10420838.05,25510.96
D20,2018-04-17,6403833.38,10564398.38,39472.76
D10,2018-04-18,7361096.96,10410708.96,-10129.09
D20,2018-04-18,6404285.72,10530931.72,-33466.67
D10,2018-04-19,7361619.83,10374432.83,-36276.13
D20,2018-04-19,6404740.62,10505690.62,-25241.09
D10,2018-04-20,7362139.82,10355852.82,-18580.01
D20,2018-04-20,6405193.02,10494645.02,-11045.6
D10,2018-04-23,7362677.37,10351199.37,-4653.45
D20,2018-04-23,6405660.7,10481933.7,-12711.32
D10,2018-04-24,7363214.96,10329457.96,-21741.41
D20,2018-04-24,6406128.42,10456938.42,-24995.29
D10,2018-04-25,7363746.75,10303137.75,-26320.21
D20,2018-04-25,6406591.08,10432009.08,-24929.34
D10,2018-04-26,7364269.81,10365525.81,62388.06
D20,2018-04-26,6407046.15,10468644.15,36635.07
D10,2018-04-27,7402649.66,10377121.66,11595.85
D20,2018-04-27,6457954.28,10489942.28,21298.12
D10,2018-04-30,7403190.17,10363449.17,-13672.49
D20,2018-04-30,6458425.81,10463827.81,-26114.47
D10,2018-05-01,7403724.85,10352972.85,-10476.33
D20,2018-05-01,6458892.25,10456184.25,-7643.56
D10,2018-05-02,7404256.62,10280080.62,-72892.22
D20,2018-05-02,6459356.17,10401400.17,-54784.09
D10,2018-05-03,7404785.5,10253249.5,-26831.12
D20,2018-05-03,6459817.55,10379796.55,-21603.62
D10,2018-05-04,7405314.41,10312227.41,58977.91
D20,2018-05-04,6460278.97,10436461.97,56665.42
D10,2018-05-07,7405852.18,10326395.18,14167.77
D20,2018-05-07,6460748.1,10461614.1,25152.14
D10,2018-05-08,7406392.92,10309829.92,-16565.26
D20,2018-05-08,6461219.84,10453929.84,-7684.26
D10,2018-05-09,7406936.65,10336943.65,27113.72
D20,2018-05-09,6461694.18,10488732.18,34802.34
D10,2018-05-10,7407483.35,10368629.35,31685.7
D20,2018-05-10,6462171.11,10530997.11,42264.93
D10,2018-05-11,7408035.97,10381303.97,12674.62
D20,2018-05-11,6462653.21,10541117.21,10120.1
D10,2018-05-14,7408594.51,10378746.51,-2557.46
D20,2018-05-14,6463140.47,10544079.47,2962.26
D10,2018-05-15,7409150.16,10366955.16,-11791.36
D20,2018-05-15,6463625.21,10523016.21,-21063.26
D10,2018-05-16,7409702.9,10384025.9,17070.75
D20,2018-05-16,6464107.42,10549677.42,26661.21
D10,2018-05-17,7410255.69,10399077.69,15051.79
D20,2018-05-17,6464589.66,10556704.66,7027.24
D10,2018-05-18,7410805.58,10406985.58,7907.89
D20,2018-05-18,6465069.37,10554351.37,-2353.29
D10,2018-05-21,7411364.33,10428855.33,21869.75
D20,2018-05-21,6465556.82,10576166.82,21815.45
D10,2018-05-22,7411923.12,10423397.12,-5458.21
D20,2018-05-22,6466044.3,10563273.3,-12893.52
D10,2018-05-23,7412476.08,10439067.08,15669.95
D20,2018-05-23,6466526.69,10565153.69,1880.39
D10,2018-05-24,7413026.13,10442112.13,3045.05
D20,2018-05-24,6467006.55,10572973.55,7819.86
D10,2018-05-25,7413573.28,10450513.28,8401.15
D20,2018-05-25,6467483.87,10570142.87,-2830.67
D10,2018-05-29,7414132.24,10442892.24,-7621.04
D20,2018-05-29,6467971.5,10521867.5,-48275.37
D10,2018-05-30,7414691.24,10483506.24,40614.0
D20,2018-05-30,6468459.16,10569207.16,47339.66
D10,2018-05-31,7415247.34,10450351.34,-33154.9
D20,2018-05-31,6468944.3,10529662.3,-39544.87
D10,2018-06-01,7415800.55,10487764.55,37413.2
D20,2018-06-01,6469426.9,10559730.9,30068.6
D10,2018-06-04,7416362.62,10514105.62,26341.07
D20,2018-06-04,6469917.24,10577473.24,17742.34
D10,2018-06-05,7416924.73,10511853.73,-2251.89
D20,2018-06-05,6470407.62,10578049.62,576.38
D10,2018-06-06,7417486.89,10553188.89,41335.16
D20,2018-06-06,6470898.04,10629648.04,51598.42
D10,2018-06-07,7418046.14,10535226.14,-17962.75
D20,2018-06-07,6471385.92,10620225.92,-9422.11
D10,2018-06-08,7418602.49,10580033.49,44807.35
D20,2018-06-08,6471871.28,10664089.28,43863.35
D10,2018-06-11,7419164.78,10602179.78,22146.28
D20,2018-06-11,6472361.8,10688879.8,24790.53
D10,2018-06-12,7419721.21,10611148.21,8968.44
D20,2018-06-12,6472847.23,10690345.23,1465.43
D10,2018-06-13,7420280.64,10619639.64,8491.42
D20,2018-06-13,6473335.26,10698050.26,7705.03
D10,2018-06-14,7420840.1,10590437.1,-29202.53
D20,2018-06-14,6473823.33,10681919.33,-16130.93
D10,2018-06-15,7421399.61,10621073.61,30636.51
D20,2018-06-15,6474311.44,10687049.44,5130.11
D10,2018-06-18,7421962.11,10618744.11,-2329.51
D20,2018-06-18,6474802.15,10677350.15,-9699.29
D10,2018-06-19,7422524.64,10613878.64,-4865.46
D20,2018-06-19,6475292.9,10661846.9,-15503.25
D10,2018-06-20,7423084.28,10574196.28,-39682.37
D20,2018-06-20,6475781.12,10627767.12,-34079.78
D10,2018-06-21,7423643.95,10543107.95,-31088.32
D20,2018-06-21,6476269.37,10575574.37,-52192.75
D10,2018-06-22,7424200.73,10571332.73,28224.77
D20,2018-06-22,6476755.09,10605427.09,29852.72
D10,2018-06-25,7424760.49,10544773.49,-26559.24
D20,2018-06-25,6477243.42,10555564.42,-49862.67
D10,2018-06-26,7425320.29,10551886.29,7112.8
D20,2018-06-26,6477731.78,10573487.78,17923.36
D10,2018-06-27,7425877.19,10510475.19,-41411.1
D20,2018-06-27,6478217.61,10532862.61,-40625.17
D10,2018-06-28,7426434.13,10531172.13,20696.94
D20,2018-06-28,6478703.48,10564159.48,31296.87
D10,2018-06-29,7426991.12,10525396.12,-5776.02
D20,2018-06-29,6479189.38,10558060.38,-6099.1
D10,2018-07-02,7427565.82,10543962.82,18566.71
D20,2018-07-02,6479690.74,10563283.74,5223.37
D10,2018-07-03,7428137.63,10536789.63,-7173.2
D20,2018-07-03,6480189.58,10553030.58,-10253.17
D10,2018-07-05,7428703.58,10584047.58,47257.95
D20,2018-07-05,6480683.31,10616907.31,63876.73
D10,2018-07-06,7429272.53,10624277.53,40229.94
D20,2018-07-06,6481179.64,10648707.64,31800.34
D10,2018-07-09,7429847.41,10628245.41,3967.88
D20,2018-07-09,6481681.16,10675834.16,27126.52
D10,2018-07-10,7430422.34,10677222.34,48976.93
D20,2018-07-10,6482182.72,10703574.72,27740.56
D10,2018-07-11,7430991.41,10659554.41,-17667.92
D20,2018-07-11,6482679.18,10683568.18,-20006.55
D10,2018-07-12,7431563.48,10672221.48,12667.07
D20,2018-07-12,6483178.24,10696382.24,12814.06
D10,2018-07-13,7432135.59,10676868.59,4647.11
D20,2018-07-13,6483677.34,10699687.34,3305.1
D10,2018-07-16,7432719.55,10683126.55,6257.95
D20,2018-07-16,6484186.77,10705633.77,5946.43
D10,2018-07-17,7433303.55,10718614.55,35488.0
D20,2018-07-17,6484696.24,10735947.24,30313.47
D10,2018-07-18,7433881.69,10717388.69,-1225.85
D20,2018-07-18,6485200.61,10743366.61,7419.37
D10,2018-07-19,7434459.88,10704293.88,-13094.81
D20,2018-07-19,6485705.01,10725075.01,-18291.6
D10,2018-07-20,7435035.17,10699648.17,-4645.71
D20,2018-07-20,6486206.88,10719518.88,-5556.13
D10,2018-07-23,7435613.45,10693032.45,-6615.72
D20,2018-07-23,6486711.37,10716843.37,-2675.52
D10,2018-07-24,7436197.68,10688317.68,-4714.77
D20,2018-07-24,6487221.04,10723160.04,6316.67
D10,2018-07-25,7436779.0,10704403.0,16085.32
D20,2018-07-25,6487728.17,10744013.17,20853.14
D10,2018-07-26,7437354.46,10800444.46,96041.47
D20,2018-07-26,6488230.2,10827943.2,83930.03
D10,2018-07-27,7437932.93,10820211.93,19767.46
D20,2018-07-27,6488734.84,10840272.84,12329.64
D10,2018-07-30,7438526.19,10831799.19,11587.26
D20,2018-07-30,6489252.39,10855400.39,15127.55
D10,2018-07-31,7439113.6,10828338.6,-3460.59
D20,2018-07-31,6489764.84,10855938.84,538.44
D10,2018-08-01,7439701.05,10819118.05,-9220.55
D20,2018-08-01,6490277.32,10842570.32,-13368.51
D10,2018-08-02,7440285.6,10839073.6,19955.55
D20,2018-08-02,6490787.27,10854953.27,12382.95
D10,2018-08-03,7440867.24,10866041.24,26967.64
D20,2018-08-03,6491294.69,10889265.69,34312.41
D10,2018-08-06,7441463.69,10912306.69,46265.45
D20,2018-08-06,6491815.02,10931063.02,41797.33
D10,2018-08-07,7442060.19,10904496.19,-7810.5
D20,2018-08-07,6492335.4,10934277.4,3214.38
D10,2018-08-08,7442656.73,10902235.73,-2260.45
D20,2018-08-08,6492855.82,10919482.82,-14794.58
D10,2018-08-09,7443253.33,10877766.33,-24469.41
D20,2018-08-09,6493376.28,10893147.28,-26335.54
D10,2018-08-10,7443847.02,10866038.02,-11728.31
D20,2018-08-10,6493894.2,10869610.2,-23537.08
D10,2018-08-13,7444446.66,10880424.66,14386.64
D20,2018-08-13,6494417.32,10851024.32,-18585.88
D10,2018-08-14,7445049.31,10893116.31,12691.65
D20,2018-08-14,6494943.06,10857614.06,6589.74
D10,2018-08-15,7445649.05,10895399.05,2282.74
D20,2018-08-15,6495466.26,10826579.26,-31034.8
D10,2018-08-16,7446248.83,10911157.83,15758.79
D20,2018-08-16,6495989.51,10841311.51,14732.25
D10,2018-08-17,7446842.76,10946500.76,35342.93
D20,2018-08-17,6496507.64,10875661.64,34350.13
D10,2018-08-20,7447442.65,10962492.65,15991.88
D20,2018-08-20,6497030.97,10885765.97,10104.33
D10,2018-08-21,7448045.53,10972614.53,10121.89
D20,2018-08-21,6497556.92,10900378.92,14612.95
D10,2018-08-22,7448651.43,10976655.43,4040.89
D20,2018-08-22,6498085.49,10905991.49,5612.57
D10,2018-08-23,7449254.41,11019449.41,42793.99
D20,2018-08-23,6498611.53,10934754.53,28763.04
D10,2018-08-24,7449860.4,11082177.4,62727.99
D20,2018-08-24,6499140.18,10983603.18,48848.66
D10,2018-08-27,7450475.31,11121857.31,39679.91
D20,2018-08-27,6499676.62,11030087.62,46484.44
D10,2018-08-28,7451093.23,11099171.23,-22686.08
D20,2018-08-28,6500215.68,11007249.68,-22837.94
D10,2018-08-29,7451711.2,11114437.2,15265.97
D20,2018-08-29,6500754.79,11015293.79,8044.11
D10,2018-08-30,7452323.3,11091841.3,-22595.9
D20,2018-08-30,6501288.78,10981824.78,-33469.01
D10,2018-08-31,7452935.46,11099147.46,7306.16
D20,2018-08-31,6501822.81,10987917.81,6093.03
D10,2018-09-04,7453553.58,11187550.58,88403.12
D20,2018-09-04,6502362.05,11046591.05,58673.24
D10,2018-09-05,7454174.71,11222384.71,34834.13
D20,2018-09-05,6502903.91,11071600.91,25009.86
D10,2018-09-06,7454792.93,11195924.93,-26459.78
D20,2018-09-06,6503443.24,11048633.24,-22967.67
D10,2018-09-07,7455414.16,11178293.16,-17631.77
D20,2018-09-07,6503985.19,11038612.19,-10021.05
D10,2018-09-10,7456038.4,11281707.4,103414.24
D20,2018-09-10,6504529.77,11111328.77,72716.58
D10,2018-09-11,7456662.7,11290597.7,8890.3
D20,2018-09-11,6505074.4,11103548.4,-7780.37
D10,2018-09-12,7457290.01,11381212.01,90614.31
D20,2018-09-12,6505621.65,11206236.65,102688.25
D10,2018-09-13,7457914.41,11333342.41,-47869.6
D20,2018-09-13,6506166.37,11155462.37,-50774.28
D10,2018-09-14,7458541.82,11418159.82,84817.41
D20,2018-09-14,6506713.71,11227679.71,72217.34
D10,2018-09-17,7459172.24,11420654.24,2494.42
D20,2018-09-17,6507263.68,11232663.68,4983.97
D10,2018-09-18,7459802.72,11396504.72,-24149.52
D20,2018-09-18,6507813.7,11218941.7,-13721.98
D10,2018-09-19,7460430.29,11375438.29,-21066.43
D20,2018-09-19,6508361.19,11223828.19,4886.48
D10,2018-09-20,7461060.88,11414420.88,38982.58
D20,2018-09-20,6508911.3,11259254.3,35426.11
D10,2018-09-21,7461694.47,11413052.47,-1368.4
D20,2018-09-21,6509464.04,11250327.04,-8927.26
D10,2018-09-24,7462339.97,11430064.97,17012.5
D20,2018-09-24,6510027.16,11260304.16,9977.12
D10,2018-09-25,7462982.56,11416918.56,-13146.41
D20,2018-09-25,6510587.74,11248318.74,-11985.41
D10,2018-09-26,7463622.24,11402737.24,-14181.32
D20,2018-09-26,6511145.79,11221921.79,-26396.95
D10,2018-09-27,7464256.06,11414427.06,11689.82
D20,2018-09-27,6511698.73,11238120.73,16198.93
D10,2018-09-28,7464892.89,11368391.89,-46035.17
D20,2018-09-28,6512254.29,11194278.29,-43842.44
D10,2018-10-01,7465541.63,11390675.63,22283.73
D20,2018-10-01,6512820.23,11227661.23,33382.95
D10,2018-10-02,7466190.42,11295174.42,-95501.21
D20,2018-10-02,6513386.23,11184897.23,-42764.0
D10,2018-10-03,7466839.26,11261461.26,-33713.15
D20,2018-10-03,6513952.27,11151967.27,-32929.96
D10,2018-10-04,7467485.2,11224577.2,-36884.06
D20,2018-10-04,6514515.78,11132834.78,-19132.49
D10,2018-10-05,7468131.2,11201862.2,-22715.0
D20,2018-10-05,6515079.34,11116910.34,-15924.44
D10,2018-10-08,7468777.25,11198409.25,-3452.95
D20,2018-10-08,6515642.94,11126161.94,9251.61
D10,2018-10-09,7469432.25,11216981.25,18572.0
D20,2018-10-09,6516214.36,11135073.36,8911.41
D10,2018-10-10,7470093.24,11092986.24,-123995.01
D20,2018-10-10,6516790.99,11009989.99,-125083.37
D10,2018-10-11,7470751.32,11029008.32,-63977.92
D20,2018-10-11,6517365.09,10960673.09,-49316.9
D10,2018-10-12,7471412.42,11090866.42,61858.1
D20,2018-10-12,6517941.82,10997071.82,36398.74
D10,2018-10-15,7472085.44,11094812.44,3946.02
D20,2018-10-15,6518528.95,11012922.95,15851.13
D10,2018-10-16,7472755.56,11208560.56,113748.12
D20,2018-10-16,6519113.55,11109906.55,96983.6
D10,2018-10-17,7473428.7,11203023.7,-5536.86
D20,2018-10-17,6519700.79,11108791.79,-1114.76
D10,2018-10-18,7474101.9,11155158.9,-47864.8
D20,2018-10-18,6520288.08,11066949.08,-41842.71
D10,2018-10-19,7474772.2,11126552.2,-28606.7
D20,2018-10-19,6520872.84,11056171.84,-10777.24
D10,2018-10-22,7475454.42,11155919.42,29367.22
D20,2018-10-22,6521468.0,11059435.0,3263.16
D10,2018-10-23,7476133.73,11169887.73,13968.32
D20,2018-10-23,6522060.62,11075836.62,16401.63
D10,2018-10-24,7476813.11,11102411.11,-67476.62
D20,2018-10-24,6522653.3,10956869.3,-118967.32
D10,2018-10-25,7477492.55,11004951.55,-97459.56
D20,2018-10-25,6523246.03,10864293.03,-92576.27
D10,2018-10-26,7545385.17,10908589.17,-96362.38
D20,2018-10-26,6605994.67,10784551.67,-79741.37
D10,2018-10-29,7546073.84,10901011.84,-7577.33
D20,2018-10-29,6606597.59,10781079.59,-3472.07
D10,2018-10-30,7546759.57,10959626.57,58614.73
D20,2018-10-30,6607197.95,10844120.95,63041.36
D10,2018-10-31,7547445.37,11010624.37,50997.8
D20,2018-10-31,6607798.37,10885615.37,41494.42
D10,2018-11-01,7548125.24,11093407.24,82782.87
D20,2018-11-01,6608393.6,10978376.6,92761.23
D10,2018-11-02,7548808.16,11088498.16,-4909.07
D20,2018-11-02,6608991.5,10964754.5,-13622.1
D10,2018-11-05,7549503.13,11118029.13,29530.97
D20,2018-11-05,6609599.95,10988805.95,24051.45
D10,2018-11-06,7550195.17,11153014.17,34985.04
D20,2018-11-06,6610205.83,11022506.83,33700.88
D10,2018-11-07,7550890.27,11231757.27,78743.1
D20,2018-11-07,6610814.38,11108001.38,85494.56
D10,2018-11-08,7551579.44,11212054.44,-19702.83
D20,2018-11-08,6611417.75,11072701.75,-35299.63
D10,2018-11-09,7552271.66,11207781.66,-4272.77
D20,2018-11-09,6612023.8,11044982.8,-27718.95
D10,2018-11-12,7552963.96,11102523.96,-105257.71
D20,2018-11-12,6612629.9,10932784.9,-112197.9
D10,2018-11-13,7553665.3,11120262.3,17738.35
D20,2018-11-13,6613243.93,10939388.93,6604.03
D10,2018-11-14,7554363.72,11143026.72,22764.41
D20,2018-11-14,6613855.39,10948169.39,8780.46
D10,2018-11-15,7555059.2,11196144.2,53117.48
D20,2018-11-15,6614464.29,11002965.29,54795.89
D10,2018-11-16,7775871.92,11188248.92,-7895.28
D20,2018-11-16,6776685.43,10998422.44,-4542.85
D10,2018-11-19,7776593.97,11118108.97,-70139.95
D20,2018-11-19,6777314.69,10909692.69,-88729.75
D10,2018-11-20,7777316.08,11060519.08,-57589.89
D20,2018-11-20,6777944.01,10847567.02,-62125.67
D10,2018-11-21,7778044.43,11022652.43,-37866.65
D20,2018-11-21,6778578.77,10834360.78,-13206.24
D10,2018-11-23,7778772.85,11037198.83,14546.4
D20,2018-11-23,6779213.59,10812375.59,-21985.2
D10,2018-11-26,7779504.42,11075621.42,38422.59
D20,2018-11-26,6779851.16,10854800.15,42424.57
D10,2018-11-27,7780232.98,11132404.0,56782.57
D20,2018-11-27,6780486.1,10900692.11,45891.96
D10,2018-11-28,7780958.52,11195741.52,63337.52
D20,2018-11-28,6781118.41,10993960.41,93268.29
D10,2018-11-29,7781674.86,11207496.86,11755.34
D20,2018-11-29,6781742.7,11008909.7,14949.29
D10,2018-11-30,7782391.27,11231729.27,24232.41
D20,2018-11-30,6782367.05,11010596.06,1686.36
D10,2018-12-03,7783113.92,11314448.94,82719.67
D20,2018-12-03,6782996.84,11122022.85,111426.79
D10,2018-12-04,7783848.99,11177866.99,-136581.95
D20,2018-12-04,6783637.46,10966957.46,-155065.39
D10,2018-12-06,7784577.96,11175215.96,-2651.04
D20,2018-12-06,6784272.75,10941975.74,-24981.72
D10,2018-12-07,7785303.9,11061685.92,-113530.04
D20,2018-12-07,6784905.41,10829675.43,-112300.32
D10,2018-12-10,7786036.09,11081835.11,20149.19
D20,2018-12-10,6785543.52,10839097.54,9422.11
D10,2018-12-11,7786768.35,11089776.35,7941.24
D20,2018-12-11,6786181.68,10831868.68,-7228.86
D10,2018-12-12,7787506.85,11107321.87,17545.52
D20,2018-12-12,6786825.29,10861613.31,29744.63
D10,2018-12-13,7788242.34,11114599.34,7277.47
D20,2018-12-13,6787466.27,10872265.27,10651.96
D10,2018-12-14,7788974.81,11065979.81,-48619.53
D20,2018-12-14,6788104.61,10824469.61,-47795.65
D10,2018-12-17,7789704.25,10947951.25,-118028.56
D20,2018-12-17,6788740.33,10725439.33,-99030.29
D10,2018-12-18,7790427.58,10947366.6,-584.65
D20,2018-12-18,6789370.71,10741808.72,16369.4
D10,2018-12-19,7791154.07,10873477.07,-73889.53
D20,2018-12-19,6790003.84,10650658.84,-91149.89
D10,2018-12-20,7791877.53,10834996.53,-38480.54
D20,2018-12-20,6790634.34,10626149.34,-24509.5
D10,2018-12-21,7792601.06,10775254.06,-59742.47
D20,2018-12-21,6791264.9,10536562.89,-89586.44
D10,2018-12-24,7793346.31,10689964.31,-85289.76
D20,2018-12-24,6791914.39,10454102.39,-82460.51
D10,2018-12-26,7794085.44,10814959.44,124995.13
D20,2018-12-26,6792558.54,10615451.53,161349.14
D10,2018-12-27,7794815.36,10826331.34,11371.9
D20,2018-12-27,6793194.67,10635755.66,20304.13
D10,2018-12-28,7795542.26,10840023.26,13691.92
D20,2018-12-28,6793828.16,10642309.16,6553.5
D10,2018-12-31,7796284.69,10883514.71,43491.45
D20,2018-12-31,6794475.19,10701569.21,59260.05
D10,2019-01-02,7797017.91,10886874.91,3360.2
D20,2019-01-02,6795114.2,10713840.2,12270.99
D10,2019-01-03,7797748.11,10767629.11,-119245.8
D20,2019-01-03,6795750.56,10588860.55,-124979.64
D10,2019-01-04,7798481.47,10896339.45,128710.34
D20,2019-01-04,6796389.69,10732333.66,143473.11
D10,2019-01-07,7799227.28,10942041.26,45701.81
D20,2019-01-07,6797039.66,10777138.64,44804.97
D10,2019-01-08,7799973.15,10974085.15,32043.9
D20,2019-01-08,6797689.69,10814110.69,36972.06
D10,2019-01-09,7800716.01,10944223.01,-29862.15
D20,2019-01-09,6798337.09,10818046.08,3935.39
D10,2019-01-10,7801452.74,10919835.74,-24387.27
D20,2019-01-10,6798979.16,10815386.15,-2659.93
D10,2019-01-11,7802189.55,10946830.53,26994.79
D20,2019-01-11,6799621.28,10841259.26,25873.11
D10,2019-01-14,7802932.61,10926010.61,-20819.92
D20,2019-01-14,6800268.87,10780867.86,-60391.4
D10,2019-01-15,7803675.75,10959145.77,33135.15
D20,2019-01-15,6800916.51,10788653.52,7785.66
D10,2019-01-16,7804412.76,10925946.76,-33199.0
D20,2019-01-16,6801558.82,10792378.82,3725.3
D10,2019-01-17,7805146.75,10949638.75,23691.99
D20,2019-01-17,6802198.49,10824218.49,31839.67
D10,2019-01-18,7805877.71,10990746.73,41107.98
D20,2019-01-18,6802835.52,10866250.55,42032.06
D10,2019-01-22,7806614.93,10919592.93,-71153.8
D20,2019-01-22,6803478.01,10793972.0,-72278.54
D10,2019-01-23,7807346.03,10951408.03,31815.1
D20,2019-01-23,6804115.16,10820564.15,26592.15
D10,2019-01-24,7808064.8,10956593.8,5185.77
D20,2019-01-24,6804741.57,10826941.57,6377.41
D10,2019-01-25,7808789.83,11007804.81,51211.02
D20,2019-01-25,6805373.44,10903741.44,76799.87
D10,2019-01-28,7809524.23,10933051.23,-74753.58
D20,2019-01-28,6806013.47,10837656.47,-66084.96
D10,2019-01-29,7810258.7,10956569.68,23518.45
D20,2019-01-29,6806653.56,10865997.55,28341.07
D10,2019-01-30,7810993.23,11156482.23,199912.55
D20,2019-01-30,6807293.71,11042737.71,176740.16
D10,2019-01-31,7811724.74,11245471.74,88989.51
D20,2019-01-31,6807931.22,11127430.22,84692.51
D10,2019-02-01,7812453.21,11262024.21,16552.47
D20,2019-02-01,6808566.09,11138572.08,11141.86
D10,2019-02-04,7813187.96,11261603.96,-420.26
D20,2019-02-04,6809206.42,11157045.42,18473.34
D10,2019-02-05,7813922.77,11234818.75,-26785.21
D20,2019-02-05,6809846.81,11155761.78,-1283.63
D10,2019-02-06,7814657.65,11247631.67,12812.92
D20,2019-02-06,6810487.25,11156042.26,280.48
D10,2019-02-07,7815392.6,11200635.6,-46996.07
D20,2019-02-07,6811127.77,11094570.77,-61471.49
D10,2019-02-08,7816130.72,11225315.72,24680.12
D20,2019-02-08,6811771.04,11116794.04,22223.26
D10,2019-02-11,7816875.11,11220014.09,-5301.62
D20,2019-02-11,6812419.78,11102987.77,-13806.27
D10,2019-02-12,7817613.37,11245916.37,25902.28
D20,2019-02-12,6813063.17,11126018.17,23030.4
D10,2019-02-13,7818354.8,11240237.79,-5678.59
D20,2019-02-13,6813709.33,11126882.31,864.14
D10,2019-02-14,7819093.21,11242175.21,1937.42
D20,2019-02-14,6814352.85,11126362.86,-519.45
D10,2019-02-15,7819831.68,11287455.68,45280.47
D20,2019-02-15,6814996.43,11178465.43,52102.57
D10,2019-02-19,7820579.52,11313735.51,26279.83
D20,2019-02-19,6815648.18,11223181.17,44715.75
D10,2019-02-20,7821324.34,11319078.34,5342.84
D20,2019-02-20,6816297.29,11251046.28,27865.11
D10,2019-02-21,7822069.23,11325520.23,6441.89
D20,2019-02-21,6816946.46,11252808.45,1762.17
D10,2019-02-22,7822817.29,11370237.29,44717.06
D20,2019-02-22,6817598.4,11313944.39,61135.94
D10,2019-02-25,7823568.53,11381471.53,11234.24
D20,2019-02-25,6818253.1,11325082.1,11137.71
D10,2019-02-26,7824313.63,11367362.63,-14108.9
D20,2019-02-26,6818902.46,11294996.45,-30085.65
D10,2019-02-27,7825058.81,11335939.81,-31422.83
D20,2019-02-27,6819551.88,11267921.88,-27074.57
D10,2019-02-28,7825804.05,11333737.03,-2202.77
D20,2019-02-28,6820201.36,11259442.34,-8479.54
D10,2019-03-01,7826546.26,11351999.26,18262.23
D20,2019-03-01,6820848.2,11276095.2,16652.86
D10,2019-03-04,7827294.75,11341616.77,-10382.49
D20,2019-03-04,6821500.51,11269385.52,-6709.67
D10,2019-03-05,7828043.31,11343580.31,1963.54
D20,2019-03-05,6822152.88,11263207.88,-6177.64
D10,2019-03-06,7828791.95,11302411.95,-41168.37
D20,2019-03-06,6822805.32,11195924.31,-67283.57
D10,2019-03-07,7829537.55,11269974.55,-32437.4
D20,2019-03-07,6823455.11,11167619.11,-28305.2
D10,2019-03-08,7830286.32,11262487.32,-7487.22
D20,2019-03-08,6824107.67,11174648.68,7029.57
D10,2019-03-11,7831035.17,11342148.15,79660.83
D20,2019-03-11,6824760.29,11223663.29,49014.61
D10,2019-03-12,7831784.09,11368125.09,25976.94
D20,2019-03-12,6825412.98,11236536.98,12873.69
D10,2019-03-13,7832529.98,11384725.99,16600.9
D20,2019-03-13,6826063.02,11254811.04,18274.06
D10,2019-03-14,7833275.93,11350928.93,-33797.06
D20,2019-03-14,6826713.12,11221036.11,-33774.93
D10,2019-03-15,7834021.96,11395871.96,44943.03
D20,2019-03-15,6827363.28,11255016.27,33980.16
D10,2019-03-18,7834764.95,11409756.95,13884.99
D20,2019-03-18,6828010.8,11252869.8,-2146.48
D10,2019-03-19,7835514.22,11503135.22,93378.28
D20,2019-03-19,6828663.8,11311624.79,58754.99
D10,2019-03-20,7836266.68,11494885.68,-8249.54
D20,2019-03-20,6829319.56,11303550.56,-8074.22
D10,2019-03-21,7837022.32,11613217.32,118331.64
D20,2019-03-21,6829978.11,11389934.11,86383.55
D10,2019-03-22,7837771.81,11519711.81,-93505.51
D20,2019-03-22,6830631.29,11280751.3,-109182.82
D10,2019-03-25,7838521.38,11510564.4,-9147.42
D20,2019-03-25,6831284.54,11281517.54,766.24
D10,2019-03-26,7839271.02,11531435.0,20870.6
D20,2019-03-26,6831937.85,11323529.83,42012.29
D10,2019-03-27,7840014.5,11493599.5,-37835.5
D20,2019-03-27,6832585.8,11294930.79,-28599.04
D10,2019-03-28,7840754.95,11513365.95,19766.45
D20,2019-03-28,6833231.1,11314756.1,19825.31
D10,2019-03-29,7841486.13,11544546.13,31180.18
D20,2019-03-29,6833868.32,11353556.33,38800.23
D10,2019-04-01,7842226.71,11591135.73,46589.6
D20,2019-04-01,6834513.74,11420853.77,67297.44
D10,2019-04-02,7842964.26,11602771.26,11635.52
D20,2019-04-02,6835156.51,11435822.51,14968.75
D10,2019-04-03,7843708.09,11665338.11,62566.85
D20,2019-04-03,6835804.77,11481152.77,45330.26
D10,2019-04-04,7844452.0,11669207.0,3868.89
D20,2019-04-04,6836453.08,11517145.07,35992.3
D10,2019-04-05,7845195.98,11679203.98,9996.98
D20,2019-04-05,6837101.46,11522058.45,4913.38
D10,2019-04-08,7845936.91,11689751.93,10547.95
D20,2019-04-08,6837747.19,11511248.19,-10810.26
D10,2019-04-09,7846674.81,11633289.81,-56462.13
D20,2019-04-09,6838390.26,11461376.27,-49871.92
D10,2019-04-10,7847415.88,11663585.88,30296.07
D20,2019-04-10,6839036.11,11481429.11,20052.84
D10,2019-04-11,7848157.03,11661683.03,-1902.86
D20,2019-04-11,6839682.02,11479033.02,-2396.09
D10,2019-04-12,7848901.35,11666817.35,5134.33
D20,2019-04-12,6840330.7,11573283.71,94250.69
D10,2019-04-15,7849642.64,11670338.64,3521.29
D20,2019-04-15,6840976.73,11572228.67,-1055.04
D10,2019-04-16,7850383.99,11676905.99,6567.36
D20,2019-04-16,6841622.83,11558890.78,-13337.9
D10,2019-04-17,7851128.54,11668423.54,-8482.46
D20,2019-04-17,6842271.69,11532570.68,-26320.09
D10,2019-04-18,7851866.92,11659023.92,-9399.62
D20,2019-04-18,6842915.19,11514371.2,-18199.48
D10,2019-04-22,7852611.6,11661124.6,2100.68
D20,2019-04-22,6843564.18,11502977.14,-11394.06
D10,2019-04-23,7853359.46,11658592.46,-2532.13
D20,2019-04-23,6844215.95,11503808.94,831.8
D10,2019-04-24,7854104.29,11669718.29,11125.82
D20,2019-04-24,6844865.07,11520045.11,16236.16
D10,2019-04-25,7854846.06,11597218.06,-72500.22
D20,2019-04-25,6845511.53,11466677.57,-53367.54
D10,2019-04-26,7894244.43,11633580.43,36362.37
D20,2019-04-26,6896598.07,11516548.08,49870.52
D10,2019-04-29,7894993.13,11635485.13,1904.7
D20,2019-04-29,6897252.16,11509153.15,-7394.94
D10,2019-04-30,7895738.77,11670486.77,35001.64
D20,2019-04-30,6897903.56,11534468.56,25315.42
D10,2019-05-01,7896484.48,11646107.48,-24379.29
D20,2019-05-01,6898555.03,11496873.02,-37595.54
D10,2019-05-02,7897239.65,11685891.64,39784.16
D20,2019-05-02,6899214.77,11518914.75,22041.73
D10,2019-05-03,7897985.51,11706459.51,20567.87
D20,2019-05-03,6899866.37,11550045.36,31130.61
D10,2019-05-06,7898734.56,11670230.56,-36228.95
D20,2019-05-06,6900520.76,11507156.77,-42888.59
D10,2019-05-07,7899480.55,11576000.55,-94230.01
D20,2019-05-07,6901172.47,11419236.48,-87920.28
D10,2019-05-08,7900226.61,11591512.6,15512.04
D20,2019-05-08,6901824.25,11427711.29,8474.8
D10,2019-05-09,7900972.75,11567625.75,-23886.85
D20,2019-05-09,6902476.09,11379020.09,-48691.2
D10,2019-05-10,7901718.95,11632799.89,65174.14
D20,2019-05-10,6903127.99,11421630.94,42610.84
D10,2019-05-13,7902458.95,11479136.95,-153662.93
D20,2019-05-13,6903774.47,11265344.47,-156286.46
D10,2019-05-14,7903199.02,11570858.02,91721.07
D20,2019-05-14,6904421.02,11358570.03,93225.55
D10,2019-05-15,7903942.3,11624197.35,53339.32
D20,2019-05-15,6905070.36,11399197.32,40627.29
D10,2019-05-16,7904679.37,11694166.37,69969.03
D20,2019-05-16,6905714.29,11467939.29,68741.97
D10,2019-05-17,6766307.62,11680498.56,-13667.81
D20,2019-05-17,6227542.51,11452989.45,-14949.84
D10,2019-05-20,6766935.92,11621811.97,-58686.59
D20,2019-05-20,6228120.78,11403304.79,-49684.66
D10,2019-05-21,6767564.27,11664655.29,42843.32
D20,2019-05-21,6228699.1,11449782.12,46477.33
D10,2019-05-22,6768190.01,11648557.05,-16098.24
D20,2019-05-22,6229275.01,11428341.06,-21441.06
D10,2019-05-23,6768813.11,11615859.1,-32697.95
D20,2019-05-23,6229848.5,11388416.49,-39924.57
D10,2019-05-24,6769430.9,11621440.89,5581.79
D20,2019-05-24,6230417.1,11402749.04,14332.55
D10,2019-05-28,6770054.11,11660725.11,39284.23
D20,2019-05-28,6230990.69,11429620.69,26871.65
D10,2019-05-29,6770677.39,11616938.4,-43786.72
D20,2019-05-29,6231564.34,11383579.4,-46041.3
D10,2019-05-30,6771303.41,11636048.41,19110.01
D20,2019-05-30,6232140.51,11402571.51,18992.11
D10,2019-05-31,6771921.42,11551820.45,-84227.96
D20,2019-05-31,6232709.32,11340781.29,-61790.22
D10,2019-06-03,6772539.5,11572927.53,21107.07
D20,2019-06-03,6233278.18,11367669.2,26887.91
D10,2019-06-04,6773157.62,11722436.67,149509.14
D20,2019-06-04,6233847.09,11534148.14,166478.93
D10,2019-06-05,6773775.81,11753635.79,31199.12
D20,2019-06-05,6234416.05,11556865.03,22716.9
D10,2019-06-06,6774388.68,11868996.69,115360.89
D20,2019-06-06,6234980.11,11668779.17,111914.14
D10,2019-06-07,6774988.15,11933090.15,64093.46
D20,2019-06-07,6235531.86,11722793.8,54014.63
D10,2019-06-10,6775590.38,11982045.37,48955.22
D20,2019-06-10,6236086.13,11758991.17,36197.37
D10,2019-06-11,6776187.27,11961913.24,-20132.12
D20,2019-06-11,6236635.5,11732561.47,-26429.7
D10,2019-06-12,6776776.16,11950461.16,-11452.09
D20,2019-06-12,6237177.49,11732678.49,117.02
D10,2019-06-13,6777351.64,11935899.64,-14561.52
D20,2019-06-13,6237707.16,11753344.2,20665.71
D10,2019-06-14,6777929.87,11892098.89,-43800.75
D20,2019-06-14,6238239.34,11723365.31,-29978.89
D10,2019-06-17,6778516.22,11862869.21,-29229.68
D20,2019-06-17,6238779.0,11698541.99,-24823.32
D10,2019-06-18,6779099.92,11940212.91,77343.71
D20,2019-06-18,6239316.23,11765122.27,66580.28
D10,2019-06-19,6779672.92,11947883.96,7671.05
D20,2019-06-19,6239843.6,11776912.6,11790.33
D10,2019-06-20,6780235.2,11972409.22,24525.25
D20,2019-06-20,6240361.11,11820145.13,43232.53
D10,2019-06-21,6780792.15,11916821.19,-55588.02
D20,2019-06-21,6240873.71,11758624.71,-61520.41
D10,2019-06-24,6781351.83,11924189.82,7368.63
D20,2019-06-24,6241388.83,11769276.82,10652.11
D10,2019-06-25,6781908.87,11888863.92,-35325.9
D20,2019-06-25,6241901.52,11734480.56,-34796.26
D10,2019-06-26,6782474.03,11926648.08,37784.16
D20,2019-06-26,6242421.67,11780127.62,45647.07
D10,2019-06-27,6783036.54,11941959.55,15311.48
D20,2019-06-27,6242939.4,11790907.41,10779.78
D10,2019-06-28,6783596.41,11925035.42,-16924.13
D20,2019-06-28,6243454.69,11796612.7,5705.29
D10,2019-07-01,6784177.87,11985860.86,60825.43
D20,2019-07-01,6243989.84,11852018.78,55406.09
D10,2019-07-02,6784756.67,12000086.63,14225.77
D20,2019-07-02,6244522.56,11871274.56,19255.78
D10,2019-07-03,6785338.22,12048968.29,48881.66
D20,2019-07-03,6245057.81,11912322.83,41048.26
D10,2019-07-05,6785925.21,12036713.22,-12255.07
D20,2019-07-05,6245598.06,11898999.06,-13323.76
D10,2019-07-08,6786520.33,12030558.33,-6154.9
D20,2019-07-08,6246145.79,11882016.79,-16982.28
D10,2019-07-09,6787115.49,12060001.56,29443.23
D20,2019-07-09,6246693.56,11920662.58,38645.79
D10,2019-07-10,6787694.55,12110620.54,50618.99
D20,2019-07-10,6247226.51,11961874.46,41211.88
D10,2019-07-11,6788265.58,12084187.61,-26432.94
D20,2019-07-11,6247752.07,11947998.06,-13876.4
D10,2019-07-12,6788831.27,12117172.26,32984.65
D20,2019-07-12,6248272.72,11993185.71,45187.65
D10,2019-07-15,6789399.7,12166905.66,49733.4
D20,2019-07-15,6248795.89,12023405.9,30220.18
D10,2019-07-16,6789965.48,12143149.46,-23756.2
D20,2019-07-16,6249316.62,11993252.61,-30153.29
D10,2019-07-17,6790528.62,12127160.63,-15988.84
D20,2019-07-17,6249834.92,11978610.98,-14641.63
D10,2019-07-18,6791070.24,12118651.23,-8509.39
D20,2019-07-18,6250333.42,11981093.41,2482.43
D10,2019-07-19,6791614.61,12082520.58,-36130.66
D20,2019-07-19,6250834.44,11946907.46,-34185.95
D10,2019-07-22,6792164.4,12099191.41,16670.84
D20,2019-07-22,6251340.46,11976441.47,29534.0
D10,2019-07-23,6792708.86,12139513.91,40322.5
D20,2019-07-23,6251841.56,12019636.52,43195.05
D10,2019-07-24,6793261.44,12148717.49,9203.58
D20,2019-07-24,6252350.14,12032341.1,12704.58
D10,2019-07-25,6793816.76,12101947.81,-46769.69
D20,2019-07-25,6252861.24,11980789.29,-51551.8
D10,2019-07-26,6794377.52,12137669.54,35721.73
D20,2019-07-26,6253377.35,12000753.32,19964.02
D10,2019-07-29,6794935.63,12112768.58,-24900.96
D20,2019-07-29,6253891.02,11990150.98,-10602.34
D10,2019-07-30,6795485.69,12083103.68,-29664.9
D20,2019-07-30,6254397.29,11967692.23,-22458.75
D10,2019-07-31,6796035.81,11909220.78,-173882.91
D20,2019-07-31,6254903.6,11802832.52,-164859.71
D10,2019-08-01,6796583.26,11844556.26,-64664.52
D20,2019-08-01,6255407.47,11737765.51,-65067.01
D10,2019-08-02,6797128.07,11804951.05,-39605.21
D20,2019-08-02,6255908.89,11696170.92,-41594.59
D10,2019-08-05,6797667.52,11626116.52,-178834.53
D20,2019-08-05,6256405.39,11531346.39,-164824.53
D10,2019-08-06,6798209.72,11684110.73,57994.2
D20,2019-08-06,6256904.41,11600077.42,68731.03
D10,2019-08-07,6798743.86,11702970.85,18860.12
D20,2019-08-07,6257396.03,11588122.01,-11955.41
D10,2019-08-08,6799278.05,11917446.06,214475.22
D20,2019-08-08,6257887.68,11778059.69,189937.68
D10,2019-08-09,6799806.88,11873884.94,-43561.13
D20,2019-08-09,6258374.41,11739476.41,-38583.28
D10,2019-08-12,6800335.76,11779607.78,-94277.15
D20,2019-08-12,6258861.17,11631330.15,-108146.26
D10,2019-08-13,6800864.67,11818257.62,38649.83
D20,2019-08-13,6259347.97,11657497.91,26167.76
D10,2019-08-14,6801382.83,11669688.84,-148568.77
D20,2019-08-14,6259824.87,11501230.93,-156266.98
D10,2019-08-15,6801887.54,11677607.54,7918.69
D20,2019-08-15,6260289.39,11498380.39,-2850.54
D10,2019-08-16,6802381.49,11782636.43,105028.89
D20,2019-08-16,6260744.01,11610637.0,112256.61
D10,2019-08-19,6802894.36,11833943.43,51307.0
D20,2019-08-19,6261216.05,11645422.01,34785.01
D10,2019-08-20,6803407.28,11794185.28,-39758.15
D20,2019-08-20,6261688.12,11610291.12,-35130.89
D10,2019-08-21,6803928.34,11865931.31,71746.02
D20,2019-08-21,6262167.69,11671341.61,61050.49
D10,2019-08-22,6804457.53,11893218.55,27287.24
D20,2019-08-22,6262654.75,11698547.76,27206.15
D10,2019-08-23,6804978.66,11730405.67,-162812.87
D20,2019-08-23,6263134.39,11552957.39,-145590.37
D10,2019-08-26,6805507.94,11816157.99,85752.32
D20,2019-08-26,6263621.52,11632836.53,79879.13
D10,2019-08-27,6806031.86,11792167.84,-23990.15
D20,2019-08-27,6264103.72,11620301.79,-12534.73
D10,2019-08-28,6806558.51,11852098.51,59930.67
D20,2019-08-28,6264588.44,11685755.44,65453.65
D10,2019-08-29,6807085.21,11912721.2,60622.69
D20,2019-08-29,6265073.2,11734030.19,48274.75
D10,2019-08-30,6807611.95,11920014.97,7293.76
D20,2019-08-30,6265558.0,11734546.96,516.77
D10,2019-09-03,6808136.03,11896270.1,-23744.86
D20,2019-09-03,6266040.35,11710090.37,-24456.59
D10,2019-09-04,6808657.45,11942849.38,46579.27
D20,2019-09-04,6266520.24,11770661.23,60570.86
D10,2019-09-05,6809178.9,11984977.87,42128.49
D20,2019-09-05,6267000.18,11804478.15,33816.93
D10,2019-09-06,6809697.7,11978704.68,-6273.19
D20,2019-09-06,6267477.67,11782302.65,-22175.5
D10,2019-09-09,6810216.53,11999776.49,21071.81
D20,2019-09-09,6267955.19,11804666.19,22363.54
D10,2019-09-10,6810732.7,12001417.69,1641.21
D20,2019-09-10,6268430.26,11806060.2,1394.01
D10,2019-09-11,6811251.62,12032577.62,31159.92
D20,2019-09-11,6268907.85,11845887.85,39827.65
D10,2019-09-12,6811767.86,12043990.84,11413.22
D20,2019-09-12,6269383.0,11857603.51,11715.66
D10,2019-09-13,6812286.86,12029871.87,-14118.97
D20,2019-09-13,6269860.66,11855659.67,-1943.84
D10,2019-09-16,6812814.0,12004709.01,-25162.86
D20,2019-09-16,6270345.83,11826895.84,-28763.83
D10,2019-09-17,6813341.18,12016390.21,11681.2
D20,2019-09-17,6270831.04,11850400.06,23504.22
D10,2019-09-18,6813857.59,11997093.59,-19296.62
D20,2019-09-18,6271306.33,11830529.33,-19870.74
D10,2019-09-19,6814368.63,11976073.65,-21019.94
D20,2019-09-19,6271776.68,11798130.69,-32398.64
D10,2019-09-20,6814874.3,11941187.35,-34886.29
D20,2019-09-20,6272242.08,11770792.09,-27338.6
D10,2019-09-23,6815388.12,11971790.12,30602.76
D20,2019-09-23,6272714.99,11793088.04,22295.95
D10,2019-09-24,6815896.57,11920002.54,-51787.58
D20,2019-09-24,6273182.95,11744129.93,-48958.11
D10,2019-09-25,6816396.94,11946770.97,26768.43
D20,2019-09-25,6273643.48,11768449.51,24319.58
D10,2019-09-26,6816881.12,11960552.11,13781.14
D20,2019-09-26,6274089.11,11762648.1,-5801.41
D10,2019-09-27,6817357.22,11931320.27,-29231.84
D20,2019-09-27,6274527.3,11720280.36,-42367.75
D10,2019-09-30,6817855.0,11960032.04,28711.77
D20,2019-09-30,6274985.44,11730259.49,9979.13
D10,2019-10-01,6818336.57,11927305.57,-32726.47
D20,2019-10-01,6275428.68,11680519.68,-49739.82
D10,2019-10-02,6818810.07,11818029.08,-109276.5
D20,2019-10-02,6275864.47,11596166.47,-84353.2
D10,2019-10-03,6819261.95,11887562.93,69533.86
D20,2019-10-03,6276280.37,11640092.34,43925.87
D10,2019-10-04,6819716.57,11962771.54,75208.61
D20,2019-10-04,6276698.79,11712514.76,72422.42
D10,2019-10-07,6820179.33,11945912.36,-16859.18
D20,2019-10-07,6277124.71,11708303.68,-4211.08
D10,2019-10-08,6820634.01,11865413.55,-80498.81
D20,2019-10-08,6277543.18,11632087.18,-76216.51
D10,2019-10-09,6821083.31,11911366.35,45952.79
D20,2019-10-09,6277956.7,11674409.69,42322.52
D10,2019-10-10,6821529.93,11926803.93,15437.58
D20,2019-10-10,6278367.76,11697621.76,23212.07
D10,2019-10-11,6821976.58,12006180.6,79376.68
D20,2019-10-11,6278778.84,11757104.87,59483.11
D10,2019-10-14,6822423.25,12020264.22,14083.62
D20,2019-10-14,6279189.95,11774892.93,17788.06
D10,2019-10-15,6822867.25,12028519.26,8255.04
D20,2019-10-15,6279598.6,11791177.55,16284.63
D10,2019-10-16,6823308.57,12026196.04,-2323.22
D20,2019-10-16,6280004.78,11801974.75,10797.2
D10,2019-10-17,6823749.92,12037923.97,11727.92
D20,2019-10-17,6280410.99,11827706.99,25732.23
D10,2019-10-18,6824191.3,12012491.28,-25432.69
D20,2019-10-18,6280817.22,11802499.2,-25207.78
D10,2019-10-21,6824635.41,12065905.39,53414.12
D20,2019-10-21,6281225.97,11842435.91,39936.7
D10,2019-10-22,6825074.14,12083911.16,18005.76
D20,2019-10-22,6281629.76,11870771.73,28335.82
D10,2019-10-23,6825512.89,12100594.88,16683.72
D20,2019-10-23,6282033.58,11888133.57,17361.84
D10,2019-10-24,6825957.09,12125669.08,25074.21
D20,2019-10-24,6282442.41,11910741.35,22607.79
D10,2019-10-25,6855909.52,12188517.51,62848.43
D20,2019-10-25,6333948.08,11975685.02,64943.67
D10,2019-10-28,6856350.26,12240999.31,52481.79
D20,2019-10-28,6334355.27,12019185.27,43500.24
D10,2019-10-29,6856785.58,12268528.56,27529.25
D20,2019-10-29,6334757.45,12040526.42,21341.16
D10,2019-10-30,6857218.21,12287475.17,18946.61
D20,2019-10-30,6335157.14,12070254.19,29727.77
D10,2019-10-31,6857629.1,12301298.08,13822.91
D20,2019-10-31,6335536.75,12090931.73,20677.54
D10,2019-11-01,6858034.57,12352728.55,51430.46
D20,2019-11-01,6335911.35,12148302.36,57370.63
D10,2019-11-04,6858442.79,12393055.79,40327.24
D20,2019-11-04,6336288.48,12184475.48,36173.12
D10,2019-11-05,6858859.2,12395089.16,2033.37
D20,2019-11-05,6336673.19,12171300.2,-13175.29
D10,2019-11-06,6859275.63,12419444.59,24355.43
D20,2019-11-06,6337057.91,12194672.88,23372.69
D10,2019-11-07,6859692.08,12411347.11,-8097.48
D20,2019-11-07,6337442.66,12189730.7,-4942.18
D10,2019-11-08,6860105.84,12436801.86,25454.75
D20,2019-11-08,6337824.92,12232414.99,42684.29
D10,2019-11-11,6860519.63,12435981.63,-820.23
D20,2019-11-11,6338207.2,12227949.26,-4465.73
D10,2019-11-12,6860944.32,12438491.31,2509.67
D20,2019-11-12,6338599.57,12241985.55,14036.29
D10,2019-11-13,6861363.6,12490504.56,52013.25
D20,2019-11-13,6338986.93,12335256.93,93271.37
D10,2019-11-14,6861782.91,12533899.93,43395.37
D20,2019-11-14,6339374.31,12317492.28,-17764.65
D10,2019-11-15,7692752.99,12582513.97,48614.05
D20,2019-11-15,7725096.37,12377079.35,59587.08
D10,2019-11-18,7693223.11,12648316.13,65802.15
D20,2019-11-18,7725568.46,12436511.48,59432.12
D10,2019-11-19,7693693.25,12659764.29,11448.17
D20,2019-11-19,7726040.58,12445918.58,9407.1
D10,2019-11-20,7694163.42,12633695.44,-26068.85
D20,2019-11-20,7726512.73,12426825.71,-19092.87
D10,2019-11-21,7694636.67,12588942.65,-44752.79
D20,2019-11-21,7726987.97,12389717.95,-37107.76
D10,2019-11-22,7695109.95,12584739.0,-4203.65
D20,2019-11-22,7727463.24,12388551.24,-1166.71
D10,2019-11-25,7695592.42,12620464.4,35725.41
D20,2019-11-25,7727947.74,12417618.72,29067.48
D10,2019-11-26,7696071.87,12606897.85,-13566.55
D20,2019-11-26,7728429.2,12401167.18,-16451.54
D10,2019-11-27,7696557.46,12634983.46,28085.61
D20,2019-11-27,7728916.83,12424894.83,23727.64
D10,2019-11-29,7697033.91,12619021.89,-15961.57
D20,2019-11-29,7729395.29,12414008.27,-10886.56
D10,2019-12-02,7697513.45,12597299.45,-21722.44
D20,2019-12-02,7729876.84,12401995.84,-12012.43
D10,2019-12-03,7697983.85,12572283.9,-25015.55
D20,2019-12-03,7730349.22,12382971.22,-19024.62
D10,2019-12-04,7698448.17,12619306.19,47022.3
D20,2019-12-04,7730815.5,12413396.51,30425.29
D10,2019-12-05,7698909.47,12603883.47,-15422.72
D20,2019-12-05,7731278.73,12415157.73,1761.22
D10,2019-12-06,7699367.74,12620055.74,16172.27
D20,2019-12-06,7731738.93,12432537.93,17380.2
D10,2019-12-09,7699829.09,12597184.09,-22871.65
D20,2019-12-09,7732202.22,12410579.22,-21958.71
D10,2019-12-10,7700296.58,12598448.56,1264.47
D20,2019-12-10,7732671.67,12418648.66,8069.44
D10,2019-12-11,7700767.15,12597435.2,-1013.36
D20,2019-12-11,7733144.22,12429003.22,10354.57
D10,2019-12-12,7701234.7,12716809.63,119374.43
D20,2019-12-12,7733613.74,12546856.72,117853.5
D10,2019-12-13,7701705.33,12678694.33,-38115.3
D20,2019-12-13,7734086.35,12511970.35,-34886.37
D10,2019-12-16,7702175.99,12731188.99,52494.66
D20,2019-12-16,7734558.98,12555097.98,43127.64
D10,2019-12-17,7702643.62,12742981.62,11792.63
D20,2019-12-17,7735028.58,12564053.58,8955.6
D10,2019-12-18,7703111.28,12724517.28,-18464.34
D20,2019-12-18,7735498.21,12557110.21,-6943.37
D10,2019-12-19,7703582.03,12755817.03,31299.75
D20,2019-12-19,7735970.93,12577847.93,20737.72
D10,2019-12-20,7704055.86,12830257.86,74440.83
D20,2019-12-20,7736446.76,12634300.76,56452.82
D10,2019-12-23,7704532.78,12870466.75,40208.89
D20,2019-12-23,7736925.68,12687173.7,52872.94
D10,2019-12-24,7705006.67,12904854.67,34387.92
D20,2019-12-24,7737401.56,12721446.56,34272.87
D10,2019-12-26,7705480.59,12914673.61,9818.94
D20,2019-12-26,7737877.48,12741980.49,20533.93
D10,2019-12-27,7705951.48,12906501.43,-8172.18
D20,2019-12-27,7738350.35,12729867.35,-12113.15
D10,2019-12-30,7706422.4,12848740.4,-57761.03
D20,2019-12-30,7738823.24,12696512.24,-33355.1
D10,2019-12-31,7706887.23,12869927.23,21186.83
D20,2019-12-31,7739290.03,12711828.03,15315.79
D10,2020-01-02,7707349.03,12974296.07,104368.85
D20,2020-01-02,7739753.77,12810228.77,98400.74
D10,2020-01-03,7707804.74,12937718.72,-36577.35
D20,2020-01-03,7740211.4,12767587.39,-42641.39
D10,2020-01-06,7708272.71,12928523.69,-9195.03
D20,2020-01-06,7740681.34,12766319.36,-1268.02
D10,2020-01-07,7708734.6,12895744.55,-32779.14
D20,2020-01-07,7741145.17,12743120.17,-23199.19
D10,2020-01-08,7709196.51,12902144.49,6399.94
D20,2020-01-08,7741609.02,12732392.01,-10728.16
D10,2020-01-09,7709658.45,12968451.41,66306.91
D20,2020-01-09,7742072.91,12781312.91,48920.9
D10,2020-01-10,7710120.42,12942517.92,-25933.49
D20,2020-01-10,7742536.82,12763461.82,-17851.09
D10,2020-01-13,7710591.59,12988332.09,45814.17
D20,2020-01-13,7743009.97,12806086.97,42625.16
D10,2020-01-14,7711062.8,12974650.84,-13681.25
D20,2020-01-14,7743483.16,12801364.16,-4722.82
D10,2020-01-15,7711534.03,13013358.53,38707.69
D20,2020-01-15,7743956.37,12825415.37,24051.21
D10,2020-01-16,7711999.17,13077970.19,64611.66
D20,2020-01-16,7744423.46,12881425.48,56010.11
D10,2020-01-17,7712467.4,13131519.35,53549.16
D20,2020-01-17,7744893.66,12913555.66,32130.18
D10,2020-01-21,7712935.65,13128594.65,-2924.7
D20,2020-01-21,7745363.89,12904928.89,-8626.77
D10,2020-01-22,7713400.88,13170426.86,41832.2
D20,2020-01-22,7745831.07,12931813.05,26884.16
D10,2020-01-23,7713866.13,13183228.06,12801.21
D20,2020-01-23,7746298.28,12941599.26,9786.21
D10,2020-01-24,7714328.35,13154010.3,-29217.76
D20,2020-01-24,7746762.44,12920834.44,-20764.82
D10,2020-01-27,7714793.66,13086881.66,-67128.65
D20,2020-01-27,7747229.7,12861243.7,-59590.73
D10,2020-01-28,7715265.12,13151486.12,64604.46
D20,2020-01-28,7747703.15,12918331.15,57087.44
D10,2020-01-29,7715733.55,13024718.55,-126767.57
D20,2020-01-29,7748173.54,12835120.54,-83210.6
D10,2020-01-30,7716205.06,13064845.04,40126.5
D20,2020-01-30,7748647.04,12865633.03,30512.48
D10,2020-01-31,7716670.48,12938742.5,-126102.54
D20,2020-01-31,7749114.42,12758890.44,-106742.59
D10,2020-02-03,7717142.06,12994722.99,55980.49
D20,2020-02-03,7749587.98,12808757.96,49867.52
D10,2020-02-04,7717613.66,13073445.66,78722.67
D20,2020-02-04,7750061.56,12862290.56,53532.6
D10,2020-02-05,7718085.29,13139700.29,66254.63
D20,2020-02-05,7750535.18,12929727.18,67436.61
D10,2020-02-06,7718556.95,13128337.95,-11362.34
D20,2020-02-06,7751008.82,12923018.82,-6708.36
D10,2020-02-07,7719025.58,13116717.58,-11620.37
D20,2020-02-07,7751479.42,12901292.42,-21726.4
D10,2020-02-10,7719500.36,13217638.36,100920.78
D20,2020-02-10,7751956.2,12990594.2,89301.78
D10,2020-02-11,7719972.11,13268575.11,50936.75
D20,2020-02-11,7752429.93,13026769.93,36175.73
D10,2020-02-12,7720446.95,13271483.95,2908.84
D20,2020-02-12,7752906.76,13029946.76,3176.84
D10,2020-02-13,7720924.88,13296671.88,25187.93
D20,2020-02-13,7753386.71,13048495.71,18548.94
D10,2020-02-14,7721399.78,13322933.83,26261.94
D20,2020-02-14,7753863.6,13066441.6,17945.89
D10,2020-02-18,7721874.71,13340909.75,17975.93
D20,2020-02-18,7754340.52,13100674.52,34232.92
D10,2020-02-19,7722349.66,13412411.66,71501.91
D20,2020-02-19,7754817.48,13171125.48,70450.95
D10,2020-02-20,7722824.65,13352981.65,-59430.01
D20,2020-02-20,7755294.46,13154350.46,-16775.02
D10,2020-02-21,7723293.54,13204496.58,-148485.07
D20,2020-02-21,7755765.32,13041949.32,-112401.14
D10,2020-02-24,7723753.26,12950390.26,-254106.33
D20,2020-02-24,7756226.97,12832219.97,-209729.35
D10,2020-02-25,7724213.0,12861237.05,-89153.21
D20,2020-02-25,7756688.65,12721793.65,-110426.32
D10,2020-02-26,7724672.78,12849314.78,-11922.27
D20,2020-02-26,7757150.36,12701881.36,-19912.29
D10,2020-02-27,7725108.06,12569418.06,-279896.72
D20,2020-02-27,7757587.47,12424549.47,-277331.89
D10,2020-02-28,7725491.25,12551676.25,-17741.81
D20,2020-02-28,7757972.27,12396133.27,-28416.2
D10,2020-03-02,7725828.47,12775191.47,223515.22
D20,2020-03-02,7758310.91,12607626.91,211493.64
D10,2020-03-03,7726113.59,12681071.59,-94119.88
D20,2020-03-03,7758597.23,12557663.23,-49963.68
D10,2020-03-04,7726331.27,12976377.27,295305.68
D20,2020-03-04,7758815.82,12803683.82,246020.6
D10,2020-03-05,7726518.3,12801725.34,-174651.93
D20,2020-03-05,7759003.64,12661926.64,-141757.19
D10,2020-03-06,7726656.27,12774459.2,-27266.14
D20,2020-03-06,7759142.19,12624238.17,-37688.46
D10,2020-03-09,7726754.39,12374050.41,-400408.8
D20,2020-03-09,7759240.72,12193756.74,-430481.44
D10,2020-03-10,7726886.23,12585226.23,211175.83
D20,2020-03-10,7759373.12,12390890.12,197133.38
D10,2020-03-11,7727011.95,12424766.95,-160459.28
D20,2020-03-11,7759499.36,12219286.36,-171603.76
D10,2020-03-12,7727113.13,11873772.13,-550994.81
D20,2020-03-12,7759600.98,11756311.98,-462974.39
D10,2020-03-13,7727195.92,12331804.92,458032.79
D20,2020-03-13,7759684.11,12066457.11,310145.14
D10,2020-03-16,7727269.52,11794701.54,-537103.39
D20,2020-03-16,7759758.02,11637156.03,-429301.08
D10,2020-03-17,7727327.78,12123154.78,328453.24
D20,2020-03-17,7759816.52,11950597.52,313441.49
D10,2020-03-18,7727333.91,11881658.91,-241495.87
D20,2020-03-18,7759822.68,11692904.68,-257692.84
D10,2020-03-19,7727346.18,11833008.18,-48650.73
D20,2020-03-19,7759835.0,11671676.0,-21228.68
D10,2020-03-20,7727361.51,11647256.49,-185751.69
D20,2020-03-20,7759850.39,11530995.38,-140680.62
D10,2020-03-23,7727367.64,11717592.64,70336.15
D20,2020-03-23,7759856.55,11572641.55,41646.18
D10,2020-03-24,7727370.71,12053888.71,336296.07
D20,2020-03-24,7759859.63,11949374.63,376733.08
D10,2020-03-25,7727358.44,11992023.42,-61865.29
D20,2020-03-25,7759847.31,11914738.3,-34636.33
D10,2020-03-26,7727343.11,12280178.13,288154.71
D20,2020-03-26,7759831.92,12161045.94,246307.64
D10,2020-03-27,7727352.31,12192121.31,-88056.82
D20,2020-03-27,7759841.16,12040290.16,-120755.78
D10,2020-03-30,7727389.11,12355822.13,163700.82
D20,2020-03-30,7759878.11,12164673.12,124382.97
D10,2020-03-31,7727422.84,12212247.86,-143574.27
D20,2020-03-31,7759911.98,12044147.0,-120526.13
D10,2020-04-01,7727450.43,12066542.43,-145705.42
D20,2020-04-01,7759939.69,11920236.69,-123910.3
D10,2020-04-02,7727478.03,12194555.03,128012.6
D20,2020-04-02,7759967.41,12035553.41,115316.71
D10,2020-04-03,7727508.7,12127767.7,-66787.34
D20,2020-04-03,7759998.2,11954821.2,-80732.21
D10,2020-04-06,7727554.69,12437574.69,309807.0
D20,2020-04-06,7760044.39,12249362.39,294541.19
D10,2020-04-07,7727597.63,12401948.61,-35626.09
D20,2020-04-07,7760087.5,12228080.49,-21281.91
D10,2020-04-08,7727665.09,12508699.11,106750.5
D20,2020-04-08,7760155.25,12336507.27,108426.78
D10,2020-04-09,7727741.75,12511073.75,2374.64
D20,2020-04-09,7760232.24,12450984.24,114476.97
D10,2020-04-13,7727821.48,12578949.46,67875.71
D20,2020-04-13,7760312.3,12539208.29,88224.05
D10,2020-04-14,7727882.81,12849033.77,270084.31
D20,2020-04-14,7760373.89,12732230.89,193022.61
D10,2020-04-15,7727925.75,12767881.75,-81152.02
D20,2020-04-15,7760417.01,12628292.01,-103938.89
D10,2020-04-16,7727968.68,12848778.7,80896.95
D20,2020-04-16,7760460.12,12703666.14,75374.13
D10,2020-04-17,7728005.48,12911765.48,62986.78
D20,2020-04-17,7760497.07,12768972.07,65305.94
D10,2020-04-20,7728042.28,12843886.28,-67879.2
D20,2020-04-20,7760534.03,12713690.03,-55282.05
D10,2020-04-21,7728076.01,12622020.01,-221866.27
D20,2020-04-21,7760567.9,12530233.9,-183456.12
D10,2020-04-22,7728112.81,12781646.81,159626.8
D20,2020-04-22,7760604.86,12691494.86,161260.96
D10,2020-04-23,7728146.55,12770924.52,-10722.29
D20,2020-04-23,7760638.73,12704833.75,13338.89
D10,2020-04-24,7815989.77,12838271.75,67347.22
D20,2020-04-24,7842573.08,12756353.06,51519.31
D10,2020-04-27,7816026.99,12889557.01,51285.26
D20,2020-04-27,7842610.42,12808942.41,52589.35
D10,2020-04-28,7816061.1,12850720.15,-38836.86
D20,2020-04-28,7842644.66,12780839.66,-28102.75
D10,2020-04-29,7816092.12,12841504.12,-9216.03
D20,2020-04-29,7842675.78,12788411.78,7572.12
D10,2020-04-30,7816120.03,12755332.99,-86171.13
D20,2020-04-30,7842703.79,12675111.79,-113299.99
D10,2020-05-01,7816157.25,12591882.27,-163450.71
D20,2020-05-01,7842741.14,12554656.15,-120455.64
D10,2020-05-04,7816197.57,12700284.57,108402.3
D20,2020-05-04,7842781.59,12661290.59,106634.44
D10,2020-05-05,7816237.9,12742160.9,41876.32
D20,2020-05-05,7842822.05,12724536.05,63245.46
D10,2020-05-06,7816275.12,12710593.12,-31567.78
D20,2020-05-06,7842859.4,12653979.4,-70556.65
D10,2020-05-07,7816309.24,12696255.24,-14337.88
D20,2020-05-07,7842893.63,12681588.63,27609.23
D10,2020-05-08,7816346.46,12823197.44,126942.2
D20,2020-05-08,7842930.98,12787887.96,106299.33
D10,2020-05-11,7816383.68,12920557.68,97360.24
D20,2020-05-11,7842968.33,12832845.33,44957.36
D10,2020-05-12,7816424.0,12801391.98,-119165.7
D20,2020-05-12,7843008.79,12720346.77,-112498.56
D10,2020-05-13,7816464.32,12702804.39,-98587.59
D20,2020-05-13,7843049.25,12641775.27,-78571.51
D10,2020-05-14,7816501.54,12811303.54,108499.16
D20,2020-05-14,7843086.6,12777196.6,135421.33
D10,2020-05-15,7816538.76,12837625.76,26322.22
D20,2020-05-15,7843123.94,12810619.94,33423.35
D10,2020-05-18,7816579.09,12919413.11,81787.34
D20,2020-05-18,7843164.41,12883901.42,73281.48
D10,2020-05-19,7816619.41,12898195.43,-21217.68
D20,2020-05-19,7843204.87,12887006.88,3105.46
D10,2020-05-20,7816656.63,12958193.59,59998.16
D20,2020-05-20,7843242.21,12924393.21,37386.33
D10,2020-05-21,7816693.86,12874474.9,-83718.69
D20,2020-05-21,7843279.56,12827629.56,-96763.65
D10,2020-05-22,7816731.08,12904315.58,29840.68
D20,2020-05-22,7843316.91,12841103.91,13474.35
D10,2020-05-26,7816774.5,12842092.5,-62223.07
D20,2020-05-26,7843360.49,12761035.49,-80068.43
D10,2020-05-27,7816821.03,12875395.03,33302.53
D20,2020-05-27,7843407.17,12804624.17,43588.69
D10,2020-05-28,7816867.56,12832448.52,-42946.52
D20,2020-05-28,7843453.86,12743963.86,-60660.31
D10,2020-05-29,7816910.99,12904631.99,72183.47
D20,2020-05-29,7843497.43,12790565.43,46601.57
D10,2020-06-01,7816954.42,12881211.44,-23420.55
D20,2020-06-01,7843541.01,12804914.99,14349.56
D10,2020-06-02,7817000.95,12909292.97,28081.52
D20,2020-06-02,7843587.7,12806570.71,1655.72
D10,2020-06-03,7817050.58,12893657.62,-15635.34
D20,2020-06-03,7843637.5,12775046.5,-31524.22
D10,2020-06-04,7817097.11,12868349.15,-25308.47
D20,2020-06-04,7843684.19,12775204.19,157.69
D10,2020-06-05,7817143.64,12947191.62,78842.46
D20,2020-06-05,7843730.87,12834940.86,59736.67
D10,2020-06-08,7817196.37,12975878.4,28686.78
D20,2020-06-08,7843783.79,12884726.77,49785.91
D10,2020-06-09,7817255.31,13063645.33,87766.93
D20,2020-06-09,7843842.93,12967060.95,82334.17
D10,2020-06-10,7817308.05,13091555.05,27909.72
D20,2020-06-10,7843895.84,12983497.84,16436.9
D10,2020-06-11,7817360.78,12750970.78,-340584.26
D20,2020-06-11,7843948.76,12646346.76,-337151.08
D10,2020-06-12,7817410.42,12795851.42,44880.63
D20,2020-06-12,7843998.56,12683783.56,37436.8
D10,2020-06-15,7817466.26,12852021.26,56169.84
D20,2020-06-15,7844054.59,12750125.59,66342.03
D10,2020-06-16,7817518.99,12891513.99,39492.74
D20,2020-06-16,7844107.51,12776803.51,26677.92
D10,2020-06-17,7817571.73,12888633.7,-2880.29
D20,2020-06-17,7844160.42,12755973.44,-20830.07
D10,2020-06-18,7817621.37,12874482.39,-14151.32
D20,2020-06-18,7844210.23,12741588.24,-14385.2
D10,2020-06-19,7817667.9,12857015.88,-17466.51
D20,2020-06-19,7844256.92,12753213.9,11625.66
D10,2020-06-22,7817717.53,12869658.53,12642.66
D20,2020-06-22,7844306.72,12774210.72,20996.82
D10,2020-06-23,7817767.17,12841963.17,-27695.36
D20,2020-06-23,7844356.53,12762665.53,-11545.19
D10,2020-06-24,7817813.71,12732119.71,-109843.47
D20,2020-06-24,7844403.22,12653672.22,-108993.31
D10,2020-06-25,7817863.34,12732649.34,529.64
D20,2020-06-25,7844453.03,12662814.03,9141.81
D10,2020-06-26,7817906.77,12606059.71,-126589.63
D20,2020-06-26,7844496.61,12557019.59,-105794.44
D10,2020-06-29,7817950.21,12670604.21,64544.5
D20,2020-06-29,7844540.19,12613032.19,56012.6
D10,2020-06-30,7817999.85,12788814.78,118210.57
D20,2020-06-30,7844589.99,12742274.98,129242.79
D10,2020-07-01,7818043.28,12788832.26,17.48
D20,2020-07-01,7844633.58,12729265.56,-13009.42
D10,2020-07-02,7818086.71,12810380.76,21548.5
D20,2020-07-02,7844677.16,12740811.16,11545.6
D10,2020-07-06,7818133.25,12861576.25,51195.49
D20,2020-07-06,7844723.85,12790995.85,50184.69
D10,2020-07-07,7818179.78,12821320.85,-40255.4
D20,2020-07-07,7844770.55,12765903.56,-25092.29
D10,2020-07-08,7818226.32,12851004.32,29683.47
D20,2020-07-08,7844817.24,12804323.24,38419.68
D10,2020-07-09,7818266.65,12944480.22,93475.9
D20,2020-07-09,7844857.71,12866406.73,62083.49
D10,2020-07-10,7818306.99,12954916.03,10435.81
D20,2020-07-10,7844898.18,12874202.18,7795.45
D10,2020-07-13,7818350.42,12893789.42,-61126.61
D20,2020-07-13,7844941.76,12790331.76,-83870.42
D10,2020-07-14,7818396.96,12970221.98,76432.56
D20,2020-07-14,7844988.46,12886636.48,96304.71
D10,2020-07-15,7818446.6,12999601.58,29379.6
D20,2020-07-15,7845038.27,12931687.25,45050.78
D10,2020-07-16,7818480.73,12992392.71,-7208.87
D20,2020-07-16,7845072.51,12908071.5,-23615.76
D10,2020-07-17,7818514.86,13026339.86,33947.15
D20,2020-07-17,7845106.76,12945204.76,37133.26
D10,2020-07-20,7818555.19,13100681.21,74341.35
D20,2020-07-20,7845147.23,13030861.24,85656.49
D10,2020-07-21,7818595.52,13095584.5,-5096.71
D20,2020-07-21,7845187.7,13035808.72,4947.47
D10,2020-07-22,7818635.86,13305489.83,209905.33
D20,2020-07-22,7845228.17,13217342.19,181533.47
D10,2020-07-23,7818673.09,13225233.09,-80256.74
D20,2020-07-23,7845265.53,13155171.53,-62170.66
D10,2020-07-24,7818707.22,13445135.22,219902.13
D20,2020-07-24,7845299.77,13348605.77,193434.25
D10,2020-07-27,7818741.35,13437920.37,-7214.85
D20,2020-07-27,7845334.02,13366938.04,18332.26
D10,2020-07-28,7818775.48,13406600.48,-31319.89
D20,2020-07-28,7845368.26,13340908.26,-26029.77
D10,2020-07-29,7818809.61,13692002.56,285402.08
D20,2020-07-29,7845402.51,13566673.51,225765.25
D10,2020-07-30,7818837.53,13781528.53,89525.97
D20,2020-07-30,7845430.53,13598715.53,32042.02
D10,2020-07-31,7818865.46,13748002.44,-33526.1
D20,2020-07-31,7845458.55,13621608.53,22893.0
D10,2020-08-03,7818896.48,13748125.4,122.97
D20,2020-08-03,7845489.68,13611205.62,-10402.92
D10,2020-08-04,7818924.41,14025116.35,276990.94
D20,2020-08-04,7845517.7,13866087.65,254882.04
D10,2020-08-05,7818955.43,14030881.45,5765.11
D20,2020-08-05,7845548.83,13884985.85,18898.2
D10,2020-08-06,7818986.46,14072738.52,41857.07
D20,2020-08-06,7845579.97,13916755.01,31769.16
D10,2020-08-07,7819017.49,14030443.56,-42294.96
D20,2020-08-07,7845611.1,13870819.12,-45935.9
D10,2020-08-10,7819051.62,13978486.7,-51956.86
D20,2020-08-10,7845645.35,13826748.41,-44070.71
D10,2020-08-11,7819085.75,13773019.77,-205466.93
D20,2020-08-11,7845679.59,13594029.61,-232718.8
D10,2020-08-12,7819119.88,14011408.92,238389.15
D20,2020-08-12,7845713.84,13776960.87,182931.26
D10,2020-08-13,7819150.91,13981452.96,-29955.96
D20,2020-08-13,7845744.97,13761812.97,-15147.9
D10,2020-08-14,7819181.94,13959648.98,-21803.98
D20,2020-08-14,7845776.11,13744319.14,-17493.84
D10,2020-08-17,7819212.97,14028173.95,68524.97
D20,2020-08-17,7845807.24,13857516.23,113197.09
D10,2020-08-18,7819240.89,14002773.84,-25400.11
D20,2020-08-18,7845835.26,13821951.22,-35565.01
D10,2020-08-19,7819275.02,13966266.0,-36507.83
D20,2020-08-19,7845869.51,13772247.49,-49703.72
D10,2020-08-20,7819309.16,14045471.19,79205.19
D20,2020-08-20,7845903.76,13847933.79,75686.3
D10,2020-08-21,7819340.19,14090807.25,45336.06
D20,2020-08-21,7845934.89,13860478.91,12545.12
D10,2020-08-24,7819377.42,14093849.36,3042.11
D20,2020-08-24,7845972.25,13866601.21,6122.3
D10,2020-08-25,7819411.55,14193012.55,99163.19
D20,2020-08-25,7846006.5,13945859.5,79258.3
D10,2020-08-26,7819445.68,14187773.66,-5238.89
D20,2020-08-26,7846040.75,13942660.73,-3198.77
D10,2020-08-27,7819479.82,14108728.83,-79044.84
D20,2020-08-27,7846075.0,13871438.05,-71222.69
D10,2020-08-28,7819510.85,14189726.87,80998.04
D20,2020-08-28,7846106.14,13965100.15,93662.1
D10,2020-08-31,7819544.98,14355905.0,166178.13
D20,2020-08-31,7846140.38,14097672.4,132572.25
D10,2020-09-01,7819582.22,14376933.16,21028.16
D20,2020-09-01,7846177.75,14111222.7,13550.3
D10,2020-09-02,7819619.45,14369728.37,-7204.79
D20,2020-09-02,7846215.11,14105333.08,-5889.62
D10,2020-09-03,7819653.59,14020291.53,-349436.84
D20,2020-09-03,7846249.36,13807840.31,-297492.77
D10,2020-09-04,7819687.72,13989657.73,-30633.8
D20,2020-09-04,7846283.61,13785183.66,-22656.65
D10,2020-09-08,7819728.06,13832074.08,-157583.65
D20,2020-09-08,7846324.09,13658800.1,-126383.55
D10,2020-09-09,7819765.3,13994847.26,162773.18
D20,2020-09-09,7846361.45,13823100.42,164300.32
D10,2020-09-10,7819802.53,13847846.51,-147000.75
D20,2020-09-10,7846398.81,13680172.83,-142927.59
D10,2020-09-11,7819836.67,13795132.65,-52713.86
D20,2020-09-11,7846433.06,13633763.05,-46409.78
D10,2020-09-14,7819870.8,13874724.78,79592.13
D20,2020-09-14,7846467.31,13717513.3,83750.25
D10,2020-09-15,7819904.93,13913301.91,38577.13
D20,2020-09-15,7846501.56,13749159.55,31646.25
D10,2020-09-16,7819942.17,13819457.17,-93844.74
D20,2020-09-16,7846538.93,13681802.93,-67356.62
D10,2020-09-17,7819970.1,13800745.08,-18712.09
D20,2020-09-17,7846566.95,13658602.93,-23199.99
D10,2020-09-18,7820001.13,13707878.13,-92866.95
D20,2020-09-18,7846598.09,13560272.09,-98330.85
D10,2020-09-21,7820032.16,13771834.29,63956.16
D20,2020-09-21,7846629.23,13580759.29,20487.2
D10,2020-09-22,7820063.2,13782656.21,10821.92
D20,2020-09-22,7846660.36,13575339.41,-5419.88
D10,2020-09-23,7820097.33,13631619.31,-151036.9
D20,2020-09-23,7846694.61,13397920.6,-177418.81
D10,2020-09-24,7820128.36,13674963.38,43344.07
D20,2020-09-24,7846725.75,13449805.77,51885.17
D10,2020-09-25,7820159.4,13781812.88,106849.49
D20,2020-09-25,7846756.89,13531591.87,81786.1
D10,2020-09-28,7820193.53,13889524.45,107711.58
D20,2020-09-28,7846791.14,13622480.08,90888.2
D10,2020-09-29,7820221.46,13947962.38,58437.93
D20,2020-09-29,7846819.17,13676971.1,54491.02
D10,2020-09-30,7820252.49,14001135.58,53173.19
D20,2020-09-30,7846850.3,13730928.33,53957.23
D10,2020-10-01,7820280.42,14109415.48,108279.9
D20,2020-10-01,7846878.33,13802103.38,71175.04
D10,2020-10-02,7820308.35,13985286.35,-124129.13
D20,2020-10-02,7846906.35,13706907.35,-95196.02
D10,2020-10-05,7820339.38,14166032.36,180746.01
D20,2020-10-05,7846937.49,13872898.51,165991.16
D10,2020-10-06,7820370.42,14080700.42,-85331.94
D20,2020-10-06,7846968.63,13771548.63,-101349.88
D10,2020-10-07,7820401.45,14208055.43,127355.01
D20,2020-10-07,7846999.77,13884813.79,113265.16
D10,2020-10-08,7820429.38,14224588.35,16532.92
D20,2020-10-08,7847027.79,13911656.73,26842.94
D10,2020-10-09,7820460.41,14114800.43,-109787.91
D20,2020-10-09,7847058.93,13840779.95,-70876.78
D10,2020-10-12,7820491.45,14194607.51,79807.07
D20,2020-10-12,7847090.07,13897052.12,56272.17
D10,2020-10-13,7820525.59,14230778.58,36171.07
D20,2020-10-13,7847124.33,13907660.36,10608.24
D10,2020-10-14,7820562.83,14181689.77,-49088.81
D20,2020-10-14,7847161.69,13875604.64,-32055.71
D10,2020-10-15,7820596.96,14140919.94,-40769.83
D20,2020-10-15,7847195.95,13838787.96,-36816.68
D10,2020-10-16,7820631.1,14166616.1,25696.16
D20,2020-10-16,7847230.2,13859732.2,20944.24
D10,2020-10-19,7820665.24,14090351.21,-76264.89
D20,2020-10-19,7847264.45,13784052.47,-75679.73
D10,2020-10-20,7820696.27,14065098.34,-25252.87
D20,2020-10-20,7847295.59,13760974.61,-23077.86
D10,2020-10-21,7820727.31,13979628.37,-85469.97
D20,2020-10-21,7847326.73,13694609.75,-66364.86
D10,2020-10-22,7820755.24,13985615.24,5986.87
D20,2020-10-22,7847354.76,13700361.76,5752.01
D10,2020-10-23,7820786.27,14038810.27,53195.03
D20,2020-10-23,7847385.9,13742643.9,42282.14
D10,2020-10-26,7820820.41,13990834.43,-47975.84
D20,2020-10-26,7847420.15,13698345.17,-44298.73
D10,2020-10-27,7820851.45,13860759.45,-130074.98
D20,2020-10-27,7847451.29,13595211.29,-103133.88
D10,2020-10-28,7820882.48,13655308.48,-205450.96
D20,2020-10-28,7847482.44,13400166.44,-195044.86
D10,2020-10-29,7820910.41,13711360.52,56052.04
D20,2020-10-29,7847510.46,13471944.51,71778.07
D10,2020-10-30,7945749.79,13602494.78,-108865.73
D20,2020-10-30,7997812.03,13425881.06,-46063.45
D10,2020-11-02,7945778.17,13673068.1,70573.32
D20,2020-11-02,7997840.59,13511815.57,85934.52
D10,2020-11-03,7945809.7,13798316.65,125248.55
D20,2020-11-03,7997872.33,13661021.33,149205.75
D10,2020-11-04,7945841.23,14016883.23,218566.58
D20,2020-11-04,7997904.06,13816677.06,155655.74
D10,2020-11-05,7945872.76,14084407.78,67524.55
D20,2020-11-05,7997935.8,13925664.82,108987.75
D10,2020-11-06,7945904.29,14176916.27,92508.49
D20,2020-11-06,7997967.54,14016256.52,90591.7
D10,2020-11-09,7945938.98,14131476.04,-45440.24
D20,2020-11-09,7998002.45,13961109.5,-55147.02
D10,2020-11-10,7945970.51,13983078.47,-148397.56
D20,2020-11-10,7998034.19,13820229.16,-140880.34
D10,2020-11-11,7946002.04,14118322.05,135243.58
D20,2020-11-11,7998065.93,13924313.98,104084.82
D10,2020-11-12,7946033.57,14092642.49,-25679.56
D20,2020-11-12,7998097.67,13907966.6,-16347.37
D10,2020-11-13,7946061.95,14151388.02,58745.52
D20,2020-11-13,7998126.23,13968786.25,60819.65
D10,2020-11-16,7946090.33,14228328.25,76940.23
D20,2020-11-16,7998154.8,14032918.76,64132.52
D10,2020-11-17,7946118.71,14172274.75,-56053.49
D20,2020-11-17,7998183.36,13978347.36,-54571.4
D10,2020-11-18,7946147.09,14101037.07,-71237.69
D20,2020-11-18,7998211.93,13877841.91,-100505.45
D10,2020-11-19,7946169.16,14207287.19,106250.12
D20,2020-11-19,7998234.14,13959625.13,81783.22
D10,2020-11-20,7946191.23,14217966.23,10679.05
D20,2020-11-20,7906606.11,13974488.08,14862.95
D10,2020-11-23,7946216.46,14252727.38,34761.15
D20,2020-11-23,7906631.21,13974457.14,-30.94
D10,2020-11-24,7946244.84,14277356.84,24629.46
D20,2020-11-24,7906659.44,13973314.47,-1142.67
D10,2020-11-25,7946273.22,14330012.14,52655.3
D20,2020-11-25,7906687.68,14028823.62,55509.15
D10,2020-11-27,7946301.6,14362401.62,32389.48
D20,2020-11-27,7906715.92,14062095.9,33272.29
D10,2020-11-30,7946326.82,14550697.82,188296.2
D20,2020-11-30,7906741.02,14220782.05,158686.14
D10,2020-12-01,7946355.2,14592064.27,41366.45
D20,2020-12-01,7906769.26,14262147.25,41365.2
D10,2020-12-02,7946383.58,14630677.6,38613.33
D20,2020-12-02,7906797.5,14293660.51,31513.26
D10,2020-12-03,7946408.81,14573375.83,-57301.77
D20,2020-12-03,7906822.6,14243734.62,-49925.9
D10,2020-12-04,7946437.19,14656705.72,83329.89
D20,2020-12-04,7906850.84,14304542.82,60808.2
D10,2020-12-07,7946462.42,14647649.38,-9056.34
D20,2020-12-07,7906875.94,14333760.93,29218.11
D10,2020-12-08,7946490.8,14633184.8,-14464.58
D20,2020-12-08,7906904.18,14322237.2,-11523.73
D10,2020-12-09,7946516.02,14518097.0,-115087.79
D20,2020-12-09,7906929.28,14234990.26,-87246.94
D10,2020-12-10,7946541.25,14568233.19,50136.19
D20,2020-12-10,7906954.38,14266916.33,31926.07
D10,2020-12-11,7946566.48,14560994.4,-7238.79
D20,2020-12-11,7906979.48,14247246.44,-19669.89
D10,2020-12-14,7946594.86,14641858.9,80864.5
D20,2020-12-14,7907007.72,14298094.75,50848.31
D10,2020-12-15,7946620.09,14736536.55,94677.65
D20,2020-12-15,7907032.82,14406630.79,108536.04
D10,2020-12-16,7946648.47,14723701.47,-12835.08
D20,2020-12-16,7907061.06,14411948.06,5317.27
D10,2020-12-17,7946673.69,14740675.74,16974.27
D20,2020-12-17,7907086.16,14444012.14,32064.08
D10,2020-12-18,7946698.92,14681916.84,-58758.9
D20,2020-12-18,7907111.27,14373937.23,-70074.9
D10,2020-12-21,7946727.3,14551486.24,-130430.6
D20,2020-12-21,7907139.5,14278171.49,-95765.75
D10,2020-12-22,7946755.68,14522787.7,-28698.53
D20,2020-12-22,7907167.74,14238779.76,-39391.73
D10,2020-12-23,7946784.07,14488541.07,-34246.64
D20,2020-12-23,7907195.98,14212823.96,-25955.8
D10,2020-12-24,7946812.45,14502823.47,14282.4
D20,2020-12-24,7907224.22,14229379.24,16555.28
D10,2020-12-28,7946847.14,14508212.08,5388.61
D20,2020-12-28,7907258.74,14214985.67,-14393.58
D10,2020-12-29,7946878.67,14483597.67,-24614.41
D20,2020-12-29,7907290.12,14185403.09,-29582.57
D10,2020-12-30,7946903.9,14523939.92,40342.25
D20,2020-12-30,7907315.22,14230259.24,44856.15
D10,2020-12-31,7946932.28,14533406.28,9466.36
D20,2020-12-31,7907343.46,14228318.43,-1940.8
D10,2021-01-04,7946960.66,14511920.74,-21485.54
D20,2021-01-04,7907371.7,14269056.77,40738.33
D10,2021-01-05,7946989.04,14556852.02,44931.28
D20,2021-01-05,7907399.94,14313460.93,44404.16
D10,2021-01-06,7947017.43,14486797.4,-70054.62
D20,2021-01-06,7907428.18,14303989.23,-9471.7
D10,2021-01-07,7947045.81,14656442.89,169645.49
D20,2021-01-07,7907456.42,14442957.51,138968.29
D10,2021-01-08,7947071.04,14644731.93,-11710.95
D20,2021-01-08,7907481.53,14396630.48,-46327.04
D10,2021-01-11,7947096.27,14728435.34,83703.41
D20,2021-01-11,7907506.63,14464487.72,67857.24
D10,2021-01-12,7947124.65,14668681.08,-59754.26
D20,2021-01-12,7907534.87,14437083.88,-27403.84
D10,2021-01-13,7947153.03,14575678.95,-93002.13
D20,2021-01-13,7907563.11,14350166.05,-86917.83
D10,2021-01-14,7947181.41,14538633.37,-37045.59
D20,2021-01-14,7907591.35,14343732.35,-6433.69
D10,2021-01-15,7947209.8,14436830.8,-101802.57
D20,2021-01-15,7907619.59,14239438.59,-104293.76
D10,2021-01-19,7947238.18,14456034.24,19203.44
D20,2021-01-19,7907647.84,14251409.86,11971.26
D10,2021-01-20,7947263.41,14429509.33,-26524.91
D20,2021-01-20,7907672.94,14261946.87,10537.02
D10,2021-01-21,7947291.79,14555078.71,125569.38
D20,2021-01-21,7907701.18,14348348.12,86401.24
D10,2021-01-22,7947317.02,14543040.02,-12038.69
D20,2021-01-22,7907726.29,14335229.26,-13118.86
D10,2021-01-25,7947345.4,14606300.4,63260.38
D20,2021-01-25,7907754.53,14382382.58,47153.32
D10,2021-01-26,7947367.48,14637543.5,31243.1
D20,2021-01-26,7907776.49,14402399.51,20016.93
D10,2021-01-27,7947392.71,14344741.64,-292801.86
D20,2021-01-27,7907801.6,14124217.61,-278181.9
D10,2021-01-28,7947414.79,14351387.27,6645.62
D20,2021-01-28,7907823.56,14147561.55,23343.94
D10,2021-01-29,7947433.71,14232402.83,-118984.43
D20,2021-01-29,7907842.39,14036711.48,-110850.06
D10,2021-02-01,7947455.79,14332575.81,100172.97
D20,2021-02-01,7907864.36,14112551.37,75839.89
D10,2021-02-02,7947477.86,14391819.8,59244.0
D20,2021-02-02,7907886.32,14167704.28,55152.9
D10,2021-02-03,7947490.48,14369755.5,-22064.31
D20,2021-02-03,7907898.88,14149266.89,-18437.38
D10,2021-02-04,7947503.09,14393934.07,24178.57
D20,2021-02-04,7907911.43,14156292.45,7025.55
D10,2021-02-05,7947512.55,14404063.64,10129.57
D20,2021-02-05,7907920.84,14188719.87,32427.43
D10,2021-02-08,7947528.32,14541818.28,137754.64
D20,2021-02-08,7907936.53,14333603.53,144883.66
D10,2021-02-09,7947540.94,14507074.96,-34743.31
D20,2021-02-09,7907949.09,14297890.07,-35713.46
D10,2021-02-10,7947556.71,14541528.71,34453.74
D20,2021-02-10,7907964.78,14325464.8,27574.73
D10,2021-02-11,7947572.47,14547678.47,6149.77
D20,2021-02-11,7907980.47,14317475.47,-7989.34
D10,2021-02-12,7947585.09,14592881.11,45202.64
D20,2021-02-12,7907993.02,14373748.04,56272.57
D10,2021-02-16,7947597.71,14523424.73,-69456.38
D20,2021-02-16,7908005.57,14293351.59,-80396.45
D10,2021-02-17,7947610.32,14478566.44,-44858.28
D20,2021-02-17,7908018.12,14251746.19,-41605.4
D10,2021-02-18,7947619.78,14441375.76,-37190.68
D20,2021-02-18,7908027.54,14221056.52,-30689.67
D10,2021-02-19,7947632.4,14455471.37,14095.61
D20,2021-02-19,7908040.09,14238634.08,17577.56
D10,2021-02-22,7947641.86,14291137.92,-164333.45
D20,2021-02-22,7908049.5,14112580.52,-126053.56
D10,2021-02-23,7947654.47,14263718.45,-27419.47
D20,2021-02-23,7908062.06,14068281.04,-44299.48
D10,2021-02-24,7947663.94,14350061.94,86343.48
D20,2021-02-24,7908071.47,14135302.47,67021.43
D10,2021-02-25,7947676.55,14147135.55,-202926.38
D20,2021-02-25,7908084.02,13948905.02,-186397.45
D10,2021-02-26,7947689.17,14196529.17,49393.62
D20,2021-02-26,7908096.58,13965582.58,16677.55
D10,2021-03-01,7947704.94,14308028.94,111499.77
D20,2021-03-01,7908112.27,14069052.27,103469.69
D10,2021-03-02,7947717.55,14214185.62,-93843.32
D20,2021-03-02,7908124.82,14024379.84,-44672.43
D10,2021-03-03,7947733.32,14084321.3,-129864.32
D20,2021-03-03,7908140.51,13897729.47,-126650.37
D10,2021-03-04,7947745.94,13937607.92,-146713.38
D20,2021-03-04,7908153.06,13769428.05,-128301.42
D10,2021-03-05,7947758.55,14045917.55,108309.64
D20,2021-03-05,7908165.62,13875712.62,106284.57
D10,2021-03-08,7947774.32,13917732.32,-128185.23
D20,2021-03-08,7908181.31,13790973.31,-84739.31
D10,2021-03-09,7947790.09,14105903.07,188170.75
D20,2021-03-09,7908197.0,13963092.01,172118.7
D10,2021-03-10,7947802.71,14093454.69,-12448.38
D20,2021-03-10,7908209.55,13959627.56,-3464.45
D10,2021-03-11,7947815.32,14224034.34,130579.66
D20,2021-03-11,7908222.1,14064480.12,104852.56
D10,2021-03-12,7947827.94,14241877.91,17843.57
D20,2021-03-12,7908234.66,14095156.67,30676.55
D10,2021-03-15,7947840.55,14314372.57,72494.66
D20,2021-03-15,7908247.21,14208086.22,112929.55
D10,2021-03-16,7947846.86,14342470.79,28098.22
D20,2021-03-16,7908253.48,14233208.47,25122.24
D10,2021-03-17,7947853.17,14345041.17,2570.37
D20,2021-03-17,7908259.76,14257479.76,24271.29
D10,2021-03-18,7947856.32,14166903.82,-178137.35
D20,2021-03-18,7908262.9,14103765.9,-153713.86
D10,2021-03-19,7947859.48,14212429.44,45525.62
D20,2021-03-19,7908266.04,14140530.03,36764.13
D10,2021-03-22,7947868.94,14311615.88,99186.44
D20,2021-03-22,7908275.45,14199866.4,59336.37
D10,2021-03-23,7947872.09,14220729.21,-90886.66
D20,2021-03-23,7908278.59,14097358.63,-102507.77
D10,2021-03-24,7947878.4,14141520.4,-79208.82
D20,2021-03-24,7908284.87,14036884.84,-60473.79
D10,2021-03-25,7947884.71,14167978.69,26458.29
D20,2021-03-25,7908291.14,14065646.13,28761.29
D10,2021-03-26,7947891.01,14300992.01,133013.33
D20,2021-03-26,7908297.42,14208101.42,142455.29
D10,2021-03-29,7947900.48,14301562.55,570.54
D20,2021-03-29,7908306.83,14201760.9,-6340.52
D10,2021-03-30,7947906.78,14229318.76,-72243.8
D20,2021-03-30,7908313.11,14124737.13,-77023.77
D10,2021-03-31,7947916.25,14309261.19,79942.43
D20,2021-03-31,7908322.52,14197689.45,72952.32
D10,2021-04-01,7947922.55,14402952.55,93691.37
D20,2021-04-01,7908328.8,14302094.83,104405.38
D10,2021-04-05,7947932.02,14472491.0,69538.44
D20,2021-04-05,7908338.22,14371226.2,69131.37
D10,2021-04-06,7947938.32,14464579.32,-7911.67
D20,2021-04-06,7908344.49,14368075.49,-3150.71
D10,2021-04-07,7947944.63,14489717.69,25138.37
D20,2021-04-07,7908350.77,14375861.82,7786.32
D10,2021-04-08,7947947.79,14537719.66,48001.97
D20,2021-04-08,7908353.91,14417640.87,41779.05
D10,2021-04-09,7947954.09,14543473.16,5753.5
D20,2021-04-09,7908360.18,14431193.17,13552.31
D10,2021-04-12,7947960.4,14393159.92,-150313.24
D20,2021-04-12,7908366.46,14300089.45,-131103.72
D10,2021-04-13,7947969.86,14428441.84,35281.92
D20,2021-04-13,7908375.87,14347654.86,47565.41
D10,2021-04-14,7947976.17,14365192.21,-63249.63
D20,2021-04-14,7908382.15,14301856.18,-45798.68
D10,2021-04-15,7947982.48,14546514.52,181322.31
D20,2021-04-15,7908388.43,14498782.48,196926.3
D10,2021-04-16,7947988.79,14555844.77,9330.25
D20,2021-04-16,7908394.7,14517641.69,18859.2
D10,2021-04-19,7947995.09,14495218.11,-60626.65
D20,2021-04-19,7908400.98,14443903.97,-73737.72
D10,2021-04-20,7948004.56,14398849.58,-96368.53
D20,2021-04-20,7908410.4,14365578.38,-78325.59
D10,2021-04-21,7948014.02,14507956.1,109106.51
D20,2021-04-21,7908419.81,14471265.88,105687.5
D10,2021-04-22,7948023.48,14363014.51,-144941.59
D20,2021-04-22,7908429.23,14332432.21,-138833.67
D10,2021-04-23,7948032.94,14469825.96,106811.46
D20,2021-04-23,7908438.64,14422811.63,90379.42
D10,2021-04-26,7948042.4,14519969.33,50143.36
D20,2021-04-26,7908448.05,14461367.99,38556.36
D10,2021-04-27,7948045.56,14499332.5,-20636.83
D20,2021-04-27,7908451.19,14429128.14,-32239.84
D10,2021-04-28,7948048.71,14459179.63,-40152.87
D20,2021-04-28,7908454.33,14388973.27,-40154.88
D10,2021-04-29,7948051.87,14483386.81,24207.17
D20,2021-04-29,7908457.47,14378923.42,-10049.84
D10,2021-04-30,8053187.06,14405328.08,-78058.73
D20,2021-04-30,8038714.66,14310585.68,-68337.75
D10,2021-05-03,8053199.84,14367811.78,-37516.3
D20,2021-05-03,8038727.42,14323576.4,12990.73
D10,2021-05-04,8053206.24,14322131.2,-45680.57
D20,2021-05-04,8038733.8,14270071.73,-53504.67
D10,2021-05-05,8053212.63,14328862.67,6731.46
D20,2021-05-05,8038740.18,14298795.21,28723.48
D10,2021-05-06,8053219.02,14343312.95,14450.29
D20,2021-05-06,8038746.56,14344805.54,46010.33
D10,2021-05-07,8053225.41,14428825.35,85512.4
D20,2021-05-07,8038752.94,14453735.87,108930.32
D10,2021-05-10,8053231.8,14337380.8,-91444.55
D20,2021-05-10,8038759.32,14395936.32,-57799.55
D10,2021-05-11,8053235.0,14290723.01,-46657.79
D20,2021-05-11,8038762.51,14333794.56,-62141.76
D10,2021-05-12,8053241.39,14128252.33,-162470.68
D20,2021-05-12,8038768.89,14150093.81,-183700.74
D10,2021-05-13,8053247.78,14134014.8,5762.47
D20,2021-05-13,8038775.27,14170436.29,20342.47
D10,2021-05-14,8053250.98,14253926.92,119912.12
D20,2021-05-14,8038778.46,14308939.41,138503.12
D10,2021-05-17,8053257.37,14241617.39,-12309.53
D20,2021-05-17,8038784.84,14351589.86,42650.44
D10,2021-05-18,8053263.76,14216485.77,-25131.62
D20,2021-05-18,8038791.22,14334442.27,-17147.59
D10,2021-05-19,8053266.95,14256121.99,39636.22
D20,2021-05-19,8038794.41,14327995.47,-6446.79
D10,2021-05-20,8053270.15,14386577.13,130455.14
D20,2021-05-20,8038797.6,14457499.58,129504.11
D10,2021-05-21,7662773.19,14386143.2,-433.94
D20,2021-05-21,6468200.17,14458192.13,692.55
D10,2021-05-24,7662779.27,14410596.38,24453.18
D20,2021-05-24,6468205.3,14496996.34,38804.2
D10,2021-05-25,7662785.35,14419420.3,8823.92
D20,2021-05-25,6468210.43,14491087.38,-5908.96
D10,2021-05-26,7662791.44,14434171.42,14751.12
D20,2021-05-26,6468215.57,14523127.58,32040.21
D10,2021-05-27,7662797.52,14424205.43,-9965.99
D20,2021-05-27,6468220.7,14526547.66,3420.08
D10,2021-05-28,7662800.56,14474243.59,50038.16
D20,2021-05-28,6468223.27,14573051.28,46503.62
D10,2021-06-01,7662806.64,14476694.64,2451.05
D20,2021-06-01,6468228.4,14600527.43,27476.14
D10,2021-06-02,7662812.72,14529599.8,52905.16
D20,2021-06-02,6468233.53,14620138.59,19611.16
D10,2021-06-03,7662818.8,14471333.86,-58265.94
D20,2021-06-03,6468238.67,14543043.73,-77094.86
D10,2021-06-04,7662824.88,14532465.88,61132.02
D20,2021-06-04,6468243.8,14608513.8,65470.07
D10,2021-06-07,7662830.97,14522958.97,-9506.91
D20,2021-06-07,6468248.93,14613708.94,5195.14
D10,2021-06-08,7662837.05,14495669.03,-27289.94
D20,2021-06-08,6468254.07,14589764.03,-23944.91
D10,2021-06-09,7662846.17,14472169.14,-23499.89
D20,2021-06-09,6468261.77,14566979.72,-22784.32
D10,2021-06-10,7662855.29,14557209.3,85040.17
D20,2021-06-10,6468269.47,14648116.46,81136.74
D10,2021-06-11,7662864.42,14547607.4,-9601.91
D20,2021-06-11,6468277.17,14644750.16,-3366.3
D10,2021-06-14,7662873.54,14533284.58,-14322.81
D20,2021-06-14,6468284.87,14633122.87,-11627.29
D10,2021-06-15,7662882.66,14483013.62,-50270.96
D20,2021-06-15,6468292.57,14588235.55,-44887.32
D10,2021-06-16,7662894.82,14430722.87,-52290.75
D20,2021-06-16,6468302.84,14529996.82,-58238.73
D10,2021-06-17,7662906.99,14580508.02,149785.15
D20,2021-06-17,6468313.1,14565537.09,35540.27
D10,2021-06-18,7662922.19,14523960.17,-56547.85
D20,2021-06-18,6468325.94,14515050.98,-50486.12
D10,2021-06-21,7662937.4,14499284.47,-24675.7
D20,2021-06-21,6468338.77,14548525.82,33474.84
D10,2021-06-22,7662949.56,14540511.54,41227.07
D20,2021-06-22,6468349.04,14590144.01,41618.19
D10,2021-06-23,7662964.76,14527201.77,-13309.77
D20,2021-06-23,6468361.87,14581441.83,-8702.19
D10,2021-06-24,7662979.97,14631070.95,103869.17
D20,2021-06-24,6468374.71,14677013.69,95571.87
D10,2021-06-25,7662998.21,14637395.23,6324.29
D20,2021-06-25,6468390.11,14698664.11,21650.41
D10,2021-06-28,7663013.42,14695435.45,58040.22
D20,2021-06-28,6468402.94,14733326.03,34661.92
D10,2021-06-29,7663025.58,14758488.48,63053.03
D20,2021-06-29,6468413.21,14794655.12,61329.09
D10,2021-06-30,7663040.78,14924299.75,165811.27
D20,2021-06-30,6468426.04,14946825.05,152169.93
D10,2021-07-01,7663055.99,14923279.05,-1020.7
D20,2021-07-01,6468438.88,14972568.93,25743.88
D10,2021-07-02,7663071.19,14988813.16,65534.11
D20,2021-07-02,6468451.71,15036007.75,63438.82
D10,2021-07-06,7663086.4,14946848.42,-41964.74
D20,2021-07-06,6468464.55,14973898.58,-62109.17
D10,2021-07-07,7663101.6,14835511.6,-111336.82
D20,2021-07-07,6468477.38,14880486.47,-93412.11
D10,2021-07-08,7663119.85,14786674.87,-48836.73
D20,2021-07-08,6468492.78,14814415.84,-66070.63
D10,2021-07-09,7663138.09,14860572.07,73897.2
D20,2021-07-09,6468508.18,14918029.16,103613.32
D10,2021-07-12,7663153.3,14882228.23,21656.16
D20,2021-07-12,6468521.02,14923543.03,5513.87
D10,2021-07-13,7663168.5,14854318.51,-27909.73
D20,2021-07-13,6468533.85,14891259.82,-32283.21
D10,2021-07-14,7663186.75,14838800.7,-15517.8
D20,2021-07-14,6468549.25,14855847.26,-35412.56
D10,2021-07-15,7663201.95,14777643.91,-61156.79
D20,2021-07-15,6468562.09,14795000.03,-60847.23
D10,2021-07-16,7663217.16,14725159.17,-52484.75
D20,2021-07-16,6468574.92,14697061.87,-97938.16
D10,2021-07-19,7663232.36,14711900.36,-13258.8
D20,2021-07-19,6468587.76,14611280.72,-85781.15
D10,2021-07-20,7663247.57,14775074.63,63174.27
D20,2021-07-20,6468600.59,14698650.55,87369.83
D10,2021-07-21,7663262.77,14872563.8,97489.16
D20,2021-07-21,6468613.42,14808988.38,110337.83
D10,2021-07-22,7663277.98,14917170.98,44607.18
D20,2021-07-22,6468626.26,14851559.25,42570.87
D10,2021-07-23,7663293.18,14966631.08,49460.1
D20,2021-07-23,6468639.09,14900554.05,48994.79
D10,2021-07-26,7663308.39,14976587.44,9956.36
D20,2021-07-26,6468651.93,14915984.98,15430.94
D10,2021-07-27,7663323.59,14961691.67,-14895.77
D20,2021-07-27,6468664.76,14888902.83,-27082.16
D10,2021-07-28,7663338.8,15181151.79,219460.12
D20,2021-07-28,6468677.6,15079498.54,190595.71
D10,2021-07-29,7663357.04,15359871.05,178719.26
D20,2021-07-29,6468693.0,15244717.01,165218.47
D10,2021-07-30,7663375.29,15477023.29,117152.24
D20,2021-07-30,6468708.4,15321692.4,76975.39
D10,2021-08-02,7663390.49,15563478.54,86455.25
D20,2021-08-02,6468721.24,16467085.26,1145392.86
D10,2021-08-03,7663405.7,15743344.72,179866.18
D20,2021-08-03,6468734.07,16686229.12,219143.85
D10,2021-08-04,7663420.91,15902917.85,159573.13
D20,2021-08-04,6468746.91,16782200.82,95971.71
D10,2021-08-05,7663436.11,15703676.11,-199241.73
D20,2021-08-05,6468759.74,16638099.74,-144101.09
D10,2021-08-06,7663454.36,15622799.36,-80876.76
D20,2021-08-06,6468775.14,16566148.14,-71951.59
D10,2021-08-09,7663472.6,15551103.61,-71695.75
D20,2021-08-09,6468790.54,16461676.51,-104471.63
D10,2021-08-10,7663487.81,15555581.8,4478.19
D20,2021-08-10,6468803.38,16485386.44,23709.93
D10,2021-08-11,7663503.01,15595936.97,40355.16
D20,2021-08-11,6468816.21,16555495.24,70108.8
D10,2021-08-12,7663521.26,15559359.26,-36577.7
D20,2021-08-12,6468831.62,16529619.56,-25875.68
D10,2021-08-13,7663539.51,15720525.53,161166.26
D20,2021-08-13,6468847.02,16624369.04,94749.48
D10,2021-08-16,7663557.75,15635450.73,-85074.79
D20,2021-08-16,6468862.42,16528172.4,-96196.64
D10,2021-08-17,7663579.04,15613263.99,-22186.74
D20,2021-08-17,6468880.39,16449645.37,-78527.03
D10,2021-08-18,7663600.33,15429624.33,-183639.66
D20,2021-08-18,6468898.36,16290733.38,-158911.99
D10,2021-08-19,7663618.57,15445986.61,16362.28
D20,2021-08-19,6468913.76,16270721.77,-20011.61
D10,2021-08-20,7663633.78,15492594.81,46608.19
D20,2021-08-20,6468926.59,16346147.63,75425.86
D10,2021-08-23,7663648.99,15655278.07,162683.26
D20,2021-08-23,6468939.43,16540153.48,194005.86
D10,2021-08-24,7663664.19,15584009.11,-71268.96
D20,2021-08-24,6468952.27,16516554.19,-23599.29
D10,2021-08-25,7663682.44,15589303.44,5294.32
D20,2021-08-25,6468967.67,16540235.63,23681.44
D10,2021-08-26,7663697.64,15527876.66,-61426.77
D20,2021-08-26,6468980.5,16453953.47,-86282.16
D10,2021-08-27,7663712.85,15687344.85,159468.19
D20,2021-08-27,6468993.34,16668418.36,214464.89
D10,2021-08-30,7663728.06,15697716.02,10371.17
D20,2021-08-30,6469006.17,16667676.16,-742.2
D10,2021-08-31,7663740.22,15674398.2,-23317.82
D20,2021-08-31,6469016.44,16653762.43,-13913.73
D10,2021-09-01,7663755.43,15658639.45,-15758.75
D20,2021-09-01,6469029.28,16600469.24,-53293.19
D10,2021-09-02,7663770.63,15660729.61,2090.17
D20,2021-09-02,6469042.11,16672964.05,72494.8
D10,2021-09-03,7663785.84,15677955.84,17226.23
D20,2021-09-03,6469054.95,16679509.97,6545.93
D10,2021-09-07,7663801.04,15630967.01,-46988.83
D20,2021-09-07,6469067.78,16610825.73,-68684.24
D10,2021-09-08,7663816.25,15542661.27,-88305.74
D20,2021-09-08,6469080.62,16504528.6,-106297.13
D10,2021-09-09,7663828.41,15527015.45,-15645.81
D20,2021-09-09,6469090.89,16498112.92,-6415.69
D10,2021-09-10,7663843.62,15483414.69,-43600.77
D20,2021-09-10,6469103.72,16424349.74,-73763.18
D10,2021-09-13,7663861.87,15484792.78,1378.1
D20,2021-09-13,6469119.13,16464751.11,40401.37
D10,2021-09-14,7663874.03,15484104.91,-687.88
D20,2021-09-14,6469129.39,16394671.33,-70079.78
D10,2021-09-15,7663886.2,15503616.2,19511.29
D20,2021-09-15,6469139.66,16487330.68,92659.35
D10,2021-09-16,7663898.36,15510749.38,7133.18
D20,2021-09-16,6469149.93,16452609.91,-34720.77
D10,2021-09-17,7663910.53,15411814.55,-98934.84
D20,2021-09-17,6469160.2,16360373.2,-92236.71
D10,2021-09-20,7663922.69,15291685.67,-120128.88
D20,2021-09-20,6469170.47,16188334.43,-172038.77
D10,2021-09-21,7663931.82,15310551.77,18866.1
D20,2021-09-21,6469178.17,16183156.15,-5178.29
D10,2021-09-22,7663940.94,15386029.91,75478.14
D20,2021-09-22,6469185.87,16287503.93,104347.78
D10,2021-09-23,7663950.06,15471368.06,85338.15
D20,2021-09-23,6469193.57,16426198.6,138694.67
D10,2021-09-24,7663959.19,15456145.17,-15222.9
D20,2021-09-24,6469201.27,16418675.27,-7523.32
D10,2021-09-27,7663971.35,15538626.33,82481.16
D20,2021-09-27,6469211.54,16532896.54,114221.26
D10,2021-09-28,7663983.52,15259028.5,-279597.83
D20,2021-09-28,6469221.81,16277286.78,-255609.75
D10,2021-09-29,7663995.68,15232100.64,-26927.86
D20,2021-09-29,6469232.08,16256238.07,-21048.71
D10,2021-09-30,7664007.85,15239110.87,7010.23
D20,2021-09-30,6469242.35,16207513.34,-48724.73
D10,2021-10-01,7664020.01,15260343.97,21233.1
D20,2021-10-01,6469252.62,16277909.52,70396.18
D10,2021-10-04,7664032.18,15160445.14,-99898.83
D20,2021-10-04,6469262.88,16201991.82,-75917.7
D10,2021-10-05,7664044.34,15230069.36,69624.22
D20,2021-10-05,6469273.15,16259124.18,57132.35
D10,2021-10-06,7664056.51,15320811.53,90742.17
D20,2021-10-06,6469283.42,16327253.41,68129.23
D10,2021-10-07,7664071.71,15461372.81,140561.28
D20,2021-10-07,6469296.26,16479710.3,152456.9
D10,2021-10-08,7664086.92,15394179.94,-67192.87
D20,2021-10-08,6469309.09,16427739.08,-51971.23
D10,2021-10-11,7664102.13,15370949.23,-23230.71
D20,2021-10-11,6469321.93,16405016.01,-22723.07
D10,2021-10-12,7664120.38,15373919.31,2970.08
D20,2021-10-12,6469337.33,16397876.29,-7139.73
D10,2021-10-13,7664135.58,15515215.65,141296.34
D20,2021-10-13,6469350.17,16532263.19,134386.91
D10,2021-10-14,7664150.79,15664729.72,149514.07
D20,2021-10-14,6469363.01,16712845.97,180582.77
D10,2021-10-15,7664166.0,15690695.02,25965.29
D20,2021-10-15,6469375.84,16756713.89,43867.92
D10,2021-10-18,7664184.24,15807019.26,116324.25
D20,2021-10-18,6469391.24,16864921.3,108207.42
D10,2021-10-19,7664199.45,15828710.45,21691.19
D20,2021-10-19,6469404.08,16920253.02,55331.72
D10,2021-10-20,7664214.66,15853929.73,25219.28
D20,2021-10-20,6469416.92,16960116.92,39863.91
D10,2021-10-21,7664232.9,15955878.86,101949.12
D20,2021-10-21,6469432.32,17017203.3,57086.37
D10,2021-10-22,7664251.15,15928669.13,-27209.73
D20,2021-10-22,6469447.72,17016549.72,-653.57
D10,2021-10-25,7664269.4,16022712.46,94043.32
D20,2021-10-25,6469463.13,17127848.17,111298.45
D10,2021-10-26,7664287.65,16024193.71,1481.25
D20,2021-10-26,6469478.53,17152652.63,24804.46
D10,2021-10-27,7664305.9,15974281.92,-49911.79
D20,2021-10-27,6469493.93,17043537.0,-109115.63
D10,2021-10-28,7664324.15,15933656.09,-40625.83
D20,2021-10-28,6469509.34,17000126.31,-43410.68
D10,2021-10-29,7721421.47,15911808.57,-21847.51
D20,2021-10-29,6525461.28,16960567.36,-39558.96
D10,2021-11-01,7721436.79,16099926.76,188118.19
D20,2021-11-01,6525474.23,17138296.29,177728.93
D10,2021-11-02,7721452.11,16242084.17,142157.41
D20,2021-11-02,6525487.18,17281941.21,143644.92
D10,2021-11-03,7721467.43,16361400.43,119316.25
D20,2021-11-03,6525500.13,17379177.15,97235.94
D10,2021-11-04,7721479.68,16579725.72,218325.29
D20,2021-11-04,6525510.48,17571313.56,192136.41
D10,2021-11-05,7721495.0,16629723.93,49998.2
D20,2021-11-05,6525523.43,17651512.32,80198.75
D10,2021-11-08,7721513.39,17076901.34,447177.42
D20,2021-11-08,6525538.97,18024119.96,372607.64
D10,2021-11-09,7721525.64,17024673.58,-52227.76
D20,2021-11-09,6525549.33,18000551.29,-23568.67
D10,2021-11-10,7721540.97,16739989.96,-284683.62
D20,2021-11-10,6525562.27,17721534.31,-279016.99
D10,2021-11-11,7721556.29,16940561.89,200571.93
D20,2021-11-11,6525575.22,17881827.91,160293.6
D10,2021-11-12,7721571.61,17019918.56,79356.67
D20,2021-11-12,6525588.17,17989126.21,107298.3
D10,2021-11-15,7721586.93,16974114.16,-45804.4
D20,2021-11-15,6525601.12,17947062.29,-42063.92
D10,2021-11-16,7721602.25,17191406.23,217292.06
D20,2021-11-16,6525614.06,18107418.07,160355.78
D10,2021-11-17,7721617.57,17173472.65,-17933.58
D20,2021-11-17,6525627.01,18053355.09,-54062.98
D10,2021-11-18,7721632.89,17276390.91,102918.26
D20,2021-11-18,6525639.96,18145162.99,91807.9
D10,2021-11-19,7384747.54,17294630.6,18239.69
D20,2021-11-19,6706603.27,18121112.32,-24050.68
D10,2021-11-22,7384762.19,17239866.15,-54764.45
D20,2021-11-22,6706616.57,18094036.61,-27075.71
D10,2021-11-23,7384779.78,17169505.78,-70360.37
D20,2021-11-23,6706632.54,18061458.52,-32578.09
D10,2021-11-24,7384797.36,17426660.38,257154.6
D20,2021-11-24,6706648.51,18302108.5,240649.98
D10,2021-11-26,7384814.94,17283067.92,-143592.46
D20,2021-11-26,6706664.48,18093066.44,-209042.06
D10,2021-11-29,7384832.52,17507376.52,224308.61
D20,2021-11-29,6706680.45,18293721.44,200655.0
D10,2021-11-30,7384847.18,17313922.16,-193454.37
D20,2021-11-30,6706693.75,18061888.72,-231832.72
D10,2021-12-01,7384864.76,17008734.68,-305187.48
D20,2021-12-01,6706709.72,17746282.63,-315606.09
D10,2021-12-02,7384879.41,17078325.02,69590.34
D20,2021-12-02,6706723.03,17865008.71,118726.08
D10,2021-12-03,7384897.0,16898991.68,-179333.34
D20,2021-12-03,6706739.0,17643746.73,-221261.98
D10,2021-12-06,7384914.58,16766182.52,-132809.16
D20,2021-12-06,6706754.97,17604163.88,-39582.85
D10,2021-12-07,7384932.16,16977461.5,211278.98
D20,2021-12-07,6706770.93,17876862.22,272698.35
D10,2021-12-08,7384952.68,17000320.93,22859.43
D20,2021-12-08,6706789.56,17890894.73,14032.5
D10,2021-12-09,7384970.26,16760541.65,-239779.27
D20,2021-12-09,6706805.53,17663693.84,-227200.89
D10,2021-12-10,7384987.84,16816594.92,56053.27
D20,2021-12-10,6706821.5,17720384.58,56690.74
D10,2021-12-13,7385002.49,16685282.5,-131312.42
D20,2021-12-13,6706834.81,17552645.77,-167738.8
D10,2021-12-14,7385017.15,16747989.51,62707.01
D20,2021-12-14,6706848.12,17524645.43,-28000.34
D10,2021-12-15,7385034.73,17197684.76,449695.25
D20,2021-12-15,6706864.08,17877195.1,352549.67
D10,2021-12-16,7385049.38,16983067.43,-214617.33
D20,2021-12-16,6706877.39,17730111.44,-147083.66
D10,2021-12-17,7385064.04,16877859.07,-105208.36
D20,2021-12-17,6706890.7,17608370.73,-121740.71
D10,2021-12-20,7385084.55,16819728.55,-58130.52
D20,2021-12-20,6706909.33,17500730.34,-107640.39
D10,2021-12-21,7385105.07,17116451.01,296722.46
D20,2021-12-21,6706927.96,17812640.93,311910.58
D10,2021-12-22,7385128.51,17133880.57,17429.56
D20,2021-12-22,6706949.25,17844146.28,31505.36
D10,2021-12-23,7385151.95,17216187.04,82306.47
D20,2021-12-23,6706970.54,17944343.61,100197.33
D10,2021-12-27,7385169.54,17535471.51,319284.47
D20,2021-12-27,6706986.51,18256251.48,311907.87
D10,2021-12-28,7385187.12,17508681.79,-26789.73
D20,2021-12-28,6707002.48,18231232.2,-25019.28
D10,2021-12-29,7385201.78,17351585.46,-157096.32
D20,2021-12-29,6707015.79,18102937.55,-128294.65
D10,2021-12-30,7385216.43,17243398.07,-108187.39
D20,2021-12-30,6707029.1,18019949.85,-82987.7
D10,2021-12-31,7385234.01,17214227.72,-29170.35
D20,2021-12-31,6707045.07,18001298.82,-18651.03
D10,2022-01-03,7385260.39,17420724.62,206496.9
D20,2022-01-03,6707069.02,18196622.17,195323.36
D10,2022-01-04,7385283.83,17223136.83,-197587.79
D20,2022-01-04,6707090.31,18109775.31,-86846.86
D10,2022-01-05,7385310.21,16976776.98,-246359.86
D20,2022-01-05,6707114.27,17849511.03,-260264.28
D10,2022-01-06,7385339.52,16974747.49,-2029.48
D20,2022-01-06,6707140.88,17871592.88,22081.85
D10,2022-01-07,7385368.82,16861329.88,-113417.61
D20,2022-01-07,6707167.5,17781980.55,-89612.33
D10,2022-01-10,7385406.92,16875004.94,13675.06
D20,2022-01-10,6707202.1,17789667.13,7686.58
D10,2022-01-11,7385442.09,17056842.09,181837.15
D20,2022-01-11,6707234.04,17991230.04,201562.91
D10,2022-01-12,7385477.26,17056122.16,-719.94
D20,2022-01-12,6707265.98,18008197.93,16967.88
D10,2022-01-13,7385512.43,16883005.66,-173116.49
D20,2022-01-13,6707297.91,17850356.16,-157841.77
D10,2022-01-14,7385550.53,17032732.53,149726.87
D20,2022-01-14,6707332.52,17974129.52,123773.37
D10,2022-01-18,7385600.35,16808860.06,-223872.47
D20,2022-01-18,6707377.76,17749019.51,-225110.01
D10,2022-01-19,7385650.18,16682921.22,-125938.84
D20,2022-01-19,6707423.01,17667166.03,-81853.49
D10,2022-01-20,7385702.93,16427622.93,-255298.29
D20,2022-01-20,6707470.92,17368010.9,-299155.12
D10,2022-01-21,7385752.75,16266856.75,-160766.18
D20,2022-01-21,6707516.17,17170896.17,-197114.73
D10,2022-01-24,7385811.37,16146516.39,-120340.36
D20,2022-01-24,6707569.4,17120434.43,-50461.74
D10,2022-01-25,7385869.99,15909719.88,-236796.51
D20,2022-01-25,6707622.64,16905687.52,-214746.91
D10,2022-01-26,7385925.68,15871565.64,-38154.24
D20,2022-01-26,6707673.21,16837343.21,-68344.31
D10,2022-01-27,7385984.29,15599048.29,-272517.35
D20,2022-01-27,6707726.45,16600332.41,-237010.8
D10,2022-01-28,7386039.98,15743895.98,144847.69
D20,2022-01-28,6707777.02,16763668.02,163335.61
D10,2022-01-31,7386110.33,16076208.33,332312.34
D20,2022-01-31,6707840.91,17084027.92,320359.9
D10,2022-02-01,7386168.95,16189693.03,113484.7
D20,2022-02-01,6707894.14,17246512.27,162484.35
D10,2022-02-02,7386227.57,16433469.65,243776.62
D20,2022-02-02,6707947.38,17447700.47,201188.2
D10,2022-02-03,7386289.12,16313818.14,-119651.51
D20,2022-02-03,6708003.28,17305585.29,-142115.18
D10,2022-02-04,7386356.53,16397078.58,83260.43
D20,2022-02-04,6708064.5,17393246.51,87661.22
D10,2022-02-07,7386438.6,16386557.66,-10520.91
D20,2022-02-07,6708139.04,17413721.04,20474.53
D10,2022-02-08,7386517.74,16515784.83,129227.16
D20,2022-02-08,6708210.91,17508379.95,94658.91
D10,2022-02-09,7386596.88,16685631.28,169846.45
D20,2022-02-09,6708282.78,17676822.11,168442.15
D10,2022-02-10,7386717.06,16397566.06,-288065.22
D20,2022-02-10,6708391.93,17382335.89,-294486.21
D10,2022-02-11,7386825.52,15945349.46,-452216.6
D20,2022-02-11,6708490.42,17039920.42,-342415.47
D10,2022-02-14,7386957.43,15950250.51,4901.05
D20,2022-02-14,6708610.22,17027554.3,-12366.13
D10,2022-02-15,7387077.61,16250996.72,300746.21
D20,2022-02-15,6708719.37,17302901.44,275347.14
D10,2022-02-16,7387191.93,16144532.9,-106463.82
D20,2022-02-16,6708823.19,17240317.2,-62584.24
D10,2022-02-17,7387300.4,15944091.46,-200441.44
D20,2022-02-17,6708921.69,17062035.71,-178281.49
D10,2022-02-18,7387403.0,15943962.01,-129.44
D20,2022-02-18,6709014.87,16994726.85,-67308.86
D10,2022-02-22,7387517.33,15958269.32,14307.3
D20,2022-02-22,6709118.7,16963988.65,-30738.2
D10,2022-02-23,7387622.86,15710295.92,-247973.39
D20,2022-02-23,6709214.55,16765633.6,-198355.04
D10,2022-02-24,7387719.61,15886188.48,175892.56
D20,2022-02-24,6709302.41,16900008.34,134374.74
D10,2022-02-25,7387816.35,16174381.41,288192.93
D20,2022-02-25,6709390.27,17227558.3,327549.95
D10,2022-02-28,7387924.82,16192899.89,18518.48
D20,2022-02-28,6709488.78,17250035.84,22477.54
D10,2022-03-01,7388018.64,15801109.66,-391790.23
D20,2022-03-01,6709573.98,16928812.99,-321222.85
D10,2022-03-02,7388115.39,16038606.33,237496.66
D20,2022-03-02,6709661.84,17171174.78,242361.79
D10,2022-03-03,7388223.86,15815807.86,-222798.47
D20,2022-03-03,6709760.36,16958447.35,-212727.44
D10,2022-03-04,7388320.61,15704761.64,-111046.22
D20,2022-03-04,6709848.22,16874833.27,-83614.08
D10,2022-03-07,7388432.02,15431829.02,-272932.61
D20,2022-03-07,6709949.4,16626827.38,-248005.89
D10,2022-03-08,7388537.57,15440212.54,8383.52
D20,2022-03-08,6710045.26,16669175.21,42347.83
D10,2022-03-09,7388648.99,15688164.94,247952.4
D20,2022-03-09,6710146.44,16897642.44,228467.24
D10,2022-03-10,7388760.4,15505448.36,-182716.59
D20,2022-03-10,6710247.63,16783415.68,-114226.76
D10,2022-03-11,7388874.75,15418405.78,-87042.58
D20,2022-03-11,6710351.48,16669935.52,-113480.16
D10,2022-03-14,7389006.7,15381344.7,-37061.08
D20,2022-03-14,6710471.3,16582330.28,-87605.25
D10,2022-03-15,7389141.58,15699534.58,318189.88
D20,2022-03-15,6710593.8,16841281.82,258951.54
D10,2022-03-16,7389267.66,15948723.63,249189.05
D20,2022-03-16,6710708.3,17085417.27,244135.45
D10,2022-03-17,7389384.95,15864760.92,-83962.7
D20,2022-03-17,6710814.82,17083456.79,-1960.48
D10,2022-03-18,7389505.17,15949466.07,84705.15
D20,2022-03-18,6710924.0,17153838.95,70382.16
D10,2022-03-21,7389666.45,16021855.45,72389.38
D20,2022-03-21,6711070.47,17260825.5,106986.55
D10,2022-03-22,7389816.01,16006032.01,-15823.45
D20,2022-03-22,6711206.29,17249796.35,-11029.15
D10,2022-03-23,7389962.63,15935953.69,-70078.32
D20,2022-03-23,6711339.45,17189507.49,-60288.86
D10,2022-03-24,7390109.26,16209348.28,273394.59
D20,2022-03-24,6711472.61,17407221.64,217714.15
D10,2022-03-25,7390264.68,16219144.73,9796.45
D20,2022-03-25,6711613.77,17428234.72,21013.07
D10,2022-03-28,7390440.64,16236235.64,17090.91
D20,2022-03-28,6711773.57,17394371.58,-33863.14
D10,2022-03-29,7390604.87,16380663.93,144428.29
D20,2022-03-29,6711922.72,17553182.78,158811.21
D10,2022-03-30,7390766.18,16232400.24,-148263.69
D20,2022-03-30,6712069.21,17421513.21,-131669.58
D10,2022-03-31,7390915.75,15836584.75,-395815.49
D20,2022-03-31,6712205.05,17018001.05,-403512.16
D10,2022-04-01,7391068.26,15822830.19,-13754.56
D20,2022-04-01,6712343.55,17064848.51,46847.46
D10,2022-04-04,7391264.77,15890906.79,68076.6
D20,2022-04-04,6712522.02,17113195.99,48347.49
D10,2022-04-05,7391455.42,15749672.42,-141234.37
D20,2022-04-05,6712695.16,16926278.15,-186917.85
D10,2022-04-06,7391651.94,15698185.99,-51486.43
D20,2022-04-06,6712873.63,16840261.64,-86016.51
D10,2022-04-07,7391851.39,15756274.37,58088.38
D20,2022-04-07,6713054.77,16923827.75,83566.11
D10,2022-04-08,7392053.79,15677435.85,-78838.52
D20,2022-04-08,6713238.58,16908382.68,-15445.07
D10,2022-04-11,7392282.59,15518347.65,-159088.2
D20,2022-04-11,6713446.37,16720006.38,-188376.3
D10,2022-04-12,7392499.67,15422608.61,-95739.04
D20,2022-04-12,6713643.51,16669764.41,-50241.97
D10,2022-04-13,7392719.68,15539285.76,116677.15
D20,2022-04-13,6713843.32,16811297.37,141532.97
D10,2022-04-14,7392948.5,15354268.52,-185017.25
D20,2022-04-14,6714051.13,16633982.18,-177315.19
D10,2022-04-18,7393189.07,15344885.07,-9383.45
D20,2022-04-18,6714269.61,16649132.61,15150.43
D10,2022-04-19,7393429.64,15490526.55,145641.48
D20,2022-04-19,6714488.09,16753073.01,103940.4
D10,2022-04-20,7393670.22,15420133.16,-70393.38
D20,2022-04-20,6714706.57,16703710.49,-49362.51
D10,2022-04-21,7393910.81,15218394.81,-201738.35
D20,2022-04-21,6714925.07,16416626.12,-287084.37
D10,2022-04-22,7394151.4,15085794.36,-132600.45
D20,2022-04-22,6715143.57,16180068.63,-236557.5
D10,2022-04-25,7394424.28,15217937.33,132142.97
D20,2022-04-25,6715391.39,16251741.4,71672.77
D10,2022-04-26,7394670.76,14945219.71,-272717.62
D20,2022-04-26,6715615.24,15911016.19,-340725.21
D10,2022-04-27,7394911.38,14930659.46,-14560.25
D20,2022-04-27,6715833.76,15873830.8,-37185.39
D10,2022-04-28,7395149.08,15181072.1,250412.65
D20,2022-04-28,6716049.63,16124007.65,250176.85
D10,2022-04-29,7474967.27,14925910.34,-255161.76
D20,2022-04-29,6806334.8,15844335.83,-279671.82
D10,2022-05-02,7475234.23,15045565.19,119654.85
D20,2022-05-02,6806577.88,15989322.89,144987.06
D10,2022-05-03,7475501.2,15120598.28,75033.1
D20,2022-05-03,6806820.97,16120854.99,131532.1
D10,2022-05-04,7475762.25,15504928.25,384329.97
D20,2022-05-04,6807058.67,16528464.73,407609.74
D10,2022-05-05,7476011.45,15210994.53,-293933.72
D20,2022-05-05,6807285.57,16191350.65,-337114.08
D10,2022-05-06,7476260.65,15265812.65,54818.12
D20,2022-05-06,6807512.48,16240213.41,48862.76
D10,2022-05-09,7476533.59,14888498.59,-377314.06
D20,2022-05-09,6807761.01,15733378.08,-506835.33
D10,2022-05-10,7476797.64,14971060.6,82562.01
D20,2022-05-10,6808001.44,15798846.37,65468.29
D10,2022-05-11,7477064.67,14873419.67,-97640.93
D20,2022-05-11,6808244.58,15655449.58,-143396.8
D10,2022-05-12,7477346.54,14815975.56,-57444.11
D20,2022-05-12,6808501.24,15599291.28,-56158.29
D10,2022-05-13,7477646.23,15203918.23,387942.68
D20,2022-05-13,6808774.13,15991540.08,392248.8
D10,2022-05-16,7477963.73,15212452.76,8534.53
D20,2022-05-16,6809063.23,15959938.24,-31601.84
D10,2022-05-17,7478278.28,15494939.3,282486.54
D20,2022-05-17,6809349.64,16237111.61,277173.36
D10,2022-05-18,7478580.98,15054991.87,-439947.43
D20,2022-05-18,6809625.26,15794232.24,-442879.37
D10,2022-05-19,7478889.61,14974533.61,-80458.26
D20,2022-05-19,6809906.29,15785038.34,-9193.9
D10,2022-05-20,6092633.79,14907499.78,-67033.83
D20,2022-05-20,5910343.16,15731729.12,-53309.22
D10,2022-05-23,6092892.49,15070789.54,163289.75
D20,2022-05-23,5910594.12,15915254.13,183525.01
D10,2022-05-24,6093146.36,14945238.39,-125551.15
D20,2022-05-24,5910840.39,15797987.37,-117266.75
D10,2022-05-25,6093400.24,15021265.27,76026.89
D20,2022-05-25,5911086.68,15914985.7,116998.33
D10,2022-05-26,6093656.55,15329276.52,308011.25
D20,2022-05-26,5911335.32,16237271.25,322285.55
D10,2022-05-27,6093912.87,15555981.86,226705.34
D20,2022-05-27,5911583.97,16496007.96,258736.71
D10,2022-05-31,6094186.13,15497094.13,-58887.73
D20,2022-05-31,5911849.05,16427175.07,-68832.9
D10,2022-06-01,6094456.98,15415627.06,-81467.07
D20,2022-06-01,5912111.8,16343165.83,-84009.24
D10,2022-06-02,6094730.27,15738074.28,322447.22
D20,2022-06-02,5912376.91,16676412.91,333247.08
D10,2022-06-03,6095013.24,15560522.26,-177552.02
D20,2022-06-03,5912651.41,16495609.4,-180803.51
D10,2022-06-06,6095310.73,15540207.75,-20314.51
D20,2022-06-06,5912940.01,16486418.06,-9191.35
D10,2022-06-07,6095610.66,15569875.67,29667.92
D20,2022-06-07,5913230.96,16546967.9,60549.85
D10,2022-06-08,6095913.02,15371301.03,-198574.64
D20,2022-06-08,5913524.27,16345578.28,-201389.62
D10,2022-06-09,6096217.82,15145099.88,-226201.15
D20,2022-06-09,5913819.95,16093598.01,-251980.27
D10,2022-06-10,6096541.98,14899740.99,-245358.89
D20,2022-06-10,5914134.42,15825222.48,-268375.54
D10,2022-06-13,6096950.83,14440928.82,-458812.18
D20,2022-06-13,5914531.04,15318085.95,-507136.52
D10,2022-06-14,6097381.49,14396152.47,-44776.35
D20,2022-06-14,5914948.81,15272256.79,-45829.16
D10,2022-06-15,6097790.4,14536226.27,140073.8
D20,2022-06-15,5915345.49,15384971.34,112714.55
D10,2022-06-16,6098163.05,14188327.11,-347899.16
D20,2022-06-16,5915706.98,14996335.97,-388635.37
D10,2022-06-17,6098545.39,14160554.39,-27772.72
D20,2022-06-17,5916077.89,14911927.89,-84408.08
D10,2022-06-21,6098947.12,14383617.17,223062.78
D20,2022-06-21,5916467.6,15148941.59,237013.7
D10,2022-06-22,6099327.1,14378946.12,-4671.05
D20,2022-06-22,5916836.2,15083423.24,-65518.35
D10,2022-06-23,6099711.93,14426468.97,47522.86
D20,2022-06-23,5917209.53,15055385.53,-28037.71
D10,2022-06-24,6100113.74,14705387.81,278918.84
D20,2022-06-24,5917599.31,15354643.37,299257.84
D10,2022-06-27,6100537.36,14674117.42,-31270.39
D20,2022-06-27,5918010.25,15335290.28,-19353.09
D10,2022-06-28,6100961.01,14373249.96,-300867.46
D20,2022-06-28,5918421.23,15072094.23,-263196.05
D10,2022-06-29,6101379.84,14279113.85,-94136.12
D20,2022-06-29,5918827.53,14911784.56,-160309.67
D10,2022-06-30,6101781.76,14235664.68,-43449.17
D20,2022-06-30,5919217.42,14829042.36,-82742.2
D10,2022-07-01,6102183.7,14179597.66,-56067.02
D20,2022-07-01,5919607.34,14804541.31,-24501.04
D10,2022-07-05,6102634.1,14232757.08,53159.42
D20,2022-07-05,5920044.26,14790203.28,-14338.03
D10,2022-07-06,6103082.11,14273809.1,41052.01
D20,2022-07-06,5920478.87,14788560.85,-1642.43
D10,2022-07-07,6103539.84,14471055.86,197246.77
D20,2022-07-07,5920922.91,15024380.96,235820.11
D10,2022-07-08,6104002.45,14480433.43,9377.57
D20,2022-07-08,5921371.67,15021468.65,-2912.31
D10,2022-07-11,6104518.39,14353166.35,-127267.08
D20,2022-07-11,5921872.17,14871565.14,-149903.51
D10,2022-07-12,6105041.63,14294862.65,-58303.7
D20,2022-07-12,5922379.76,14803116.78,-68448.36
D10,2022-07-13,6105606.11,14335514.18,40651.53
D20,2022-07-13,5922927.35,14825473.37,22356.59
D10,2022-07-14,6106170.63,14394820.63,59306.46
D20,2022-07-14,5923474.98,14792160.97,-33312.39
D10,2022-07-15,6106725.52,14542644.61,147823.98
D20,2022-07-15,5924013.26,14962652.34,170491.36
D10,2022-07-18,6107316.8,14499023.78,-43620.83
D20,2022-07-18,5924586.86,14971723.86,9071.52
D10,2022-07-19,6107912.99,14745948.93,246925.15
D20,2022-07-19,5925165.21,15242887.16,271163.29
D10,2022-07-20,6108504.4,14858712.32,112763.38
D20,2022-07-20,5925738.92,15357827.88,114940.73
D10,2022-07-21,6109086.16,14973334.15,114621.83
D20,2022-07-21,5926303.27,15455345.31,97517.43
D10,2022-07-22,6109670.4,14864638.38,-108695.77
D20,2022-07-22,5926870.04,15338456.01,-116889.3
D10,2022-07-25,6110288.64,14852528.73,-12109.65
D20,2022-07-25,5927469.78,15251125.81,-87330.2
D10,2022-07-26,6110889.97,14749908.98,-102619.75
D20,2022-07-26,5928053.12,15166327.16,-84798.65
D10,2022-07-27,6111464.69,15004451.65,254542.67
D20,2022-07-27,5928610.64,15417767.61,251440.45
D10,2022-07-28,6112034.6,15117391.63,112939.97
D20,2022-07-28,5929163.5,15534335.52,116567.91
D10,2022-07-29,6112602.15,15180846.15,63454.53
D20,2022-07-29,5929714.07,15624713.03,90377.51
D10,2022-08-01,6113203.71,15302624.62,121778.47
D20,2022-08-01,5930297.63,15729443.56,104730.52
D10,2022-08-02,6113805.32,15332229.35,29604.73
D20,2022-08-02,5930881.24,15732926.22,3482.66
D10,2022-08-03,6114397.3,15373119.3,40889.95
D20,2022-08-03,5931455.5,15769058.52,36132.3
D10,2022-08-04,6114982.05,15534177.0,161057.7
D20,2022-08-04,5932022.76,15892488.72,123430.21
D10,2022-08-05,6115583.84,15441115.85,-93061.15
D20,2022-08-05,5932606.54,15848589.55,-43899.17
D10,2022-08-08,6116207.53,15386501.61,-54614.24
D20,2022-08-08,5933211.58,15825616.61,-22972.94
D10,2022-08-09,6116833.71,15225297.65,-161203.96
D20,2022-08-09,5933819.02,15678080.98,-147535.63
D10,2022-08-10,6117455.11,15431693.14,206395.49
D20,2022-08-10,5934421.83,15917079.82,238998.84
D10,2022-08-11,6118066.85,15376683.8,-55009.35
D20,2022-08-11,5935015.27,15925823.24,8743.42
D10,2022-08-12,6118681.09,15588694.14,212010.34
D20,2022-08-12,5935611.12,16140478.18,214654.93
D10,2022-08-15,6119319.66,15639579.7,50885.56
D20,2022-08-15,5936230.59,16152682.59,12204.41
D10,2022-08-16,6119953.45,15654318.44,14738.74
D20,2022-08-16,5936845.42,16180055.37,27372.78
D10,2022-08-17,6120582.44,15558590.52,-95727.92
D20,2022-08-17,5937455.59,16065923.66,-114131.71
D10,2022-08-18,6121216.36,15634022.34,75431.82
D20,2022-08-18,5938070.54,16138808.61,72884.95
D10,2022-08-19,6121857.63,15438969.64,-195052.7
D20,2022-08-19,5938692.63,15915396.63,-223411.99
D10,2022-08-22,6122523.26,15228667.29,-210302.35
D20,2022-08-22,5939338.34,15709325.35,-206071.28
D10,2022-08-23,6123181.68,15189997.68,-38669.61
D20,2022-08-23,5939977.06,15715903.06,6577.71
D10,2022-08-24,6123845.02,15198279.02,8281.34
D20,2022-08-24,5940620.56,15738014.53,22111.47
D10,2022-08-25,6124520.59,15163417.62,-34861.4
D20,2022-08-25,5941275.91,15692642.96,-45371.58
D10,2022-08-26,6125196.23,14798060.16,-365357.46
D20,2022-08-26,5941931.34,15290112.29,-402530.67
D10,2022-08-29,6125898.68,14678420.75,-119639.41
D20,2022-08-29,5942612.77,15222538.77,-67573.51
D10,2022-08-30,6126598.79,14563756.78,-114663.96
D20,2022-08-30,5943291.93,15082980.95,-139557.83
D10,2022-08-31,6127296.54,14442046.52,-121710.27
D20,2022-08-31,5943968.8,14946495.79,-136485.16
D10,2022-09-01,6127996.8,14401265.84,-40780.68
D20,2022-09-01,5944648.11,14881590.09,-64905.7
D10,2022-09-02,6128689.85,14248334.84,-152931.01
D20,2022-09-02,5945320.42,14785924.4,-95665.69
D10,2022-09-06,6129409.72,14165337.7,-82997.14
D20,2022-09-06,5946018.76,14710550.75,-75373.65
D10,2022-09-07,6130134.55,14280101.56,114763.86
D20,2022-09-07,5946721.9,14837368.96,126818.21
D10,2022-09-08,6130857.03,14404757.02,124655.47
D20,2022-09-08,5947422.77,14963465.76,126096.8
D10,2022-09-09,6131582.03,14565633.08,160876.06
D20,2022-09-09,5948126.07,15138653.09,175187.33
D10,2022-09-12,6132333.88,14584835.9,19202.81
D20,2022-09-12,5948855.43,15191432.45,52779.35
D10,2022-09-13,6133110.15,14109126.1,-475709.79
D20,2022-09-13,5949608.48,14692882.49,-498549.95
D10,2022-09-14,6133874.36,14130356.25,21230.15
D20,2022-09-14,5950349.82,14718694.76,25812.27
D10,2022-09-15,6134633.79,14046244.79,-84111.46
D20,2022-09-15,5951086.53,14565436.5,-153258.26
D10,2022-09-16,6135388.45,14047885.47,1640.68
D20,2022-09-16,5951818.61,14535158.63,-30277.87
D10,2022-09-19,6136189.46,14077848.53,29963.05
D20,2022-09-19,5952595.65,14575700.68,40542.06
D10,2022-09-20,6136983.27,13999259.24,-78589.29
D20,2022-09-20,5953365.71,14466250.63,-109450.05
D10,2022-09-21,6137765.0,13900145.0,-99114.23
D20,2022-09-21,5954124.05,14345098.05,-121152.59
D10,2022-09-22,6138541.96,13737863.1,-162281.9
D20,2022-09-22,5954877.77,14186470.84,-158627.2
D10,2022-09-23,6139301.97,13599932.94,-137930.16
D20,2022-09-23,5955615.04,13982550.01,-203920.84
D10,2022-09-26,6140105.93,13536341.99,-63590.95
D20,2022-09-26,5956394.94,13885460.98,-97089.03
D10,2022-09-27,6140900.25,13529398.17,-6943.82
D20,2022-09-27,5957165.49,13897985.47,12524.49
D10,2022-09-28,6141701.97,13627960.0,98561.83
D20,2022-09-28,5957943.23,14049581.24,151595.77
D10,2022-09-29,6142496.5,13381389.5,-246570.5
D20,2022-09-29,5958713.98,13821006.01,-228575.23
D10,2022-09-30,6143281.37,13264283.3,-117106.2
D20,2022-09-30,5959475.37,13717658.36,-103347.65
D10,2022-10-03,6144095.6,13450795.56,186512.25
D20,2022-10-03,5960265.24,13974661.2,257002.83
D10,2022-10-04,6144905.06,13622711.14,171915.58
D20,2022-10-04,5961050.48,14219088.55,244427.35
D10,2022-10-05,6145717.07,13603532.05,-19179.1
D20,2022-10-05,5961838.19,14214744.18,-4344.38
D10,2022-10-06,6146526.74,13532309.67,-71222.38
D20,2022-10-06,5962623.64,14189103.58,-25640.6
D10,2022-10-07,6147334.08,13101864.09,-430445.58
D20,2022-10-07,5963406.83,13768779.8,-420323.77
D10,2022-10-10,6148141.53,13073500.6,-28363.49
D20,2022-10-10,5964190.11,13713490.11,-55289.69
D10,2022-10-11,6149002.76,13070791.75,-2708.86
D20,2022-10-11,5965025.57,13682111.53,-31378.58
D10,2022-10-12,6149871.42,13119067.43,48275.68
D20,2022-10-12,5965868.25,13711241.25,29129.71
D10,2022-10-13,6150759.74,13287615.77,168548.34
D20,2022-10-13,5966729.99,13890204.01,178962.76
D10,2022-10-14,6151650.62,13098469.59,-189146.18
D20,2022-10-14,5967594.22,13687642.22,-202561.79
D10,2022-10-17,6152583.13,13259387.15,160917.55
D20,2022-10-17,5968498.83,13855411.89,167769.67
D10,2022-10-18,6153532.88,13311424.87,52037.73
D20,2022-10-18,5969420.16,13932524.21,77112.32
D10,2022-10-19,6154487.65,13270367.62,-41057.26
D20,2022-10-19,5970346.36,13884855.32,-47668.88
D10,2022-10-20,6155442.58,13240587.61,-29780.01
D20,2022-10-20,5971272.72,13860632.7,-24222.62
D10,2022-10-21,6156395.2,13412571.2,171983.59
D20,2022-10-21,5972196.84,14085353.88,224721.18
D10,2022-10-24,6157372.41,13489328.36,76757.17
D20,2022-10-24,5973144.81,14154161.76,68807.88
D10,2022-10-25,6158342.44,13596437.46,107109.1
D20,2022-10-25,5974085.82,14271454.37,117292.61
D10,2022-10-26,6159305.29,13548385.38,-48052.08
D20,2022-10-26,5975019.86,14274322.91,2868.54
D10,2022-10-27,6160270.74,13482549.75,-65835.64
D20,2022-10-27,5975956.42,14199213.47,-75109.44
D10,2022-10-28,6226856.5,13754573.5,272023.75
D20,2022-10-28,6052512.58,14452113.62,252900.16
D10,2022-10-31,6227859.72,13653942.71,-100630.79
D20,2022-10-31,6053487.71,14358531.71,-93581.92
D10,2022-11-01,6228863.09,13638318.02,-15624.69
D20,2022-11-01,6054462.99,14353367.96,-5163.74
D10,2022-11-02,6229861.69,13484678.76,-153639.26
D20,2022-11-02,6055433.63,14136194.67,-217173.29
D10,2022-11-03,6230865.39,13477039.4,-7639.36
D20,2022-11-03,6056409.23,14104277.25,-31917.42
D10,2022-11-04,6231859.36,13602240.36,125200.96
D20,2022-11-04,6057375.37,14305840.34,201563.09
D10,2022-11-07,6232878.22,13691593.26,89352.9
D20,2022-11-07,6058365.7,14417351.75,111511.41
D10,2022-11-08,6233892.3,13742852.33,51259.07
D20,2022-11-08,6059351.39,14517088.38,99736.63
D10,2022-11-09,6234909.02,13501981.0,-240871.32
D20,2022-11-09,6060339.64,14259504.63,-257583.75
D10,2022-11-10,6235920.95,14009634.9,507653.89
D20,2022-11-10,6061323.24,14837217.23,577712.6
D10,2022-11-11,6236933.05,14162635.03,153000.14
D20,2022-11-11,6062307.01,15045757.03,208539.8
D10,2022-11-14,6237962.64,14201597.64,38962.6
D20,2022-11-14,6063307.77,15047470.81,1713.78
D10,2022-11-15,6238987.45,14342308.46,140710.83
D20,2022-11-15,6064303.88,15204260.88,156790.07
D10,2022-11-16,6240012.43,14193877.45,-148431.01
D20,2022-11-16,6065300.16,15024227.18,-180033.7
D10,2022-11-17,6241035.1,14254500.09,60622.64
D20,2022-11-17,6066294.2,15049977.16,25749.98
D10,2022-11-18,5941313.37,14287397.38,32897.3
D20,2022-11-18,6785811.52,15036713.45,-13263.71
D10,2022-11-21,5942310.66,14277219.65,-10177.73
D20,2022-11-21,6786950.56,14966568.58,-70144.87
D10,2022-11-22,5943303.4,14432205.38,154985.73
D20,2022-11-22,6788084.42,15139089.4,172520.82
D10,2022-11-23,5944296.31,14501921.33,69715.95
D20,2022-11-23,6789218.46,15188862.52,49773.12
D10,2022-11-25,5945291.74,14455080.76,-46840.57
D20,2022-11-25,6790355.38,15141022.42,-47840.11
D10,2022-11-28,5946306.22,14355674.72,-99406.04
D20,2022-11-28,6791514.05,14964745.0,-176277.41
D10,2022-11-29,5947313.79,14340576.8,-15097.92
D20,2022-11-29,6792664.84,14994521.9,29776.9
D10,2022-11-30,5948321.53,14627284.48,286707.68
D20,2022-11-30,6793815.82,15271964.81,277442.91
D10,2022-12-01,5949317.63,14612754.58,-14529.9
D20,2022-12-01,6794953.51,15248010.5,-23954.31
D10,2022-12-02,5950313.91,14533963.91,-78790.67
D20,2022-12-02,6796091.4,15191881.45,-56129.05
D10,2022-12-05,5951322.16,14412536.13,-121427.78
D20,2022-12-05,6797242.96,15012792.93,-179088.52
D10,2022-12-06,5952330.57,14206674.58,-205861.55
D20,2022-12-06,6798394.71,14810887.76,-201905.17
D10,2022-12-07,5953322.63,14218134.64,11460.06
D20,2022-12-07,6799527.78,14808556.77,-2330.99
D10,2022-12-08,5954307.76,14282575.79,64441.15
D20,2022-12-08,6800652.94,14811765.9,3209.14
D10,2022-12-09,5955297.78,14179248.82,-103326.97
D20,2022-12-09,6801783.68,14693300.73,-118465.17
D10,2022-12-12,5956311.6,14315682.61,136433.79
D20,2022-12-12,6802941.6,14845819.67,152518.94
D10,2022-12-13,5957318.5,14383339.61,67657.0
D20,2022-12-13,6804091.62,14934934.68,89115.02
D10,2022-12-14,5958318.48,14289340.5,-93999.11
D20,2022-12-14,6805233.74,14841405.76,-93528.92
D10,2022-12-15,5959316.26,14070471.25,-218869.25
D20,2022-12-15,6806373.35,14619301.33,-222104.44
D10,2022-12-16,5960309.48,13961504.46,-108966.78
D20,2022-12-16,6807507.74,14523719.78,-95581.54
D10,2022-12-19,5961321.79,13893177.73,-68326.73
D20,2022-12-19,6808663.94,14438772.95,-84946.84
D10,2022-12-20,5962327.17,13926712.24,33534.5
D20,2022-12-20,6809812.22,14523679.23,84906.28
D10,2022-12-21,5963325.62,14072668.59,145956.35
D20,2022-12-21,6810952.6,14665312.56,141633.33
D10,2022-12-22,5964328.98,13889492.97,-183175.62
D20,2022-12-22,6812098.57,14476600.53,-188712.04
D10,2022-12-23,5965330.13,13939316.08,49823.11
D20,2022-12-23,6813242.03,14544656.03,68055.5
D10,2022-12-27,5966359.86,13880936.92,-58379.16
D20,2022-12-27,6814418.12,14507543.16,-37112.87
D10,2022-12-28,5967389.77,13785716.79,-95220.13
D20,2022-12-28,6815594.42,14399087.41,-108455.75
D10,2022-12-29,5968417.49,13927218.45,141501.65
D20,2022-12-29,6816768.22,14555471.17,156383.76
D10,2022-12-30,5969435.91,13913920.87,-13297.58
D20,2022-12-30,6817931.4,14546391.41,-9079.76
D10,2023-01-03,5970478.19,13891392.27,-22528.6
D20,2023-01-03,6819121.83,14550801.81,4410.4
D10,2023-01-04,5971523.02,13862853.01,-28539.26
D20,2023-01-04,6820315.17,14421054.19,-129747.62
D10,2023-01-05,5972591.74,13746716.78,-116136.23
D20,2023-01-05,6821535.79,14346220.75,-74833.44
D10,2023-01-06,5973660.64,13953893.67,207176.89
D20,2023-01-06,6822756.63,14531497.62,185276.88
D10,2023-01-09,5974739.22,14000001.14,46107.46
D20,2023-01-09,6823988.52,14622934.55,91436.93
D10,2023-01-10,5975822.73,14040825.79,40824.65
D20,2023-01-10,6825226.04,14708149.03,85214.48
D10,2023-01-11,5976906.44,14123306.47,82480.68
D20,2023-01-11,6826463.79,14819190.86,111041.82
D10,2023-01-12,5977973.75,14186187.73,62881.26
D20,2023-01-12,6827682.81,14930884.77,111693.91
D10,2023-01-13,5979043.62,14223997.61,37809.88
D20,2023-01-13,6828904.74,14994554.77,63670.0
D10,2023-01-17,5980125.54,14207799.55,-16198.06
D20,2023-01-17,6830140.45,14954679.46,-39875.31
D10,2023-01-18,5981202.91,14064356.93,-143442.61
D20,2023-01-18,6831370.96,14840902.03,-113777.43
D10,2023-01-19,5982282.85,13907251.83,-157105.11
D20,2023-01-19,6832604.4,14722058.33,-118843.7
D10,2023-01-20,5983367.73,14066136.7,158884.87
D20,2023-01-20,6833843.49,14898060.48,176002.15
D10,2023-01-23,5984455.18,14320114.18,253977.48
D20,2023-01-23,6835085.51,15160121.56,262061.08
D10,2023-01-24,5985540.46,14264841.5,-55272.68
D20,2023-01-24,6836325.05,15107500.09,-52621.47
D10,2023-01-25,5986623.56,14285585.51,20744.01
D20,2023-01-25,6837562.1,15147101.1,39601.01
D10,2023-01-26,5987704.48,14299052.46,13466.95
D20,2023-01-26,6838796.66,15178551.68,31450.58
D10,2023-01-27,5988790.34,14301849.38,2796.92
D20,2023-01-27,6840036.87,15212342.92,33791.23
D10,2023-01-30,5989881.16,14157000.09,-144849.29
D20,2023-01-30,6841282.73,15022552.75,-189790.16
D10,2023-01-31,5990969.79,14318813.78,161813.69
D20,2023-01-31,6842526.11,15163678.09,141125.34
D10,2023-02-01,5992049.12,14704062.07,385248.3
D20,2023-02-01,6843758.85,15527513.87,363835.77
D10,2023-02-02,5993126.26,14884749.29,180687.22
D20,2023-02-02,6844989.1,15698181.18,170667.32
D10,2023-02-03,5994213.11,14753202.14,-131547.15
D20,2023-02-03,6846230.43,15517372.38,-180808.8
D10,2023-02-06,5995304.91,14649400.88,-103801.26
D20,2023-02-06,6847477.42,15386167.43,-131204.95
D10,2023-02-07,5996396.92,14750558.91,101158.03
D20,2023-02-07,6848724.64,15523448.65,137281.21
D10,2023-02-08,5997489.12,14677772.18,-72786.73
D20,2023-02-08,6849972.09,15454609.01,-68839.63
D10,2023-02-09,5998593.42,14594380.42,-83391.76
D20,2023-02-09,6851233.35,15328838.36,-125770.66
D10,2023-02-10,5999702.68,14580418.6,-13961.82
D20,2023-02-10,6852500.29,15331228.21,2389.86
D10,2023-02-13,6000816.91,14711904.01,131485.41
D20,2023-02-13,6853772.89,15448705.93,117477.72
D10,2023-02-14,6001928.97,14789803.01,77898.99
D20,2023-02-14,6855043.02,15526375.0,77669.06
D10,2023-02-15,6003038.85,14785569.9,-4233.1
D20,2023-02-15,6856310.66,15510067.67,-16307.32
D10,2023-02-16,6004158.46,14529788.43,-255781.47
D20,2023-02-16,6857589.41,15271375.35,-238692.32
D10,2023-02-17,6005278.28,14509238.23,-20550.2
D20,2023-02-17,6858868.41,15162639.37,-108735.98
D10,2023-02-21,6006403.08,14376135.03,-133103.2
D20,2023-02-21,6860153.09,14994317.16,-168322.21
D10,2023-02-22,6007525.71,14360444.73,-15690.3
D20,2023-02-22,6861435.28,14997905.23,3588.06
D10,2023-02-23,6008648.54,14476562.53,116117.8
D20,2023-02-23,6862717.72,15110507.77,112602.54
D10,2023-02-24,6009773.97,14367641.98,-108920.55
D20,2023-02-24,6864003.11,15001482.11,-109025.66
D10,2023-02-27,6010904.38,14377194.38,9552.4
D20,2023-02-27,6865294.2,15033082.23,31600.12
D10,2023-02-28,6012030.23,14335499.23,-41695.15
D20,2023-02-28,6866580.08,15025489.09,-7593.15
D10,2023-03-01,6013158.68,14286385.66,-49113.57
D20,2023-03-01,6867868.93,14983885.93,-41603.15
D10,2023-03-02,6014289.73,14415151.71,128766.05
D20,2023-03-02,6869160.74,15084874.76,100988.83
D10,2023-03-03,6015420.99,14499841.93,84690.22
D20,2023-03-03,6870452.8,15209270.75,124395.98
D10,2023-03-06,6016557.24,14516186.26,16344.33
D20,2023-03-06,6871750.55,15199248.56,-10022.18
D10,2023-03-07,6017719.96,14487957.97,-28228.29
D20,2023-03-07,6873078.54,15136739.59,-62508.97
D10,2023-03-08,6018887.68,14590863.72,102905.75
D20,2023-03-08,6874412.25,15239911.3,103171.71
D10,2023-03-09,6020050.86,14508979.92,-81883.79
D20,2023-03-09,6875740.75,15183708.76,-56202.54
D10,2023-03-10,6021204.7,14438661.71,-70318.21
D20,2023-03-10,6877058.6,15085967.6,-97741.16
D10,2023-03-13,6022327.7,14428030.75,-10630.96
D20,2023-03-13,6878341.23,15063383.17,-22584.43
D10,2023-03-14,6023453.3,14684325.41,256294.66
D20,2023-03-14,6879626.82,15291643.83,228260.66
D10,2023-03-15,6024550.43,14808328.46,124003.05
D20,2023-03-15,6880879.9,15326187.91,34544.08
D10,2023-03-16,6025642.98,15105373.98,297045.52
D20,2023-03-16,6882127.74,15622303.79,296115.88
D10,2023-03-17,6026685.51,15098946.41,-6427.57
D20,2023-03-17,6883318.46,15627225.45,4921.66
D10,2023-03-20,6027797.58,15108713.55,9767.14
D20,2023-03-20,6884588.6,15612446.57,-14778.88
D10,2023-03-21,6028902.68,15107837.64,-875.91
D20,2023-03-21,6885850.77,15665077.75,52631.18
D10,2023-03-22,6030010.37,15096112.38,-11725.25
D20,2023-03-22,6887115.91,15596804.93,-68272.82
D10,2023-03-23,6031103.9,15200999.76,104887.37
D20,2023-03-23,6888364.88,15709529.87,112724.94
D10,2023-03-24,6032197.64,15177271.65,-23728.11
D20,2023-03-24,6889614.08,15667983.1,-41546.76
D10,2023-03-27,6033334.66,15148387.71,-28883.94
D20,2023-03-27,6890912.72,15674270.71,6287.61
D10,2023-03-28,6034445.56,15054584.5,-93803.21
D20,2023-03-28,6892181.52,15614029.52,-60241.19
D10,2023-03-29,6035556.67,15178341.68,123757.18
D20,2023-03-29,6893450.56,15740409.52,126380.0
D10,2023-03-30,6036706.3,15276605.29,98263.61
D20,2023-03-30,6894763.6,15823278.56,82869.04
D10,2023-03-31,6037827.4,15356472.36,79867.07
D20,2023-03-31,6896044.05,15925763.02,102484.47
D10,2023-04-03,6038970.27,15334586.23,-21886.13
D20,2023-04-03,6897349.37,15961356.36,35593.33
D10,2023-04-04,6040106.17,15292232.21,-42354.02
D20,2023-04-04,6898646.73,15922679.67,-38676.69
D10,2023-04-05,6041237.5,15196642.41,-95589.8
D20,2023-04-05,6899938.86,15809782.8,-112896.87
D10,2023-04-06,6042381.02,15213039.04,16396.62
D20,2023-04-06,6901244.92,15792611.97,-17170.83
D10,2023-04-10,6043565.51,15309720.55,96681.51
D20,2023-04-10,6902597.78,15888045.79,95433.81
D10,2023-04-11,6044738.25,15244450.25,-65270.29
D20,2023-04-11,6903937.22,15831916.19,-56129.6
D10,2023-04-12,6045906.42,15158076.5,-86373.76
D20,2023-04-12,6905271.43,15746238.4,-85677.79
D10,2023-04-13,6047094.01,15228652.04,70575.55
D20,2023-04-13,6906627.82,15829119.37,82880.96
D10,2023-04-14,6048289.03,15190242.02,-38410.02
D20,2023-04-14,6907992.7,15810240.75,-18878.61
D10,2023-04-17,6049503.49,15154574.47,-35667.55
D20,2023-04-17,6909379.78,15776962.83,-33277.93
D10,2023-04-18,6050713.39,15158259.47,3685.0
D20,2023-04-18,6910761.66,15810711.62,33748.8
D10,2023-04-19,6051916.33,15151912.38,-6347.09
D20,2023-04-19,6912135.59,15800725.59,-9986.03
D10,2023-04-20,6053109.9,15140841.92,-11070.46
D20,2023-04-20,6913498.81,15781319.76,-19405.83
D10,2023-04-21,6054306.11,15131169.19,-9672.73
D20,2023-04-21,6914865.05,15735543.05,-45776.71
D10,2023-04-24,6055516.97,15100308.0,-30861.19
D20,2023-04-24,6916248.02,15727676.04,-7867.01
D10,2023-04-25,6056711.26,14965111.35,-135196.65
D20,2023-04-25,6917612.06,15539833.08,-187842.96
D10,2023-04-26,6057912.99,15011316.91,46205.56
D20,2023-04-26,6918984.6,15534705.53,-5127.55
D10,2023-04-27,6059122.16,15165259.14,153942.23
D20,2023-04-27,6920365.66,15705209.65,170504.11
D10,2023-04-28,6133767.78,15255761.76,90502.62
D20,2023-04-28,7006700.7,15807451.69,102242.05
D10,2023-05-01,6135009.13,15260701.14,4939.38
D20,2023-05-01,7008118.72,15810471.67,3019.98
D10,2023-05-02,6136245.87,15264639.76,3938.62
D20,2023-05-02,7009531.47,15776349.45,-34122.22
D10,2023-05-03,6137485.3,14969065.24,-295574.53
D20,2023-05-03,7010947.29,15477122.27,-299227.18
D10,2023-05-04,6138727.41,15105659.32,136594.09
D20,2023-05-04,7012366.17,15559910.14,82787.86
D10,2023-05-05,6139969.77,15288249.28,182589.96
D20,2023-05-05,7013785.34,15759403.34,199493.2
D10,2023-05-08,6141224.56,15475485.59,187236.31
D20,2023-05-08,7015218.71,15906363.69,146960.35
D10,2023-05-09,6142474.74,15453812.8,-21672.79
D20,2023-05-09,7016646.81,15903074.8,-3288.89
D10,2023-05-10,6143712.99,15526153.46,72340.65
D20,2023-05-10,7018061.28,15921054.32,17979.51
D10,2023-05-11,6144941.73,15499774.72,-26378.74
D20,2023-05-11,7019464.89,15844886.87,-76167.44
D10,2023-05-12,6146180.47,15434970.59,-64804.13
D20,2023-05-12,7020879.92,15771057.93,-73828.94
D10,2023-05-15,6147414.59,15514823.55,79852.96
D20,2023-05-15,7022289.67,15909071.75,138013.82
D10,2023-05-16,6148651.39,15625860.4,111036.85
D20,2023-05-16,7023702.49,15943225.48,34153.74
D10,2023-05-17,6149895.76,15713700.76,87840.35
D20,2023-05-17,7025123.95,16100662.95,157437.47
D10,2023-05-18,6151150.14,15870479.13,156778.38
D20,2023-05-18,7026556.85,16239942.89,139279.94
D10,2023-05-19,9845950.18,15645359.17,-225119.96
D20,2023-05-19,9736634.69,16084024.68,-155918.21
D10,2023-05-22,9847997.51,15624199.5,-21159.67
D20,2023-05-22,9738659.29,16108065.25,24040.56
D10,2023-05-23,9850021.82,15577983.88,-46215.62
D20,2023-05-23,9740661.13,16055312.07,-52753.17
D10,2023-05-24,9852058.28,15536156.29,-41827.59
D20,2023-05-24,9742674.97,16003650.99,-51661.08
D10,2023-05-25,9854095.15,15509643.18,-26513.11
D20,2023-05-25,9744689.23,15983039.23,-20611.76
D10,2023-05-26,9856112.89,15561447.83,51804.65
D20,2023-05-26,9746684.57,16077928.62,94889.39
D10,2023-05-30,9858177.98,15530015.91,-31431.92
D20,2023-05-30,9748726.73,16060311.76,-17616.86
D10,2023-05-31,9860235.68,15562235.74,32219.83
D20,2023-05-31,9750761.59,16048009.6,-12302.16
D10,2023-06-01,9862285.99,15601737.02,39501.28
D20,2023-06-01,9752789.13,16151921.15,103911.55
D10,2023-06-02,9864332.8,15676142.84,74405.82
D20,2023-06-02,9754813.22,16244556.27,92635.12
D10,2023-06-05,9866368.3,15657685.3,-18457.54
D20,2023-06-05,9756826.11,16190347.16,-54209.12
D10,2023-06-06,9868396.39,15638217.46,-19467.84
D20,2023-06-06,9758831.68,16223617.76,33270.6
D10,2023-06-07,9870417.06,15635298.09,-2919.37
D20,2023-06-07,9760829.92,16251087.94,27470.18
D10,2023-06-08,9872422.48,15695425.58,60127.49
D20,2023-06-08,9762813.07,16287361.15,36273.21
D10,2023-06-09,9874424.38,15700562.49,5136.9
D20,2023-06-09,9764792.76,16285099.8,-2261.35
D10,2023-06-12,9876438.45,15744928.4,44365.92
D20,2023-06-12,9766784.46,16352360.48,67260.68
D10,2023-06-13,9878441.18,15777892.15,32963.75
D20,2023-06-13,9768764.95,16410379.99,58019.5
D10,2023-06-14,9880440.38,15780276.39,2384.24
D20,2023-06-14,9770741.96,16352987.97,-57392.02
D10,2023-06-15,9882428.23,15841131.26,60854.86
D20,2023-06-15,9772707.74,16418992.7,66004.72
D10,2023-06-16,9884424.33,15835319.23,-5812.03
D20,2023-06-16,9774681.67,16446990.72,27998.02
D10,2023-06-20,9886440.44,15780333.41,-54985.82
D20,2023-06-20,9776675.4,16353178.39,-93812.33
D10,2023-06-21,9888460.88,15761163.88,-19169.53
D20,2023-06-21,9778673.41,16320543.44,-32634.96
D10,2023-06-22,9890481.74,15806641.77,45477.89
D20,2023-06-22,9780671.83,16319014.84,-1528.6
D10,2023-06-23,9892503.0,15772059.1,-34582.67
D20,2023-06-23,9782670.66,16279778.63,-39236.21
D10,2023-06-26,9894560.02,15736452.02,-35607.08
D20,2023-06-26,9784704.83,16299181.87,19403.24
D10,2023-06-27,9896597.83,15782204.88,45752.87
D20,2023-06-27,9786720.01,16350805.03,51623.17
D10,2023-06-28,9898632.13,15778815.19,-3389.7
D20,2023-06-28,9788731.73,16355691.72,4886.69
D10,2023-06-29,9900674.7,15785324.69,6509.5
D20,2023-06-29,9790751.63,16390634.58,34942.86
D10,2023-06-30,9902705.91,15871337.95,86013.27
D20,2023-06-30,9792760.28,16483951.28,93316.7
D10,2023-07-03,9904753.26,15883009.3,11671.35
D20,2023-07-03,9794784.9,16486157.89,2206.61
D10,2023-07-05,9906801.02,15867620.07,-15389.23
D20,2023-07-05,9796809.93,16463319.01,-22838.89
D10,2023-07-06,9908857.08,15834017.17,-33602.9
D20,2023-07-06,9798843.16,16384777.16,-78541.85
D10,2023-07-07,9910909.63,15766898.62,-67118.56
D20,2023-07-07,9800872.92,16422464.83,37687.67
D10,2023-07-10,9912974.4,15784619.39,17720.77
D20,2023-07-10,9802914.77,16484786.77,62321.94
D10,2023-07-11,9915039.6,15802797.59,18178.2
D20,2023-07-11,9804957.04,16554818.02,70031.25
D10,2023-07-12,9917101.3,15825629.34,22831.76
D20,2023-07-12,9806995.85,16631076.8,76258.78
D10,2023-07-13,9919163.43,15853323.41,27694.06
D20,2023-07-13,9809035.08,16654815.06,23738.26
D10,2023-07-14,9921229.92,15865018.96,11695.55
D20,2023-07-14,9811078.63,16611464.67,-43350.39
D10,2023-07-17,9923300.78,15859725.92,-5293.04
D20,2023-07-17,9813126.5,16635834.55,24369.88
D10,2023-07-18,9925368.14,15888368.17,28642.25
D20,2023-07-18,9815170.9,16705033.89,69199.35
D10,2023-07-19,9927439.86,15900299.76,11931.59
D20,2023-07-19,9817219.62,16706096.57,1062.68
D10,2023-07-20,9929512.02,15907775.03,7475.26
D20,2023-07-20,9819268.77,16656654.81,-49441.76
D10,2023-07-21,9931588.55,15941929.46,34154.44
D20,2023-07-21,9821322.25,16681553.26,24898.45
D10,2023-07-24,9933669.45,15954796.43,12866.97
D20,2023-07-24,9823380.05,16715877.02,34323.76
D10,2023-07-25,9935750.79,15995726.8,40930.38
D20,2023-07-25,9825438.28,16827128.27,111251.25
D10,2023-07-26,9937832.57,15985678.61,-10048.19
D20,2023-07-26,9827496.94,16784658.99,-42469.28
D10,2023-07-27,9939914.78,15914807.8,-70870.82
D20,2023-07-27,9829556.04,16732928.05,-51730.94
D10,2023-07-28,9941997.43,15992133.43,77325.64
D20,2023-07-28,9831615.56,16778593.57,45665.52
D10,2023-07-31,9944080.51,15974974.55,-17158.88
D20,2023-07-31,9833675.52,16799792.55,21198.98
D10,2023-08-01,9946160.09,15943312.62,-31661.94
D20,2023-08-01,9835732.01,16751656.0,-48136.55
D10,2023-08-02,9948240.1,15902720.08,-40592.53
D20,2023-08-02,9837788.92,16649309.88,-102346.12
D10,2023-08-03,9950320.54,15897592.52,-5127.56
D20,2023-08-03,9839846.27,16643130.28,-6179.6
D10,2023-08-04,9952405.37,15850308.43,-47284.09
D20,2023-08-04,9841907.95,16626334.01,-16796.27
D10,2023-08-07,9954494.59,15898516.6,48208.17
D20,2023-08-07,9843973.97,16660637.95,34303.94
D10,2023-08-08,9956588.19,15885991.15,-12525.45
D20,2023-08-08,9846044.33,16620969.31,-39668.64
D10,2023-08-09,9958674.33,15860930.36,-25060.8
D20,2023-08-09,9848107.31,16585807.31,-35162.0
D10,2023-08-10,9960760.91,15871337.87,10407.51
D20,2023-08-10,9850170.73,16617799.72,31992.42
D10,2023-08-11,9962847.93,15889806.88,18469.02
D20,2023-08-11,9852234.57,16637125.58,19325.85
D10,2023-08-14,9964939.34,15899333.29,9526.41
D20,2023-08-14,9854302.76,16656660.77,19535.19
D10,2023-08-15,9967031.18,15837494.14,-61839.15
D20,2023-08-15,9856371.38,16564490.39,-92170.38
D10,2023-08-16,9969123.47,15804890.56,-32603.59
D20,2023-08-16,9858440.44,16524354.41,-40135.98
D10,2023-08-17,9971216.19,15755427.19,-49463.37
D20,2023-08-17,9860509.93,16476453.85,-47900.56
D10,2023-08-18,9973305.4,15772744.31,17317.13
D20,2023-08-18,9862575.94,16488884.95,12431.1
D10,2023-08-21,9975402.96,15792939.95,20195.64
D20,2023-08-21,9864650.21,16521886.2,33001.24
D10,2023-08-22,9977500.96,15772437.92,-20502.03
D20,2023-08-22,9866724.92,16535234.92,13348.72
D10,2023-08-23,9979599.41,15852783.43,80345.5
D20,2023-08-23,9868800.06,16608655.07,73420.16
D10,2023-08-24,9981702.25,15769979.16,-82804.27
D20,2023-08-24,9870879.56,16508643.51,-100011.56
D10,2023-08-25,9983817.42,15825418.41,55439.25
D20,2023-08-25,9872971.25,16549541.29,40897.78
D10,2023-08-28,9985933.04,15852260.06,26841.65
D20,2023-08-28,9875063.38,16612819.33,63278.04
D10,2023-08-29,9988045.14,15908253.11,55993.05
D20,2023-08-29,9877152.03,16695199.05,82379.72
D10,2023-08-30,9990153.73,15919722.66,11469.56
D20,2023-08-30,9879237.21,16708352.19,13153.14
D10,2023-08-31,9992262.76,15907629.79,-12092.87
D20,2023-08-31,9881322.82,16714869.87,6517.68
D10,2023-09-01,9994364.31,15916307.35,8677.55
D20,2023-09-01,9883401.04,16746657.05,31787.17
D10,2023-09-05,9996474.23,15894716.2,-21591.15
D20,2023-09-05,9885487.53,16724860.48,-21796.57
D10,2023-09-06,9998580.63,15862329.63,-32386.57
D20,2023-09-06,9887570.55,16693238.6,-31621.88
D10,2023-09-07,10000683.51,15878897.47,16567.83
D20,2023-09-07,9889650.08,16671330.1,-21908.5
D10,2023-09-08,10002790.79,15893848.7,14951.23
D20,2023-09-08,9891733.97,16689688.9,18358.8
D10,2023-09-11,10004902.49,15957443.47,63594.77
D20,2023-09-11,9893822.22,16745901.24,56212.34
D10,2023-09-12,10007014.64,15929433.62,-28009.85
D20,2023-09-12,9895910.92,16738949.91,-6951.32
D10,2023-09-13,10009123.26,15925453.24,-3980.37
D20,2023-09-13,9897996.13,16725739.13,-13210.79
D10,2023-09-14,10011232.33,15972819.38,47366.14
D20,2023-09-14,9900081.78,16789016.8,63277.67
D10,2023-09-15,10013345.81,15926116.78,-46702.6
D20,2023-09-15,9902171.79,16713182.78,-75834.02
D10,2023-09-18,10015455.76,15927502.74,1385.96
D20,2023-09-18,9904258.32,16727682.24,14499.46
D10,2023-09-19,10017566.16,15907897.27,-19605.48
D20,2023-09-19,9906345.29,16713966.29,-13715.95
D10,2023-09-20,10019684.96,15867730.98,-40166.28
D20,2023-09-20,9908440.56,16653921.61,-60044.68
D10,2023-09-21,10021804.2,15809903.19,-57827.79
D20,2023-09-21,9910536.28,16561201.27,-92720.34
D10,2023-09-22,10023919.92,15781691.95,-28211.24
D20,2023-09-22,9912628.5,16519276.6,-41924.67
D10,2023-09-25,10026048.01,15780322.05,-1369.9
D20,2023-09-25,9914732.97,16538112.99,18836.39
D10,2023-09-26,10028172.58,15718298.69,-62023.37
D20,2023-09-26,9916833.95,16450864.96,-87248.03
D10,2023-09-27,10030297.59,15695087.65,-23211.04
D20,2023-09-27,9918935.37,16448360.41,-2504.55
D10,2023-09-28,10032415.1,15716882.09,21794.44
D20,2023-09-28,9921029.37,16484211.39,35850.98
D10,2023-09-29,10034533.06,15714250.07,-2632.02
D20,2023-09-29,9923123.81,16470686.83,-13524.55
D10,2023-10-02,10036663.4,15728662.42,14412.35
D20,2023-10-02,9925230.5,16424122.52,-46564.31
D10,2023-10-03,10038794.2,15684521.24,-44141.18
D20,2023-10-03,9927337.64,16348915.62,-75206.9
D10,2023-10-04,10040921.47,15727044.45,42523.21
D20,2023-10-04,9929441.3,16370017.21,21101.59
D10,2023-10-05,10043049.19,15684711.23,-42333.22
D20,2023-10-05,9931545.39,16374446.39,4429.17
D10,2023-10-06,10045185.33,15703212.35,18501.11
D20,2023-10-06,9933657.81,16483323.83,108877.45
D10,2023-10-09,10047321.93,15719387.95,16175.6
D20,2023-10-09,9935770.69,16514063.72,30739.89
D10,2023-10-10,10049451.0,15749105.02,29717.07
D20,2023-10-10,9937876.13,16562708.13,48644.41
D10,2023-10-11,10051580.53,15754771.55,5666.54
D20,2023-10-11,9939982.01,16635050.03,72341.9
D10,2023-10-12,10053714.49,15718214.6,-36556.95
D20,2023-10-12,9942092.28,16597321.3,-37728.73
D10,2023-10-13,10055848.91,15706344.97,-11869.62
D20,2023-10-13,9944203.0,16569820.11,-27501.18
D10,2023-10-16,10057979.8,15762305.89,55960.91
D20,2023-10-16,9946310.23,16626812.23,56992.11
D10,2023-10-17,10060115.12,15757249.06,-5056.82
D20,2023-10-17,9948421.85,16659854.84,33042.62
D10,2023-10-18,10062246.91,15731222.87,-26026.19
D20,2023-10-18,9950529.96,16580457.98,-79396.86
D10,2023-10-19,10064375.15,15677098.19,-54124.68
D20,2023-10-19,9952634.58,16526939.63,-53518.35
D10,2023-10-20,10066495.86,15634625.85,-42472.35
D20,2023-10-20,9954731.74,16444620.77,-82318.86
D10,2023-10-23,10068621.01,15639674.93,5049.08
D20,2023-10-23,9956833.3,16421556.32,-23064.45
D10,2023-10-24,10070742.61,15685677.57,46002.65
D20,2023-10-24,9958931.34,16498086.34,76530.02
D10,2023-10-25,10072868.66,15670847.77,-14829.81
D20,2023-10-25,9961033.78,16427458.27,-70628.07
D10,2023-10-26,10074995.15,15609677.15,-61170.62
D20,2023-10-26,9963136.67,16339928.69,-87529.58
D10,2023-10-27,10165819.82,15578907.84,-30769.31
D20,2023-10-27,10083237.9,16322050.92,-17877.77
D10,2023-10-30,10167969.97,15659858.89,80951.05
D20,2023-10-30,10085370.59,16419693.52,97642.6
D10,2023-10-31,10170120.57,15686025.56,26166.68
D20,2023-10-31,10087503.72,16431555.79,11862.27
D10,2023-11-01,10172263.56,15723196.57,37171.01
D20,2023-11-01,10089629.31,16446894.29,15338.5
D10,2023-11-02,10174394.9,15783765.91,60569.34
D20,2023-11-02,10091743.32,16548325.43,101431.14
D10,2023-11-03,10176522.64,15814325.63,30559.72
D20,2023-11-03,10093853.78,16611506.79,63181.36
D10,2023-11-06,10178658.9,15844513.91,30188.28
D20,2023-11-06,10095972.69,16629871.7,18364.92
D10,2023-11-07,10180791.57,15867810.53,23296.63
D20,2023-11-07,10098088.03,16641905.02,12033.32
D10,2023-11-08,10182924.69,15859438.64,-8371.89
D20,2023-11-08,10100203.82,16614514.81,-27390.21
D10,2023-11-09,10185054.21,15825794.28,-33644.36
D20,2023-11-09,10102316.05,16556743.08,-57771.73
D10,2023-11-10,10187180.14,15885762.13,59967.84
D20,2023-11-10,10104424.71,16660757.74,104014.67
D10,2023-11-13,10189314.6,15892688.6,6926.48
D20,2023-11-13,10106541.82,16650622.78,-10134.96
D10,2023-11-14,10191441.41,15950978.37,58289.76
D20,2023-11-14,10108651.36,16797114.39,146491.61
D10,2023-11-15,10193568.68,15982550.69,31572.32
D20,2023-11-15,10110761.35,16812178.33,15063.94
D10,2023-11-16,10195692.34,15985493.41,2942.72
D20,2023-11-16,10112867.75,16842333.8,30155.47
D10,2023-11-17,11624613.63,15998203.66,12710.26
D20,2023-11-17,10976754.1,16830441.08,-11892.72
D10,2023-11-20,11627044.65,16008624.65,10420.98
D20,2023-11-20,10979049.64,16852959.59,22518.5
D10,2023-11-21,11629471.56,16003772.56,-4852.09
D20,2023-11-21,10981341.3,16837612.3,-15347.29
D10,2023-11-22,11631903.6,16019791.6,16019.04
D20,2023-11-22,10983637.79,16843384.79,5772.49
D10,2023-11-24,11634340.76,16042268.76,22477.16
D20,2023-11-24,10985939.12,16870718.15,27333.36
D10,2023-11-27,11636778.43,16031463.53,-10805.22
D20,2023-11-27,10988240.94,16871491.97,773.82
D10,2023-11-28,11639211.99,16029615.94,-1847.6
D20,2023-11-28,10990538.88,16894271.93,22779.96
D10,2023-11-29,11641636.83,16030275.83,659.89
D20,2023-11-29,10992828.57,16896840.52,2568.6
D10,2023-11-30,11644062.17,16072229.12,41953.3
D20,2023-11-30,10995118.75,16940675.75,43835.22
D10,2023-12-01,11646478.78,16051951.78,-20277.35
D20,2023-12-01,10997400.67,16959028.67,18352.92
D10,2023-12-04,11648909.75,16045686.75,-6265.03
D20,2023-12-04,10999696.16,16932631.16,-26397.51
D10,2023-12-05,11651336.6,16008697.55,-36989.2
D20,2023-12-05,11001987.76,16883726.71,-48904.45
D10,2023-12-06,11653763.96,15984396.83,-24300.71
D20,2023-12-06,11004279.84,16845565.81,-38160.9
D10,2023-12-07,11656187.21,15986137.28,1740.44
D20,2023-12-07,11006568.03,16862054.06,16488.25
D10,2023-12-08,11658610.95,15985015.85,-1121.43
D20,2023-12-08,11008856.7,16879545.7,17491.64
D10,2023-12-11,11661044.46,16019032.59,34016.74
D20,2023-12-11,11011154.58,16900816.56,21270.86
D10,2023-12-12,11663478.47,16031970.47,12937.88
D20,2023-12-12,11013452.94,16911261.94,10445.38
D10,2023-12-13,11665903.73,16082295.69,50325.22
D20,2023-12-13,11015743.04,16974702.09,63440.15
D10,2023-12-14,11668324.87,16047310.87,-34984.82
D20,2023-12-14,11018029.24,17039740.22,65038.13
D10,2023-12-15,11670751.14,16065540.23,18229.35
D20,2023-12-15,11020320.29,17080208.33,40468.11
D10,2023-12-18,11673187.18,16101034.18,35493.95
D20,2023-12-18,11022620.57,17112314.57,32106.24
D10,2023-12-19,11675609.83,16143196.83,42162.65
D20,2023-12-19,11024908.2,17191482.15,79167.58
D10,2023-12-20,11678037.61,16066378.64,-76818.19
D20,2023-12-20,11027200.68,17087253.69,-104228.47
D10,2023-12-21,11680456.64,16125695.58,59316.94
D20,2023-12-21,11029484.89,17173078.84,85825.15
D10,2023-12-22,11682885.43,16153653.36,27957.78
D20,2023-12-22,11031778.32,17196677.29,23598.45
D10,2023-12-26,11685319.36,16190229.36,36576.01
D20,2023-12-26,11034076.61,17239865.63,43188.34
D10,2023-12-27,11687749.17,16208244.12,18014.76
D20,2023-12-27,11036370.99,17264072.99,24207.36
D10,2023-12-28,11690184.12,16206561.18,-1682.94
D20,2023-12-28,11038670.24,17239415.37,-24657.63
D10,2023-12-29,11692596.38,16210938.29,4377.11
D20,2023-12-29,11040948.06,17225052.03,-14363.34
D10,2024-01-02,11695018.41,16254127.45,43189.15
D20,2024-01-02,11043235.11,17206709.01,-18343.02
D10,2024-01-03,11697450.24,16217875.24,-36252.21
D20,2024-01-03,11045531.4,17143422.4,-63286.6
D10,2024-01-04,11699882.56,16224779.48,6904.24
D20,2024-01-04,11047828.17,17118961.19,-24461.21
D10,2024-01-05,11702315.4,16215026.42,-9753.06
D20,2024-01-05,11050125.42,17147234.42,28273.23
D10,2024-01-08,11704753.38,16260131.38,45104.96
D20,2024-01-08,11052427.53,17213963.48,66729.06
D10,2024-01-09,11707187.22,16251961.22,-8170.15
D20,2024-01-09,11054725.73,17168739.66,-45223.82
D10,2024-01-10,11709616.93,16250880.9,-1080.32
D20,2024-01-10,11057020.03,17169294.02,554.36
D10,2024-01-11,11712047.14,16246386.08,-4494.82
D20,2024-01-11,11059314.8,17163149.8,-6144.22
D10,2024-01-12,11714473.21,16255538.25,9152.17
D20,2024-01-12,11061605.65,17178065.56,14915.76
D10,2024-01-16,11716899.78,16240951.72,-14586.54
D20,2024-01-16,11063896.99,17125830.96,-52234.6
D10,2024-01-17,11719336.15,16213330.17,-27621.54
D20,2024-01-17,11066197.58,17055853.61,-69977.35
D10,2024-01-18,11721763.72,16232470.75,19140.58
D20,2024-01-18,11068489.86,17098662.94,42809.33
D10,2024-01-19,11724191.8,16248326.86,15856.11
D20,2024-01-19,11070782.62,17143818.59,45155.65
D10,2024-01-22,11726620.39,16270442.39,22115.52
D20,2024-01-22,11073075.85,17187743.85,43925.26
D10,2024-01-23,11729044.82,16322782.82,52340.43
D20,2024-01-23,11075365.17,17170730.17,-17013.69
D10,2024-01-24,11731469.75,16288494.76,-34288.06
D20,2024-01-24,11077654.95,17134901.83,-35828.34
D10,2024-01-25,11733895.19,16347317.15,58822.39
D20,2024-01-25,11079945.21,17193730.14,58828.31
D10,2024-01-26,11736321.12,16331643.12,-15674.03
D20,2024-01-26,11082235.95,17180172.0,-13558.14
D10,2024-01-29,11738752.22,16355193.18,23550.06
D20,2024-01-29,11084531.56,17200930.65,20758.65
D10,2024-01-30,11741179.16,16362539.18,7346.0
D20,2024-01-30,11086823.24,17236695.06,35764.41
D10,2024-01-31,11743611.26,16337879.26,-24659.92
D20,2024-01-31,11089119.79,17167021.84,-69673.22
D10,2024-02-01,11746043.87,16430294.81,92415.55
D20,2024-02-01,11091416.83,17272230.83,105208.98
D10,2024-02-02,11748481.64,16413325.63,-16969.18
D20,2024-02-02,11093718.74,17243798.67,-28432.16
D10,2024-02-05,11750915.25,16401425.34,-11900.28
D20,2024-02-05,11096016.72,17212000.82,-31797.85
D10,2024-02-06,11753354.03,16443530.09,42104.75
D20,2024-02-06,11098319.58,17260307.63,48306.81
D10,2024-02-07,11755793.32,16444256.32,726.23
D20,2024-02-07,11100622.93,17270392.93,10085.29
D10,2024-02-08,11758233.11,16480976.16,36719.84
D20,2024-02-08,11102926.75,17310080.75,39687.82
D10,2024-02-09,11760678.08,16445371.08,-35605.08
D20,2024-02-09,11105235.45,17304492.47,-5588.27
D10,2024-02-12,11763118.89,16480712.89,35341.81
D20,2024-02-12,11107540.23,17435153.23,130660.75
D10,2024-02-13,11765569.53,16447700.53,-33012.35
D20,2024-02-13,11109854.3,17391479.32,-43673.91
D10,2024-02-14,11768011.36,16475427.38,27726.85
D20,2024-02-14,11112160.03,17498520.04,107040.72
D10,2024-02-15,11770453.69,16512068.6,36641.22
D20,2024-02-15,11114466.25,17585419.22,86899.18
D10,2024-02-16,11772901.19,16512739.18,670.58
D20,2024-02-16,11116777.35,17592485.38,7066.16
D10,2024-02-20,11775349.21,16549030.11,36290.92
D20,2024-02-20,11119088.93,17601808.91,9323.53
D10,2024-02-21,11777797.73,16549602.71,572.61
D20,2024-02-21,11121401.0,17614631.1,12822.19
D10,2024-02-22,11780251.44,16567718.4,18115.68
D20,2024-02-22,11123717.96,17608993.93,-5637.17
D10,2024-02-23,11782710.34,16587759.38,20040.99
D20,2024-02-23,11126039.81,17646401.81,37407.88
D10,2024-02-26,11785169.74,16274221.7,-313537.69
D20,2024-02-26,11128362.15,17276296.18,-370105.63
D10,2024-02-27,11787624.99,16267644.02,-6577.67
D20,2024-02-27,11130680.56,17278271.69,1975.51
D10,2024-02-28,11790076.06,16269819.06,2175.04
D20,2024-02-28,11132995.04,17316168.99,37897.3
D10,2024-02-29,11792532.33,16257873.33,-11945.73
D20,2024-02-29,11135314.41,17373584.41,57415.42
D10,2024-03-01,11794979.75,16278092.77,20219.44
D20,2024-03-01,11137625.43,17442803.31,69218.89
D10,2024-03-04,11797432.36,16284596.32,6503.55
D20,2024-03-04,11139941.35,17469877.25,27073.94
D10,2024-03-05,11799880.79,16232367.8,-52228.52
D20,2024-03-05,11142253.33,17413450.35,-56426.9
D10,2024-03-06,11802334.42,16254350.48,21982.67
D20,2024-03-06,11144570.21,17452170.16,38719.81
D10,2024-03-07,11804788.55,16300274.55,45924.08
D20,2024-03-07,11146887.57,17560635.57,108465.41
D10,2024-03-08,11807243.2,16291688.29,-8586.26
D20,2024-03-08,11149205.42,17581443.49,20807.92
D10,2024-03-11,11809698.36,16336002.36,44314.06
D20,2024-03-11,11151523.74,17631822.77,50379.28
D10,2024-03-12,11812158.71,16346236.64,10234.29
D20,2024-03-12,11153846.98,17635512.08,3689.31
D10,2024-03-13,11814619.58,16347833.58,1596.93
D20,2024-03-13,11156170.7,17697418.7,61906.62
D10,2024-03-14,11817080.96,16318841.96,-28991.62
D20,2024-03-14,11158494.9,17647399.9,-50018.8
D10,2024-03-15,11819542.85,16323271.85,4429.89
D20,2024-03-15,11160819.59,17653417.59,6017.69
D10,2024-03-18,11822005.25,16365201.26,41929.42
D20,2024-03-18,11163144.76,17685920.76,32503.17
D10,2024-03-19,11824463.48,16389954.52,24753.25
D20,2024-03-19,11165465.98,17743941.11,58020.35
D10,2024-03-20,11826922.22,16417682.24,27727.72
D20,2024-03-20,11167787.69,17795138.54,51197.44
D10,2024-03-21,11829386.16,16431367.16,13684.92
D20,2024-03-21,11170114.31,17868298.26,73159.72
D10,2024-03-22,11831845.92,16407385.88,-23981.27
D20,2024-03-22,11172436.99,17816097.86,-52200.4
D10,2024-03-25,11834301.5,16414250.58,6864.7
D20,2024-03-25,11174755.71,17805238.84,-10859.03
D10,2024-03-26,11836752.89,16426504.89,12254.31
D20,2024-03-26,11177070.48,17795612.48,-9626.35
D10,2024-03-27,11839204.79,16522974.83,96469.94
D20,2024-03-27,11179385.73,17941338.73,145726.25
D10,2024-03-28,11841661.89,16520774.85,-2199.99
D20,2024-03-28,11181705.9,17914140.9,-27197.83
D10,2024-04-01,11844119.51,16495648.55,-25126.29
D20,2024-04-01,11184026.55,17909915.55,-4225.35
D10,2024-04-02,11846572.93,16339112.04,-156536.52
D20,2024-04-02,11186343.24,17405752.24,-504163.31
D10,2024-04-03,11849026.86,16291639.71,-47472.32
D20,2024-04-03,11188660.41,17484913.41,79161.17
D10,2024-04-04,11851476.6,16260415.56,-31224.16
D20,2024-04-04,11190973.62,17467593.59,-17319.81
D10,2024-04-05,11853936.26,16290697.31,30281.76
D20,2024-04-05,11193296.19,17630065.27,162471.67
D10,2024-04-08,11856396.42,16280360.36,-10336.95
D20,2024-04-08,11195619.24,17639450.29,9385.03
D10,2024-04-09,11858857.09,16295152.13,14791.77
D20,2024-04-09,11197942.78,17649597.9,10147.61
D10,2024-04-10,11861327.69,16276026.74,-19125.38
D20,2024-04-10,11200275.68,17620950.68,-28647.22
D10,2024-04-11,11863798.8,16274207.76,-1818.98
D20,2024-04-11,11202609.07,17649991.9,29041.22
D10,2024-04-12,11866270.42,16222210.47,-51997.29
D20,2024-04-12,11204942.95,17542705.95,-107285.95
D10,2024-04-15,11868742.56,16215156.56,-7053.91
D20,2024-04-15,11207277.31,17513005.34,-29700.61
D10,2024-04-16,11871215.22,16223919.18,8762.62
D20,2024-04-16,11209612.16,17529907.06,16901.73
D10,2024-04-17,11873688.38,16229691.44,5772.26
D20,2024-04-17,11211947.5,17506440.45,-23466.61
D10,2024-04-18,11876162.07,16229460.01,-231.43
D20,2024-04-18,11214283.32,17466212.35,-40228.11
D10,2024-04-19,11878636.27,16240575.27,11115.26
D20,2024-04-19,11216619.63,17442562.71,-23649.64
D10,2024-04-22,11881096.85,16289012.83,48437.56
D20,2024-04-22,11218943.07,17467826.07,25263.37
D10,2024-04-23,11883572.07,16298437.07,9424.24
D20,2024-04-23,11221280.35,17630449.35,162623.28
D10,2024-04-24,11886052.53,16323111.59,24674.52
D20,2024-04-24,11223622.57,17604223.6,-26225.76
D10,2024-04-25,11888533.51,16338616.43,15504.84
D20,2024-04-25,11225965.28,17704194.23,99970.64
D10,2024-04-26,11992799.49,16304272.47,-34343.96
D20,2024-04-26,11355379.49,17685621.57,-18572.66
D10,2024-04-29,11995297.99,16313292.03,9019.56
D20,2024-04-29,11357745.2,17701767.32,16145.75
D10,2024-04-30,11997797.01,16289875.05,-23416.98
D20,2024-04-30,11360111.39,17588657.55,-113109.78
D10,2024-05-01,12000301.31,16294412.21,4537.16
D20,2024-05-01,11362482.59,17547260.54,-41397.0
D10,2024-05-02,12002801.38,16329162.33,34750.12
D20,2024-05-02,11364849.78,17624918.78,77658.23
D10,2024-05-03,12005301.96,16344806.97,15644.64
D20,2024-05-03,11367217.45,17673579.45,48660.68
D10,2024-05-06,12007803.06,16372288.11,27481.14
D20,2024-05-06,11369585.62,17759167.62,85588.17
D10,2024-05-07,12010304.69,16379728.63,7440.52
D20,2024-05-07,11371954.29,17745569.26,-13598.36
D10,2024-05-08,12012806.84,16375403.89,-4324.74
D20,2024-05-08,11374323.44,17761552.47,15983.21
D10,2024-05-09,12015309.5,16390178.45,14774.55
D20,2024-05-09,11376693.09,17782374.09,20821.62
D10,2024-05-10,12017817.46,16385765.47,-4412.97
D20,2024-05-10,11379067.75,17719609.75,-62764.34
D10,2024-05-13,12020321.17,16383567.08,-2198.39
D20,2024-05-13,11381438.39,17679853.39,-39756.36
D10,2024-05-14,12022820.64,16387103.58,3536.5
D20,2024-05-14,11383805.01,17679250.01,-603.38
D10,2024-05-15,12025325.39,16426502.38,39398.8
D20,2024-05-15,11386176.64,17752436.68,73186.68
D10,2024-05-16,12027830.67,16460222.67,33720.29
D20,2024-05-16,11388548.76,17707136.73,-45299.95
D10,2024-05-17,12030336.47,16551918.47,91695.8
D20,2024-05-17,11390921.37,17840684.37,133547.64
D10,2024-05-20,12032842.79,16538248.83,-13669.63
D20,2024-05-20,11393294.48,17825539.48,-15144.89
D10,2024-05-21,12035349.63,16559214.64,20965.81
D20,2024-05-21,11395668.08,17830624.08,5084.6
D10,2024-05-22,12037856.99,16574169.04,14954.4
D20,2024-05-22,11398042.18,17789501.18,-41122.9
D10,2024-05-23,12040369.66,16530415.68,-43753.36
D20,2024-05-23,11400421.29,17774324.22,-15176.96
D10,2024-05-24,12042882.84,16537760.94,7345.26
D20,2024-05-24,11402800.91,17823092.98,48768.76
D10,2024-05-28,12045396.56,16491459.56,-46301.38
D20,2024-05-28,11405181.01,17863505.97,40412.98
D10,2024-05-29,12047910.8,16431226.73,-60232.83
D20,2024-05-29,11407561.62,17751920.74,-111585.22
D10,2024-05-30,12050425.56,16444337.56,13110.83
D20,2024-05-30,11409942.72,17792785.75,40865.0
D10,2024-05-31,12052936.06,16504723.96,60386.4
D20,2024-05-31,11412319.79,17866257.72,73471.97
D10,2024-06-03,12055451.87,16501064.85,-3659.11
D20,2024-06-03,11414701.89,17770037.06,-96220.66
D10,2024-06-04,12057963.43,16535565.42,34500.56
D20,2024-06-04,11417079.95,17762267.95,-7769.11
D10,2024-06-05,12060475.5,16540870.55,5305.13
D20,2024-06-05,11419458.51,17782313.51,20045.56
D10,2024-06-06,12062988.1,16545013.1,4142.55
D20,2024-06-06,11421837.56,17783799.51,1486.0
D10,2024-06-07,12065506.01,16534140.96,-10872.14
D20,2024-06-07,11424221.65,17755604.65,-28194.87
D10,2024-06-10,12068019.66,16523901.72,-10239.25
D20,2024-06-10,11426601.69,17806504.72,50900.07
D10,2024-06-11,12070533.83,16508792.87,-15108.84
D20,2024-06-11,11428982.23,17759353.26,-47151.46
D10,2024-06-12,12073048.52,16474915.47,-33877.41
D20,2024-06-12,11431363.27,17776493.22,17139.96
D10,2024-06-13,12075563.74,16448782.74,-26132.72
D20,2024-06-13,11433744.81,17685162.85,-91330.37
D10,2024-06-14,12078079.48,16445121.43,-3661.32
D20,2024-06-14,11436126.84,17651351.86,-33810.99
D10,2024-06-17,12080595.75,16487127.75,42006.32
D20,2024-06-17,11438509.36,17771760.36,120408.5
D10,2024-06-18,12083107.75,16504750.75,17623.0
D20,2024-06-18,11440887.85,17820061.85,48301.48
D10,2024-06-20,12085620.27,16517794.22,13043.47
D20,2024-06-20,11443266.82,17868067.82,48005.98
D10,2024-06-21,12088128.51,16535931.49,18137.27
D20,2024-06-21,11445641.76,17861867.88,-6199.94
D10,2024-06-24,12090642.08,16547192.09,11260.6
D20,2024-06-24,11448021.72,17871153.6,9285.72
D10,2024-06-25,12093151.36,16520018.47,-27173.62
D20,2024-06-25,11450397.64,17810739.64,-60413.96
D10,2024-06-26,12095665.97,16513222.02,-6796.45
D20,2024-06-26,11452778.6,17808643.65,-2096.0
D10,2024-06-27,12098176.3,16495195.3,-18026.71
D20,2024-06-27,11455155.5,17828123.5,19479.86
D10,2024-06-28,12100682.35,16438534.31,-56661.0
D20,2024-06-28,11457528.36,17808473.38,-19650.12
D10,2024-07-01,12103198.53,16438955.53,421.22
D20,2024-07-01,11459910.8,17805406.84,-3066.54
D10,2024-07-02,12105715.22,16460354.17,21398.64
D20,2024-07-02,11462293.73,17843992.68,38585.84
D10,2024-07-03,12108232.44,16454053.49,-6300.68
D20,2024-07-03,11464677.16,17899157.11,55164.43
D10,2024-07-05,12110745.38,16478443.44,24389.95
D20,2024-07-05,11467056.53,17879856.53,-19300.58
D10,2024-07-08,12113258.84,16495904.84,17461.4
D20,2024-07-08,11469436.4,17918908.43,39051.89
D10,2024-07-09,12115772.82,16494271.78,-1633.06
D20,2024-07-09,11471816.77,17905213.82,-13694.61
D10,2024-07-10,12118287.33,16536514.33,42242.55
D20,2024-07-10,11474197.62,17987832.65,82618.83
D10,2024-07-11,12120792.74,16522455.68,-14058.65
D20,2024-07-11,11476569.87,18017017.87,29185.22
D10,2024-07-12,12123298.66,16540186.63,17730.95
D20,2024-07-12,11478942.6,18005914.48,-11103.39
D10,2024-07-15,12125800.29,16531268.29,-8918.33
D20,2024-07-15,11481311.27,18046672.23,40757.75
D10,2024-07-16,12128302.44,16571311.43,40043.14
D20,2024-07-16,11483680.43,18141399.56,94727.33
D10,2024-07-17,12130805.11,16610342.11,39030.68
D20,2024-07-17,11486050.08,18113971.06,-27428.5
D10,2024-07-18,12133313.11,16605225.07,-5117.04
D20,2024-07-18,11488424.78,18108930.65,-5040.4
D10,2024-07-19,12135816.81,16593113.86,-12111.21
D20,2024-07-19,11490795.41,18063756.41,-45174.25
D10,2024-07-22,12138316.21,16595894.17,2780.31
D20,2024-07-22,11493161.96,18102312.79,38556.38
D10,2024-07-23,12140811.3,16594050.3,-1843.87
D20,2024-07-23,11495524.44,18163083.44,60770.66
D10,2024-07-24,12143306.91,16581526.91,-12523.39
D20,2024-07-24,11497887.41,18044887.41,-118196.03
D10,2024-07-25,12145798.22,16583459.16,1932.25
D20,2024-07-25,11500246.31,18052246.31,7358.89
D10,2024-07-26,12148285.22,16640016.22,56557.05
D20,2024-07-26,11502601.12,18176479.07,124232.76
D10,2024-07-29,12150767.9,16664967.89,24951.67
D20,2024-07-29,11504951.85,18181726.85,5247.78
D10,2024-07-30,12153246.27,16554414.23,-110553.66
D20,2024-07-30,11507298.49,18167674.47,-14052.38
D10,2024-07-31,12155729.97,16527652.91,-26761.31
D20,2024-07-31,11509650.18,18238198.66,70524.19
D10,2024-08-01,12158199.71,16560551.75,32898.84
D20,2024-08-01,11511988.65,18200742.65,-37456.01
D10,2024-08-02,12160636.17,16498652.13,-61899.63
D20,2024-08-02,11514295.62,17958941.62,-241801.03
D10,2024-08-05,12163092.43,16406913.38,-91738.74
D20,2024-08-05,11516621.32,17822100.27,-136841.34
D10,2024-08-06,12165549.18,16411337.23,4423.84
D20,2024-08-06,11518947.5,17918875.47,96775.2
D10,2024-08-07,12168006.43,16403722.38,-7614.84
D20,2024-08-07,11521274.14,17867025.14,-51850.33
D10,2024-08-08,12170464.17,16454044.17,50321.79
D20,2024-08-08,11523601.26,18001562.31,134537.16
D10,2024-08-09,12172922.41,16454104.35,60.18
D20,2024-08-09,11525928.84,18021906.84,20344.54
D10,2024-08-12,12175371.49,16417509.49,-36594.87
D20,2024-08-12,11528247.75,18017766.73,-4140.12
D10,2024-08-13,12177816.23,16459234.2,41724.72
D20,2024-08-13,11530562.55,18051729.67,33962.95
D10,2024-08-14,12180266.29,16468413.33,9179.13
D20,2024-08-14,11532882.39,18059684.39,7954.71
D10,2024-08-15,12182726.51,16487007.51,18594.17
D20,2024-08-15,11535211.85,18150114.85,90430.46
D10,2024-08-16,12185182.39,16493452.39,6444.88
D20,2024-08-16,11537537.2,18170251.22,20136.38
D10,2024-08-19,12187629.1,16530875.11,37422.72
D20,2024-08-19,11539853.86,18235516.76,65265.54
D10,2024-08-20,12190066.62,16550753.7,19878.6
D20,2024-08-20,11542161.83,18195172.96,-40343.81
D10,2024-08-21,12192494.96,16571071.01,20317.3
D20,2024-08-21,11544461.1,18246736.1,51563.15
D10,2024-08-22,12194933.46,16557439.41,-13631.6
D20,2024-08-22,11546770.0,18204803.87,-41932.23
D10,2024-08-23,12197357.93,16575939.93,18500.52
D20,2024-08-23,11549065.6,18299665.63,94861.76
D10,2024-08-26,12199768.36,16588641.42,12701.49
D20,2024-08-26,11551347.92,18327630.92,27965.29
D10,2024-08-27,12202179.27,16580485.3,-8156.12
D20,2024-08-27,11553630.69,18317755.89,-9875.03
D10,2024-08-28,12204580.97,16575096.97,-5388.34
D20,2024-08-28,11555904.73,18304373.78,-13382.1
D10,2024-08-29,12206992.82,16591525.82,16428.86
D20,2024-08-29,11558188.4,18369529.35,65155.57
D10,2024-08-30,12209405.16,16642386.1,50860.28
D20,2024-08-30,11560472.52,18411909.52,42380.17
D10,2024-09-03,12211813.12,16605114.11,-37271.99
D20,2024-09-03,11562752.5,18193977.65,-217931.87
D10,2024-09-04,12214216.72,16622891.66,17777.55
D20,2024-09-04,11565028.34,18191412.34,-2565.31
D10,2024-09-05,12216611.09,16617848.13,-5043.53
D20,2024-09-05,11567295.46,18137246.53,-54165.81
D10,2024-09-06,12219001.09,16589911.09,-27937.04
D20,2024-09-06,11569558.42,18046290.42,-90956.11
D10,2024-09-09,12221372.16,16620632.19,30721.1
D20,2024-09-09,11571803.47,18127649.64,81359.22
D10,2024-09-10,12223724.29,16640821.23,20189.04
D20,2024-09-10,11574030.58,18131791.63,4141.99
D10,2024-09-11,12226096.27,16604830.31,-35990.92
D20,2024-09-11,11576276.5,18101640.62,-30151.01
D10,2024-09-12,12228449.31,16619456.31,14626.0
D20,2024-09-12,11578504.47,18202453.47,100812.85
D10,2024-09-13,12230768.83,16675125.83,55669.52
D20,2024-09-13,11580700.71,18358034.71,155581.24
D10,2024-09-16,12233074.23,16734438.34,59312.51
D20,2024-09-16,11582883.58,18436046.61,78011.9
D10,2024-09-17,12235380.07,16713541.07,-20897.27
D20,2024-09-17,11585066.86,18430418.86,-5627.74
D10,2024-09-18,12237637.79,16708754.84,-4786.24
D20,2024-09-18,11587204.58,18463014.58,32595.72
D10,2024-09-19,12239876.5,16697338.44,-11416.39
D20,2024-09-19,11589324.31,18534273.31,71258.72
D10,2024-09-20,12242091.34,16705835.25,8496.81
D20,2024-09-20,11591421.42,18575151.32,40878.02
D10,2024-09-23,12244292.0,16713798.0,7962.74
D20,2024-09-23,11593505.12,18629158.14,54006.82
D10,2024-09-24,12246478.48,16712364.54,-1433.46
D20,2024-09-24,11595575.39,18683913.36,54755.22
D10,2024-09-25,12248670.21,16702214.11,-10150.43
D20,2024-09-25,11597650.63,18647255.63,-36657.74
D10,2024-09-26,12250857.47,16694266.53,-7947.58
D20,2024-09-26,11599721.63,18545869.61,-101386.02
D10,2024-09-27,12253045.13,16710247.13,15980.6
D20,2024-09-27,11601793.01,18554264.04,8394.43
D10,2024-09-30,12255242.89,16715928.89,5681.77
D20,2024-09-30,11603873.97,18606848.95,52584.91
D10,2024-10-01,12257431.33,16703370.27,-12558.62
D20,2024-10-01,11605946.09,18600106.12,-6742.83
D10,2024-10-02,12259610.43,16673345.43,-30024.84
D20,2024-10-02,11608009.37,18607809.29,7703.18
D10,2024-10-03,12261789.91,16632367.91,-40977.51
D20,2024-10-03,11610073.02,18582606.99,-25202.3
D10,2024-10-04,12263994.12,16648272.12,15904.2
D20,2024-10-04,11612160.06,18665135.09,82528.1
D10,2024-10-07,12266208.45,16620079.53,-28192.59
D20,2024-10-07,11614256.7,18656057.86,-9077.23
D10,2024-10-08,12268413.45,16653154.45,33074.91
D20,2024-10-08,11616344.51,18664989.48,8931.62
D10,2024-10-09,12270623.71,16708570.66,55416.22
D20,2024-10-09,11618437.29,18730200.27,65210.79
D10,2024-10-10,12272834.37,16682386.41,-26184.25
D20,2024-10-10,11620530.45,18698778.43,-31421.84
D10,2024-10-11,12275040.56,16725081.56,42695.14
D20,2024-10-11,11622619.38,18779262.46,80484.03
D10,2024-10-14,12277247.14,16745768.13,20686.57
D20,2024-10-14,11624708.69,18803803.71,24541.26
D10,2024-10-15,12279449.25,16756968.3,11200.17
D20,2024-10-15,11626793.75,18743476.85,-60326.86
D10,2024-10-16,12281646.88,16753924.85,-3043.45
D20,2024-10-16,11628874.58,18825259.48,81782.63
D10,2024-10-17,12283859.53,16754461.53,536.68
D20,2024-10-17,11630969.62,18831973.67,6714.19
D10,2024-10-18,12286067.7,16748169.7,-6291.83
D20,2024-10-18,11633060.43,18859001.5,27027.83
D10,2024-10-21,12288266.51,16716669.41,-31500.29
D20,2024-10-21,11635142.38,18836838.38,-22163.13
D10,2024-10-22,12290465.72,16663483.72,-53185.69
D20,2024-10-22,11637224.7,18641193.7,-195644.68
D10,2024-10-23,12292670.2,16668176.2,4692.48
D20,2024-10-23,11639312.01,18656126.98,14933.29
D10,2024-10-24,12294865.32,16655895.36,-12280.84
D20,2024-10-24,11641390.46,18501412.56,-154714.43
D10,2024-10-25,12412484.29,16634690.28,-21205.08
D20,2024-10-25,11781130.2,18479728.35,-21684.2
D10,2024-10-28,12414695.88,16638158.88,3468.6
D20,2024-10-28,11783229.3,18416872.3,-62856.05
D10,2024-10-29,12416907.86,16576728.86,-61430.02
D20,2024-10-29,11785328.77,18337598.77,-79273.53
D10,2024-10-30,12419110.39,16566968.43,-9760.43
D20,2024-10-30,11787419.27,18330035.24,-7563.53
D10,2024-10-31,12421298.52,16559201.46,-7766.98
D20,2024-10-31,11789496.1,18284877.07,-45158.17
D10,2024-11-01,12423472.24,16565775.3,6573.84
D20,2024-11-01,11791559.26,18291665.26,6788.19
D10,2024-11-04,12425661.14,16563223.1,-2552.2
D20,2024-11-04,11793636.82,18326724.67,35059.41
D10,2024-11-05,12427845.49,16605875.44,42652.34
D20,2024-11-05,11795710.07,18388102.92,61378.24
D10,2024-11-06,12430035.16,16600445.17,-5430.27
D20,2024-11-06,11797788.36,18480540.26,92437.34
D10,2024-11-07,12432220.28,16614949.32,14504.15
D20,2024-11-07,11799862.33,18477524.43,-3015.83
D10,2024-11-08,12434405.79,16672735.85,57786.53
D20,2024-11-08,11801936.68,18565735.7,88211.27
D10,2024-11-11,12436591.68,16636241.63,-36494.21
D20,2024-11-11,11804011.38,18511588.41,-54147.29
D10,2024-11-12,12438777.95,16614165.95,-22075.68
D20,2024-11-12,11806086.45,18466440.43,-45147.98
D10,2024-11-13,12440949.8,16643995.85,29829.9
D20,2024-11-13,11808147.83,18513292.91,46852.48
D10,2024-11-14,12443126.97,16637355.89,-6639.96
D20,2024-11-14,11810214.26,18429579.16,-83713.75
D10,2024-11-15,10631587.17,16617949.08,-19406.81
D20,2024-11-15,9591642.5,18396685.4,-32893.76
D10,2024-11-18,10633451.92,16639840.88,21891.8
D20,2024-11-18,9593324.84,18469817.75,73132.35
D10,2024-11-19,10635312.77,16639295.74,-545.14
D20,2024-11-19,9595003.68,18452438.74,-17379.01
D10,2024-11-20,10637178.17,16672404.2,33108.47
D20,2024-11-20,9596686.61,18491597.63,39158.89
D10,2024-11-21,10639048.12,16733544.15,61139.95
D20,2024-11-21,9598373.65,18545766.67,54169.04
D10,2024-11-22,10640918.4,16813713.41,80169.26
D20,2024-11-22,9600060.98,18649068.83,103302.15
D10,2024-11-25,10642784.78,16860066.82,46353.41
D20,2024-11-25,9601744.8,18654810.96,5742.14
D10,2024-11-26,10644643.04,16906764.09,46697.27
D20,2024-11-26,9603421.3,18730140.41,75329.45
D10,2024-11-27,10646501.63,16907797.71,1033.62
D20,2024-11-27,9605098.08,18670924.23,-59216.18
D10,2024-11-29,10648356.32,16930958.71,23161.0
D20,2024-11-29,9606771.35,18710785.27,39861.03
D10,2024-12-02,10650207.11,16934788.1,3829.39
D20,2024-12-02,9608441.1,18687225.08,-23560.18
D10,2024-12-03,10652049.76,16897148.77,-37639.32
D20,2024-12-03,9610103.51,18695993.52,8768.43
D10,2024-12-04,10653888.51,16887698.53,-9450.25
D20,2024-12-04,9611762.4,18686684.4,-9309.11
D10,2024-12-05,10655723.34,16855196.39,-32502.14
D20,2024-12-05,9613417.76,18565241.74,-121442.67
D10,2024-12-06,10657545.81,16832292.84,-22903.55
D20,2024-12-06,9615061.96,18572619.96,7378.22
D10,2024-12-09,10659364.36,16753044.39,-79248.45
D20,2024-12-09,9616702.62,18470578.76,-102041.2
D10,2024-12-10,10661178.99,16719918.0,-33126.39
D20,2024-12-10,9618339.75,18406197.68,-64381.08
D10,2024-12-11,10662981.24,16676063.21,-43854.79
D20,2024-12-11,9619965.71,18383614.6,-22583.08
D10,2024-12-12,10664771.09,16675756.14,-307.08
D20,2024-12-12,9621580.49,18310753.52,-72861.08
D10,2024-12-13,10666561.25,16668563.22,-7192.92
D20,2024-12-13,9623195.54,18287347.43,-23406.09
D10,2024-12-16,10668360.18,16634548.14,-34015.08
D20,2024-12-16,9624818.5,18240705.35,-46642.08
D10,2024-12-17,10670163.64,16648495.64,13947.5
D20,2024-12-17,9626445.55,18262639.54,21934.19
D10,2024-12-18,10671963.17,16537981.14,-110514.5
D20,2024-12-18,9628069.06,18021046.09,-241593.45
D10,2024-12-19,10673754.53,16524788.52,-13192.62
D20,2024-12-19,9629685.2,18020972.19,-73.9
D10,2024-12-20,10675546.2,16569468.16,44679.64
D20,2024-12-20,9631301.61,18145392.63,124420.44
D10,2024-12-23,10677342.4,16643079.38,73611.22
D20,2024-12-23,9632922.12,18219786.18,74393.55
D10,2024-12-24,10679155.86,16685953.88,42874.5
D20,2024-12-24,9634558.19,18307249.29,87463.1
D10,2024-12-26,10680952.67,16680147.64,-5806.24
D20,2024-12-26,9636179.24,18295257.08,-11992.21
D10,2024-12-27,10682728.59,16653349.54,-26798.1
D20,2024-12-27,9637781.44,18233803.4,-61453.68
D10,2024-12-30,10684521.76,16580886.82,-72462.72
D20,2024-12-30,9639399.21,18155037.34,-78766.05
D10,2024-12-31,10686315.23,16584323.14,3436.32
D20,2024-12-31,9641017.26,18151662.13,-3375.21
