strategy_id,date,ticker,event,detail,cash_change,shares_change
D10,2016-04-29,AAPL,SELL_PUT,exp=2016-05-20 K=88.00 prem=0.95 x56,5320.0,0
D10,2016-04-29,MSFT,SELL_PUT,exp=2016-05-20 K=46.00 prem=0.17 x108,1836.0,0
D10,2016-04-29,AMZN,SELL_PUT,exp=2016-05-20 K=635.00 prem=7.85 x7,5495.0,0
D10,2016-04-29,JNJ,SELL_PUT,exp=2016-05-20 K=109.00 prem=0.69 x45,3105.0,0
D10,2016-04-29,GE,SELL_PUT,exp=2016-05-20 K=30.00 prem=0.25 x166,4150.0,0
D10,2016-04-29,WMT,SELL_PUT,exp=2016-05-20 K=63.50 prem=0.51 x78,3978.0,0
D10,2016-04-29,PG,SELL_PUT,exp=2016-05-20 K=77.50 prem=0.44 x64,2816.0,0
D10,2016-04-29,KO,SELL_PUT,exp=2016-05-20 K=42.50 prem=0.11 x117,1287.0,0
D10,2016-04-29,HD,SELL_PUT,exp=2016-05-20 K=129.00 prem=1.81 x38,6878.0,0
D10,2016-04-29,PFE,SELL_PUT,exp=2016-05-20 K=30.50 prem=0.14 x164,2296.0,0
D10,2016-04-29,ORCL,SELL_PUT,exp=2016-05-20 K=38.00 prem=0.25 x132,3300.0,0
D10,2016-04-29,MO,SELL_PUT,exp=2016-05-20 K=60.00 prem=0.23 x83,1909.0,0
D10,2016-04-29,BAC,SELL_PUT,exp=2016-05-20 K=13.50 prem=0.10 x371,3710.0,0
D10,2016-04-29,PEP,SELL_PUT,exp=2016-05-20 K=99.00 prem=0.37 x50,1850.0,0
D10,2016-04-29,ABBV,SELL_PUT,exp=2016-05-20 K=58.00 prem=0.75 x86,6450.0,0
D10,2016-04-29,IBM,SELL_PUT,exp=2016-05-20 K=139.00 prem=0.90 x36,3240.0,0
D10,2016-04-29,DIS,SELL_PUT,exp=2016-05-20 K=98.50 prem=0.95 x51,4845.0,0
D10,2016-04-29,NEM,SELL_PUT,exp=2016-05-20 K=33.00 prem=0.91 x152,13832.0,0
D10,2016-04-29,MRK,SELL_PUT,exp=2016-05-20 K=52.50 prem=0.39 x95,3705.0,0
D10,2016-04-29,MCD,SELL_PUT,exp=2016-05-20 K=120.00 prem=0.40 x42,1680.0,0
D20,2016-04-29,AAPL,SELL_PUT,exp=2016-05-20 K=89.00 prem=0.86 x56,4816.0,0
D20,2016-04-29,MSFT,SELL_PUT,exp=2016-05-20 K=47.50 prem=0.30 x105,3150.0,0
D20,2016-04-29,AMZN,SELL_PUT,exp=2016-05-20 K=635.00 prem=7.85 x7,5495.0,0
D20,2016-04-29,JNJ,SELL_PUT,exp=2016-05-20 K=110.00 prem=0.92 x45,4140.0,0
D20,2016-04-29,GE,SELL_PUT,exp=2016-05-20 K=30.00 prem=0.25 x166,4150.0,0
D20,2016-04-29,WMT,SELL_PUT,exp=2016-05-20 K=64.50 prem=0.83 x77,6391.0,0
D20,2016-04-29,PG,SELL_PUT,exp=2016-05-20 K=78.50 prem=0.73 x63,4599.0,0
D20,2016-04-29,KO,SELL_PUT,exp=2016-05-20 K=43.00 prem=0.14 x116,1624.0,0
D20,2016-04-29,HD,SELL_PUT,exp=2016-05-20 K=131.00 prem=2.20 x38,8360.0,0
D20,2016-04-29,PFE,SELL_PUT,exp=2016-05-20 K=31.50 prem=0.34 x159,5406.0,0
D20,2016-04-29,ORCL,SELL_PUT,exp=2016-05-20 K=38.50 prem=0.42 x130,5460.0,0
D20,2016-04-29,MO,SELL_PUT,exp=2016-05-20 K=61.00 prem=0.43 x82,3526.0,0
D20,2016-04-29,BAC,SELL_PUT,exp=2016-05-20 K=14.00 prem=0.13 x359,4667.0,0
D20,2016-04-29,PEP,SELL_PUT,exp=2016-05-20 K=101.00 prem=0.75 x49,3675.0,0
D20,2016-04-29,ABBV,SELL_PUT,exp=2016-05-20 K=59.00 prem=0.83 x85,7055.0,0
D20,2016-04-29,IBM,SELL_PUT,exp=2016-05-20 K=141.00 prem=1.92 x35,6720.0,0
D20,2016-04-29,DIS,SELL_PUT,exp=2016-05-20 K=100.00 prem=1.18 x50,5900.0,0
D20,2016-04-29,NEM,SELL_PUT,exp=2016-05-20 K=34.00 prem=1.35 x148,19980.0,0
D20,2016-04-29,MRK,SELL_PUT,exp=2016-05-20 K=53.50 prem=0.67 x94,6298.0,0
D20,2016-04-29,MCD,SELL_PUT,exp=2016-05-20 K=122.00 prem=0.59 x41,2419.0,0
D10,2016-05-20,AAPL,PUT_EXPIRE,OTM K=88.00 S_close=95.22,0.0,0
D10,2016-05-20,MSFT,PUT_EXPIRE,OTM K=46.00 S_close=50.62,0.0,0
D10,2016-05-20,AMZN,PUT_EXPIRE,OTM K=635.00 S_close=702.80,0.0,0
D10,2016-05-20,JNJ,PUT_EXPIRE,OTM K=109.00 S_close=112.64,0.0,0
D10,2016-05-20,GE,PUT_ASSIGN,buy 16600 @30.00 S_close=29.56,-498000.0,16600
D10,2016-05-20,WMT,PUT_EXPIRE,OTM K=63.50 S_close=69.86,0.0,0
D10,2016-05-20,PG,PUT_EXPIRE,OTM K=77.50 S_close=80.02,0.0,0
D10,2016-05-20,KO,PUT_EXPIRE,OTM K=42.50 S_close=43.95,0.0,0
D10,2016-05-20,HD,PUT_EXPIRE,OTM K=129.00 S_close=131.85,0.0,0
D10,2016-05-20,PFE,PUT_EXPIRE,OTM K=30.50 S_close=33.74,0.0,0
D10,2016-05-20,ORCL,PUT_EXPIRE,OTM K=38.00 S_close=39.41,0.0,0
D10,2016-05-20,MO,PUT_EXPIRE,OTM K=60.00 S_close=62.96,0.0,0
D10,2016-05-20,BAC,PUT_EXPIRE,OTM K=13.50 S_close=14.52,0.0,0
D10,2016-05-20,PEP,PUT_EXPIRE,OTM K=99.00 S_close=100.10,0.0,0
D10,2016-05-20,ABBV,PUT_EXPIRE,OTM K=58.00 S_close=59.69,0.0,0
D10,2016-05-20,IBM,PUT_EXPIRE,OTM K=139.00 S_close=147.25,0.0,0
D10,2016-05-20,DIS,PUT_EXPIRE,OTM K=98.50 S_close=99.78,0.0,0
D10,2016-05-20,NEM,PUT_EXPIRE,OTM K=33.00 S_close=33.73,0.0,0
D10,2016-05-20,MRK,PUT_EXPIRE,OTM K=52.50 S_close=55.11,0.0,0
D10,2016-05-20,MCD,PUT_EXPIRE,OTM K=120.00 S_close=122.56,0.0,0
D20,2016-05-20,AAPL,PUT_EXPIRE,OTM K=89.00 S_close=95.22,0.0,0
D20,2016-05-20,MSFT,PUT_EXPIRE,OTM K=47.50 S_close=50.62,0.0,0
D20,2016-05-20,AMZN,PUT_EXPIRE,OTM K=635.00 S_close=702.80,0.0,0
D20,2016-05-20,JNJ,PUT_EXPIRE,OTM K=110.00 S_close=112.64,0.0,0
D20,2016-05-20,GE,PUT_ASSIGN,buy 16600 @30.00 S_close=29.56,-498000.0,16600
D20,2016-05-20,WMT,PUT_EXPIRE,OTM K=64.50 S_close=69.86,0.0,0
D20,2016-05-20,PG,PUT_EXPIRE,OTM K=78.50 S_close=80.02,0.0,0
D20,2016-05-20,KO,PUT_EXPIRE,OTM K=43.00 S_close=43.95,0.0,0
D20,2016-05-20,HD,PUT_EXPIRE,OTM K=131.00 S_close=131.85,0.0,0
D20,2016-05-20,PFE,PUT_EXPIRE,OTM K=31.50 S_close=33.74,0.0,0
D20,2016-05-20,ORCL,PUT_EXPIRE,OTM K=38.50 S_close=39.41,0.0,0
D20,2016-05-20,MO,PUT_EXPIRE,OTM K=61.00 S_close=62.96,0.0,0
D20,2016-05-20,BAC,PUT_EXPIRE,OTM K=14.00 S_close=14.52,0.0,0
D20,2016-05-20,PEP,PUT_ASSIGN,buy 4900 @101.00 S_close=100.10,-494900.0,4900
D20,2016-05-20,ABBV,PUT_EXPIRE,OTM K=59.00 S_close=59.69,0.0,0
D20,2016-05-20,IBM,PUT_EXPIRE,OTM K=141.00 S_close=147.25,0.0,0
D20,2016-05-20,DIS,PUT_ASSIGN,buy 5000 @100.00 S_close=99.78,-500000.0,5000
D20,2016-05-20,NEM,PUT_ASSIGN,buy 14800 @34.00 S_close=33.73,-503200.0,14800
D20,2016-05-20,MRK,PUT_EXPIRE,OTM K=53.50 S_close=55.11,0.0,0
D20,2016-05-20,MCD,PUT_EXPIRE,OTM K=122.00 S_close=122.56,0.0,0
D10,2016-10-28,AAPL,SELL_PUT,exp=2016-11-18 K=109.00 prem=0.67 x44,2948.0,0
D10,2016-10-28,MSFT,SELL_PUT,exp=2016-11-18 K=56.50 prem=0.27 x84,2268.0,0
D10,2016-10-28,AMZN,SELL_PUT,exp=2016-11-18 K=730.00 prem=2.45 x6,1470.0,0
D10,2016-10-28,JNJ,SELL_PUT,exp=2016-11-18 K=111.00 prem=0.63 x43,2709.0,0
D10,2016-10-28,AA,SELL_PUT,exp=2016-11-18 K=27.00 prem=0.34 x177,6018.0,0
D10,2016-10-28,GE,SELL_CALL,exp=2016-11-18 K=30.50 prem=0.08 x166,1328.0,0
D10,2016-10-28,PG,SELL_PUT,exp=2016-11-18 K=82.50 prem=0.21 x58,1218.0,0
D10,2016-10-28,BAC,SELL_PUT,exp=2016-11-18 K=15.50 prem=0.11 x310,3410.0,0
D10,2016-10-28,WMT,SELL_PUT,exp=2016-11-18 K=67.00 prem=0.51 x71,3621.0,0
D10,2016-10-28,MO,SELL_PUT,exp=2016-11-18 K=62.50 prem=0.29 x76,2204.0,0
D10,2016-10-28,INTC,SELL_PUT,exp=2016-11-18 K=30.00 prem=0.02 x160,320.0,0
D10,2016-10-28,PFE,SELL_PUT,exp=2016-11-18 K=30.50 prem=0.33 x157,5181.0,0
D10,2016-10-28,NVDA,SELL_PUT,exp=2016-11-18 K=67.50 prem=1.81 x71,12851.0,0
D10,2016-10-28,CSCO,SELL_PUT,exp=2016-11-18 K=27.50 prem=0.07 x175,1225.0,0
D10,2016-10-28,KO,SELL_PUT,exp=2016-11-18 K=41.00 prem=0.20 x117,2340.0,0
D10,2016-10-28,PEP,SELL_PUT,exp=2016-11-18 K=104.00 prem=0.55 x46,2530.0,0
D10,2016-10-28,MRK,SELL_PUT,exp=2016-11-18 K=55.00 prem=0.40 x87,3480.0,0
D10,2016-10-28,IBM,SELL_PUT,exp=2016-11-18 K=146.00 prem=0.92 x33,3036.0,0
D10,2016-10-28,HD,SELL_PUT,exp=2016-11-18 K=117.00 prem=0.94 x41,3854.0,0
D10,2016-10-28,QCOM,SELL_PUT,exp=2016-11-18 K=65.00 prem=1.20 x74,8880.0,0
D20,2016-10-28,AAPL,SELL_PUT,exp=2016-11-18 K=111.00 prem=1.12 x36,4032.0,0
D20,2016-10-28,MSFT,SELL_PUT,exp=2016-11-18 K=58.00 prem=0.55 x70,3850.0,0
D20,2016-10-28,AMZN,SELL_PUT,exp=2016-11-18 K=745.00 prem=4.35 x5,2175.0,0
D20,2016-10-28,JNJ,SELL_PUT,exp=2016-11-18 K=112.00 prem=0.74 x36,2664.0,0
D20,2016-10-28,AA,SELL_PUT,exp=2016-11-18 K=27.50 prem=0.47 x148,6956.0,0
D20,2016-10-28,GE,SELL_CALL,exp=2016-11-18 K=30.00 prem=0.20 x166,3320.0,0
D20,2016-10-28,PG,SELL_PUT,exp=2016-11-18 K=84.00 prem=0.40 x48,1920.0,0
D20,2016-10-28,BAC,SELL_PUT,exp=2016-11-18 K=16.00 prem=0.18 x254,4572.0,0
D20,2016-10-28,WMT,SELL_PUT,exp=2016-11-18 K=68.00 prem=0.69 x59,4071.0,0
D20,2016-10-28,MO,SELL_PUT,exp=2016-11-18 K=64.00 prem=0.50 x63,3150.0,0
D20,2016-10-28,INTC,SELL_PUT,exp=2016-11-18 K=32.00 prem=0.10 x127,1270.0,0
D20,2016-10-28,PFE,SELL_PUT,exp=2016-11-18 K=31.00 prem=0.47 x131,6157.0,0
D20,2016-10-28,NVDA,SELL_PUT,exp=2016-11-18 K=68.50 prem=2.14 x59,12626.0,0
D20,2016-10-28,CSCO,SELL_PUT,exp=2016-11-18 K=28.50 prem=0.15 x143,2145.0,0
D20,2016-10-28,KO,SELL_PUT,exp=2016-11-18 K=41.50 prem=0.24 x98,2352.0,0
D20,2016-10-28,PEP,SELL_CALL,exp=2016-11-18 K=109.00 prem=0.55 x49,2695.0,0
D20,2016-10-28,MRK,SELL_PUT,exp=2016-11-18 K=56.00 prem=0.36 x73,2628.0,0
D20,2016-10-28,IBM,SELL_PUT,exp=2016-11-18 K=149.00 prem=1.20 x27,3240.0,0
D20,2016-10-28,HD,SELL_PUT,exp=2016-11-18 K=120.00 prem=1.43 x34,4862.0,0
D20,2016-10-28,QCOM,SELL_PUT,exp=2016-11-18 K=66.50 prem=1.58 x61,9638.0,0
D10,2016-11-18,AAPL,PUT_EXPIRE,OTM K=109.00 S_close=110.06,0.0,0
D10,2016-11-18,MSFT,PUT_EXPIRE,OTM K=56.50 S_close=60.35,0.0,0
D10,2016-11-18,AMZN,PUT_EXPIRE,OTM K=730.00 S_close=760.16,0.0,0
D10,2016-11-18,JNJ,PUT_EXPIRE,OTM K=111.00 S_close=115.36,0.0,0
D10,2016-11-18,AA,PUT_EXPIRE,OTM K=27.00 S_close=30.42,0.0,0
D10,2016-11-18,GE,CALL_ASSIGN,sell 16600 @30.50 S_close=30.67,506300.0,-16600
D10,2016-11-18,PG,PUT_ASSIGN,buy 5800 @82.50 S_close=82.00,-478500.0,5800
D10,2016-11-18,BAC,PUT_EXPIRE,OTM K=15.50 S_close=20.00,0.0,0
D10,2016-11-18,WMT,PUT_EXPIRE,OTM K=67.00 S_close=68.54,0.0,0
D10,2016-11-18,MO,PUT_EXPIRE,OTM K=62.50 S_close=62.77,0.0,0
D10,2016-11-18,INTC,PUT_EXPIRE,OTM K=30.00 S_close=34.95,0.0,0
D10,2016-11-18,PFE,PUT_EXPIRE,OTM K=30.50 S_close=31.48,0.0,0
D10,2016-11-18,NVDA,PUT_EXPIRE,OTM K=67.50 S_close=93.36,0.0,0
D10,2016-11-18,CSCO,PUT_EXPIRE,OTM K=27.50 S_close=30.18,0.0,0
D10,2016-11-18,KO,PUT_ASSIGN,buy 11700 @41.00 S_close=40.91,-479700.0,11700
D10,2016-11-18,PEP,PUT_ASSIGN,buy 4600 @104.00 S_close=101.31,-478400.0,4600
D10,2016-11-18,MRK,PUT_EXPIRE,OTM K=55.00 S_close=61.87,0.0,0
D10,2016-11-18,IBM,PUT_EXPIRE,OTM K=146.00 S_close=160.39,0.0,0
D10,2016-11-18,HD,PUT_EXPIRE,OTM K=117.00 S_close=128.33,0.0,0
D10,2016-11-18,QCOM,PUT_EXPIRE,OTM K=65.00 S_close=67.31,0.0,0
D20,2016-11-18,AAPL,PUT_ASSIGN,buy 3600 @111.00 S_close=110.06,-399600.0,3600
D20,2016-11-18,MSFT,PUT_EXPIRE,OTM K=58.00 S_close=60.35,0.0,0
D20,2016-11-18,AMZN,PUT_EXPIRE,OTM K=745.00 S_close=760.16,0.0,0
D20,2016-11-18,JNJ,PUT_EXPIRE,OTM K=112.00 S_close=115.36,0.0,0
D20,2016-11-18,AA,PUT_EXPIRE,OTM K=27.50 S_close=30.42,0.0,0
D20,2016-11-18,GE,CALL_ASSIGN,sell 16600 @30.00 S_close=30.67,498000.0,-16600
D20,2016-11-18,PG,PUT_ASSIGN,buy 4800 @84.00 S_close=82.00,-403200.0,4800
D20,2016-11-18,BAC,PUT_EXPIRE,OTM K=16.00 S_close=20.00,0.0,0
D20,2016-11-18,WMT,PUT_EXPIRE,OTM K=68.00 S_close=68.54,0.0,0
D20,2016-11-18,MO,PUT_ASSIGN,buy 6300 @64.00 S_close=62.77,-403200.0,6300
D20,2016-11-18,INTC,PUT_EXPIRE,OTM K=32.00 S_close=34.95,0.0,0
D20,2016-11-18,PFE,PUT_EXPIRE,OTM K=31.00 S_close=31.48,0.0,0
D20,2016-11-18,NVDA,PUT_EXPIRE,OTM K=68.50 S_close=93.36,0.0,0
D20,2016-11-18,CSCO,PUT_EXPIRE,OTM K=28.50 S_close=30.18,0.0,0
D20,2016-11-18,KO,PUT_ASSIGN,buy 9800 @41.50 S_close=40.91,-406700.0,9800
D20,2016-11-18,PEP,CALL_EXPIRE,OTM K=109.00 S_close=101.31,0.0,0
D20,2016-11-18,MRK,PUT_EXPIRE,OTM K=56.00 S_close=61.87,0.0,0
D20,2016-11-18,IBM,PUT_EXPIRE,OTM K=149.00 S_close=160.39,0.0,0
D20,2016-11-18,HD,PUT_EXPIRE,OTM K=120.00 S_close=128.33,0.0,0
D20,2016-11-18,QCOM,PUT_EXPIRE,OTM K=66.50 S_close=67.31,0.0,0
D10,2017-04-28,AAPL,SELL_PUT,exp=2017-05-19 K=139.00 prem=1.37 x31,4247.0,0
D10,2017-04-28,MSFT,SELL_PUT,exp=2017-05-19 K=66.50 prem=0.33 x65,2145.0,0
D10,2017-04-28,AMZN,SELL_PUT,exp=2017-05-19 K=900.00 prem=5.80 x4,2320.0,0
D10,2017-04-28,JNJ,SELL_PUT,exp=2017-05-19 K=119.00 prem=0.22 x36,792.0,0
D10,2017-04-28,BAC,SELL_PUT,exp=2017-05-19 K=21.50 prem=0.05 x204,1020.0,0
D10,2017-04-28,HD,SELL_PUT,exp=2017-05-19 K=150.00 prem=1.23 x29,3567.0,0
D10,2017-04-28,AMD,SELL_PUT,exp=2017-05-19 K=13.00 prem=0.71 x337,23927.0,0
D10,2017-04-28,GE,SELL_PUT,exp=2017-05-19 K=28.00 prem=0.07 x157,1099.0,0
D10,2017-04-28,WMT,SELL_PUT,exp=2017-05-19 K=73.00 prem=0.72 x60,4320.0,0
D10,2017-04-28,PG,SELL_CALL,exp=2017-05-19 K=90.00 prem=0.10 x58,580.0,0
D10,2017-04-28,DIS,SELL_PUT,exp=2017-05-19 K=106.00 prem=0.14 x41,574.0,0
D10,2017-04-28,ORCL,SELL_PUT,exp=2017-05-19 K=40.00 prem=0.01 x110,110.0,0
D10,2017-04-28,MO,SELL_PUT,exp=2017-05-19 K=68.50 prem=0.23 x64,1472.0,0
D10,2017-04-28,PFE,SELL_PUT,exp=2017-05-19 K=33.50 prem=0.45 x131,5895.0,0
D10,2017-04-28,CSCO,SELL_PUT,exp=2017-05-19 K=33.00 prem=0.32 x133,4256.0,0
D10,2017-04-28,PEP,SELL_CALL,exp=2017-05-19 K=116.00 prem=0.22 x46,1012.0,0
D10,2017-04-28,KO,SELL_CALL,exp=2017-05-19 K=44.00 prem=0.09 x117,1053.0,0
D10,2017-04-28,MRK,SELL_PUT,exp=2017-05-19 K=61.00 prem=0.85 x72,6120.0,0
D10,2017-04-28,INTC,SELL_PUT,exp=2017-05-19 K=34.50 prem=0.10 x127,1270.0,0
D10,2017-04-28,MCD,SELL_PUT,exp=2017-05-19 K=130.00 prem=0.08 x33,264.0,0
D20,2017-04-28,AAPL,SELL_CALL,exp=2017-05-19 K=147.00 prem=1.63 x36,5868.0,0
D20,2017-04-28,MSFT,SELL_PUT,exp=2017-05-19 K=67.00 prem=0.34 x53,1802.0,0
D20,2017-04-28,AMZN,SELL_PUT,exp=2017-05-19 K=900.00 prem=5.80 x3,1740.0,0
D20,2017-04-28,JNJ,SELL_PUT,exp=2017-05-19 K=121.00 prem=0.48 x29,1392.0,0
D20,2017-04-28,BAC,SELL_PUT,exp=2017-05-19 K=22.00 prem=0.10 x162,1620.0,0
D20,2017-04-28,HD,SELL_PUT,exp=2017-05-19 K=152.50 prem=1.84 x23,4232.0,0
D20,2017-04-28,AMD,SELL_PUT,exp=2017-05-19 K=13.00 prem=0.71 x274,19454.0,0
D20,2017-04-28,GE,SELL_PUT,exp=2017-05-19 K=28.50 prem=0.15 x125,1875.0,0
D20,2017-04-28,WMT,SELL_PUT,exp=2017-05-19 K=74.00 prem=1.12 x48,5376.0,0
D20,2017-04-28,PG,SELL_CALL,exp=2017-05-19 K=89.50 prem=0.17 x48,816.0,0
D20,2017-04-28,DIS,SELL_CALL,exp=2017-05-19 K=125.00 prem=0.10 x50,500.0,0
D20,2017-04-28,ORCL,SELL_PUT,exp=2017-05-19 K=41.00 prem=0.02 x87,174.0,0
D20,2017-04-28,MO,SELL_CALL,exp=2017-05-19 K=74.00 prem=0.22 x63,1386.0,0
D20,2017-04-28,PFE,SELL_PUT,exp=2017-05-19 K=33.50 prem=0.45 x106,4770.0,0
D20,2017-04-28,CSCO,SELL_PUT,exp=2017-05-19 K=33.50 prem=0.47 x107,5029.0,0
D20,2017-04-28,PEP,SELL_CALL,exp=2017-05-19 K=115.00 prem=0.35 x49,1715.0,0
D20,2017-04-28,KO,SELL_CALL,exp=2017-05-19 K=44.00 prem=0.09 x98,882.0,0
D20,2017-04-28,MRK,SELL_PUT,exp=2017-05-19 K=61.50 prem=1.03 x58,5974.0,0
D20,2017-04-28,INTC,SELL_PUT,exp=2017-05-19 K=35.00 prem=0.21 x102,2142.0,0
D20,2017-04-28,MCD,SELL_PUT,exp=2017-05-19 K=130.00 prem=0.08 x27,216.0,0
D10,2017-05-19,AAPL,PUT_EXPIRE,OTM K=139.00 S_close=153.06,0.0,0
D10,2017-05-19,MSFT,PUT_EXPIRE,OTM K=66.50 S_close=67.69,0.0,0
D10,2017-05-19,AMZN,PUT_EXPIRE,OTM K=900.00 S_close=959.84,0.0,0
D10,2017-05-19,JNJ,PUT_EXPIRE,OTM K=119.00 S_close=127.00,0.0,0
D10,2017-05-19,BAC,PUT_EXPIRE,OTM K=21.50 S_close=23.05,0.0,0
D10,2017-05-19,HD,PUT_EXPIRE,OTM K=150.00 S_close=156.30,0.0,0
D10,2017-05-19,AMD,PUT_ASSIGN,buy 33700 @13.00 S_close=11.41,-438100.0,33700
D10,2017-05-19,GE,PUT_EXPIRE,OTM K=28.00 S_close=28.05,0.0,0
D10,2017-05-19,WMT,PUT_EXPIRE,OTM K=73.00 S_close=78.77,0.0,0
D10,2017-05-19,PG,CALL_EXPIRE,OTM K=90.00 S_close=86.24,0.0,0
D10,2017-05-19,DIS,PUT_EXPIRE,OTM K=106.00 S_close=107.52,0.0,0
D10,2017-05-19,ORCL,PUT_EXPIRE,OTM K=40.00 S_close=44.31,0.0,0
D10,2017-05-19,MO,PUT_EXPIRE,OTM K=68.50 S_close=70.90,0.0,0
D10,2017-05-19,PFE,PUT_ASSIGN,buy 13100 @33.50 S_close=32.46,-438850.0,13100
D10,2017-05-19,CSCO,PUT_ASSIGN,buy 13300 @33.00 S_close=31.21,-438900.0,13300
D10,2017-05-19,PEP,CALL_EXPIRE,OTM K=116.00 S_close=113.69,0.0,0
D10,2017-05-19,KO,CALL_EXPIRE,OTM K=44.00 S_close=43.90,0.0,0
D10,2017-05-19,MRK,PUT_EXPIRE,OTM K=61.00 S_close=63.78,0.0,0
D10,2017-05-19,INTC,PUT_EXPIRE,OTM K=34.50 S_close=35.40,0.0,0
D10,2017-05-19,MCD,PUT_EXPIRE,OTM K=130.00 S_close=148.15,0.0,0
D20,2017-05-19,AAPL,CALL_ASSIGN,sell 3600 @147.00 S_close=153.06,529200.0,-3600
D20,2017-05-19,MSFT,PUT_EXPIRE,OTM K=67.00 S_close=67.69,0.0,0
D20,2017-05-19,AMZN,PUT_EXPIRE,OTM K=900.00 S_close=959.84,0.0,0
D20,2017-05-19,JNJ,PUT_EXPIRE,OTM K=121.00 S_close=127.00,0.0,0
D20,2017-05-19,BAC,PUT_EXPIRE,OTM K=22.00 S_close=23.05,0.0,0
D20,2017-05-19,HD,PUT_EXPIRE,OTM K=152.50 S_close=156.30,0.0,0
D20,2017-05-19,AMD,PUT_ASSIGN,buy 27400 @13.00 S_close=11.41,-356200.0,27400
D20,2017-05-19,GE,PUT_ASSIGN,buy 12500 @28.50 S_close=28.05,-356250.0,12500
D20,2017-05-19,WMT,PUT_EXPIRE,OTM K=74.00 S_close=78.77,0.0,0
D20,2017-05-19,PG,CALL_EXPIRE,OTM K=89.50 S_close=86.24,0.0,0
D20,2017-05-19,DIS,CALL_EXPIRE,OTM K=125.00 S_close=107.52,0.0,0
D20,2017-05-19,ORCL,PUT_EXPIRE,OTM K=41.00 S_close=44.31,0.0,0
D20,2017-05-19,MO,CALL_EXPIRE,OTM K=74.00 S_close=70.90,0.0,0
D20,2017-05-19,PFE,PUT_ASSIGN,buy 10600 @33.50 S_close=32.46,-355100.0,10600
D20,2017-05-19,CSCO,PUT_ASSIGN,buy 10700 @33.50 S_close=31.21,-358450.0,10700
D20,2017-05-19,PEP,CALL_EXPIRE,OTM K=115.00 S_close=113.69,0.0,0
D20,2017-05-19,KO,CALL_EXPIRE,OTM K=44.00 S_close=43.90,0.0,0
D20,2017-05-19,MRK,PUT_EXPIRE,OTM K=61.50 S_close=63.78,0.0,0
D20,2017-05-19,INTC,PUT_EXPIRE,OTM K=35.00 S_close=35.40,0.0,0
D20,2017-05-19,MCD,PUT_EXPIRE,OTM K=130.00 S_close=148.15,0.0,0
D10,2017-10-27,AAPL,SELL_PUT,exp=2017-11-17 K=155.00 prem=1.76 x24,4224.0,0
D10,2017-10-27,MSFT,SELL_PUT,exp=2017-11-17 K=79.00 prem=0.11 x47,517.0,0
D10,2017-10-27,XRX,SELL_PUT,exp=2017-11-17 K=29.00 prem=0.43 x130,5590.0,0
D10,2017-10-27,JNJ,SELL_PUT,exp=2017-11-17 K=135.00 prem=0.22 x28,616.0,0
D10,2017-10-27,BAC,SELL_PUT,exp=2017-11-17 K=26.50 prem=0.12 x142,1704.0,0
D10,2017-10-27,HD,SELL_PUT,exp=2017-11-17 K=162.50 prem=1.31 x23,3013.0,0
D10,2017-10-27,WMT,SELL_PUT,exp=2017-11-17 K=83.50 prem=0.45 x45,2025.0,0
D10,2017-10-27,ABBV,SELL_PUT,exp=2017-11-17 K=87.00 prem=0.44 x43,1892.0,0
D10,2017-10-27,ORCL,SELL_PUT,exp=2017-11-17 K=49.00 prem=0.15 x77,1155.0,0
D10,2017-10-27,NVDA,SELL_PUT,exp=2017-11-17 K=177.50 prem=2.17 x21,4557.0,0
D10,2017-10-27,BA,SELL_PUT,exp=2017-11-17 K=245.00 prem=1.29 x15,1935.0,0
D10,2017-10-27,INTC,SELL_PUT,exp=2017-11-17 K=41.50 prem=0.12 x91,1092.0,0
D10,2017-10-27,PG,SELL_CALL,exp=2017-11-17 K=90.00 prem=0.12 x58,696.0,0
D10,2017-10-27,PFE,SELL_CALL,exp=2017-11-17 K=37.00 prem=0.09 x131,1179.0,0
D10,2017-10-27,KO,SELL_CALL,exp=2017-11-17 K=47.50 prem=0.06 x117,702.0,0
D10,2017-10-27,MO,SELL_PUT,exp=2017-11-17 K=61.50 prem=0.22 x61,1342.0,0
D10,2017-10-27,MCD,SELL_PUT,exp=2017-11-17 K=157.50 prem=0.51 x24,1224.0,0
D10,2017-10-27,CSCO,SELL_CALL,exp=2017-11-17 K=35.50 prem=0.35 x133,4655.0,0
D10,2017-10-27,PEP,SELL_CALL,exp=2017-11-17 K=115.00 prem=0.15 x46,690.0,0
D10,2017-10-27,MMM,SELL_PUT,exp=2017-11-17 K=222.50 prem=0.67 x17,1139.0,0
D20,2017-10-27,AAPL,SELL_PUT,exp=2017-11-17 K=157.50 prem=2.56 x20,5120.0,0
D20,2017-10-27,MSFT,SELL_PUT,exp=2017-11-17 K=80.50 prem=0.20 x39,780.0,0
D20,2017-10-27,XRX,SELL_PUT,exp=2017-11-17 K=29.00 prem=0.43 x109,4687.0,0
D20,2017-10-27,JNJ,SELL_PUT,exp=2017-11-17 K=138.00 prem=0.57 x22,1254.0,0
D20,2017-10-27,BAC,SELL_PUT,exp=2017-11-17 K=27.00 prem=0.22 x117,2574.0,0
D20,2017-10-27,HD,SELL_PUT,exp=2017-11-17 K=165.00 prem=1.97 x19,3743.0,0
D20,2017-10-27,WMT,SELL_PUT,exp=2017-11-17 K=85.50 prem=0.88 x37,3256.0,0
D20,2017-10-27,ABBV,SELL_PUT,exp=2017-11-17 K=87.00 prem=0.44 x36,1584.0,0
D20,2017-10-27,ORCL,SELL_PUT,exp=2017-11-17 K=50.00 prem=0.36 x63,2268.0,0
D20,2017-10-27,NVDA,SELL_PUT,exp=2017-11-17 K=177.50 prem=2.17 x17,3689.0,0
D20,2017-10-27,BA,SELL_PUT,exp=2017-11-17 K=247.50 prem=1.69 x12,2028.0,0
D20,2017-10-27,INTC,SELL_PUT,exp=2017-11-17 K=42.50 prem=0.55 x74,4070.0,0
D20,2017-10-27,PG,SELL_CALL,exp=2017-11-17 K=90.00 prem=0.12 x48,576.0,0
D20,2017-10-27,PFE,SELL_CALL,exp=2017-11-17 K=36.50 prem=0.18 x106,1908.0,0
D20,2017-10-27,KO,SELL_CALL,exp=2017-11-17 K=47.00 prem=0.17 x98,1666.0,0
D20,2017-10-27,MO,SELL_CALL,exp=2017-11-17 K=67.50 prem=0.49 x63,3087.0,0
D20,2017-10-27,MCD,SELL_PUT,exp=2017-11-17 K=160.00 prem=0.64 x19,1216.0,0
D20,2017-10-27,CSCO,SELL_CALL,exp=2017-11-17 K=35.50 prem=0.35 x107,3745.0,0
D20,2017-10-27,PEP,SELL_CALL,exp=2017-11-17 K=113.00 prem=0.43 x49,2107.0,0
D20,2017-10-27,MMM,SELL_PUT,exp=2017-11-17 K=227.50 prem=1.27 x14,1778.0,0
D10,2017-11-17,AAPL,PUT_EXPIRE,OTM K=155.00 S_close=170.15,0.0,0
D10,2017-11-17,MSFT,PUT_EXPIRE,OTM K=79.00 S_close=82.40,0.0,0
D10,2017-11-17,XRX,PUT_ASSIGN,buy 13000 @29.00 S_close=28.36,-377000.0,13000
D10,2017-11-17,JNJ,PUT_EXPIRE,OTM K=135.00 S_close=138.00,0.0,0
D10,2017-11-17,BAC,PUT_EXPIRE,OTM K=26.50 S_close=26.62,0.0,0
D10,2017-11-17,HD,PUT_EXPIRE,OTM K=162.50 S_close=167.74,0.0,0
D10,2017-11-17,WMT,PUT_EXPIRE,OTM K=83.50 S_close=97.47,0.0,0
D10,2017-11-17,ABBV,PUT_EXPIRE,OTM K=87.00 S_close=93.61,0.0,0
D10,2017-11-17,ORCL,PUT_ASSIGN,buy 7700 @49.00 S_close=48.94,-377300.0,7700
D10,2017-11-17,NVDA,PUT_EXPIRE,OTM K=177.50 S_close=211.36,0.0,0
D10,2017-11-17,BA,PUT_EXPIRE,OTM K=245.00 S_close=262.26,0.0,0
D10,2017-11-17,INTC,PUT_EXPIRE,OTM K=41.50 S_close=44.63,0.0,0
D10,2017-11-17,PG,CALL_EXPIRE,OTM K=90.00 S_close=88.43,0.0,0
D10,2017-11-17,PFE,CALL_EXPIRE,OTM K=37.00 S_close=35.37,0.0,0
D10,2017-11-17,KO,CALL_EXPIRE,OTM K=47.50 S_close=45.71,0.0,0
D10,2017-11-17,MO,PUT_EXPIRE,OTM K=61.50 S_close=66.42,0.0,0
D10,2017-11-17,MCD,PUT_EXPIRE,OTM K=157.50 S_close=166.72,0.0,0
D10,2017-11-17,CSCO,CALL_ASSIGN,sell 13300 @35.50 S_close=35.90,472150.0,-13300
D10,2017-11-17,PEP,CALL_EXPIRE,OTM K=115.00 S_close=114.68,0.0,0
D10,2017-11-17,MMM,PUT_EXPIRE,OTM K=222.50 S_close=229.36,0.0,0
D20,2017-11-17,AAPL,PUT_EXPIRE,OTM K=157.50 S_close=170.15,0.0,0
D20,2017-11-17,MSFT,PUT_EXPIRE,OTM K=80.50 S_close=82.40,0.0,0
D20,2017-11-17,XRX,PUT_ASSIGN,buy 10900 @29.00 S_close=28.36,-316100.0,10900
D20,2017-11-17,JNJ,PUT_EXPIRE,OTM K=138.00 S_close=138.00,0.0,0
D20,2017-11-17,BAC,PUT_ASSIGN,buy 11700 @27.00 S_close=26.62,-315900.0,11700
D20,2017-11-17,HD,PUT_EXPIRE,OTM K=165.00 S_close=167.74,0.0,0
D20,2017-11-17,WMT,PUT_EXPIRE,OTM K=85.50 S_close=97.47,0.0,0
D20,2017-11-17,ABBV,PUT_EXPIRE,OTM K=87.00 S_close=93.61,0.0,0
D20,2017-11-17,ORCL,PUT_ASSIGN,buy 6300 @50.00 S_close=48.94,-315000.0,6300
D20,2017-11-17,NVDA,PUT_EXPIRE,OTM K=177.50 S_close=211.36,0.0,0
D20,2017-11-17,BA,PUT_EXPIRE,OTM K=247.50 S_close=262.26,0.0,0
D20,2017-11-17,INTC,PUT_EXPIRE,OTM K=42.50 S_close=44.63,0.0,0
D20,2017-11-17,PG,CALL_EXPIRE,OTM K=90.00 S_close=88.43,0.0,0
D20,2017-11-17,PFE,CALL_EXPIRE,OTM K=36.50 S_close=35.37,0.0,0
D20,2017-11-17,KO,CALL_EXPIRE,OTM K=47.00 S_close=45.71,0.0,0
D20,2017-11-17,MO,CALL_EXPIRE,OTM K=67.50 S_close=66.42,0.0,0
D20,2017-11-17,MCD,PUT_EXPIRE,OTM K=160.00 S_close=166.72,0.0,0
D20,2017-11-17,CSCO,CALL_ASSIGN,sell 10700 @35.50 S_close=35.90,379850.0,-10700
D20,2017-11-17,PEP,CALL_ASSIGN,sell 4900 @113.00 S_close=114.68,553700.0,-4900
D20,2017-11-17,MMM,PUT_EXPIRE,OTM K=227.50 S_close=229.36,0.0,0
D10,2018-04-27,AAPL,SELL_PUT,exp=2018-05-18 K=150.00 prem=1.21 x24,2904.0,0
D10,2018-04-27,MSFT,SELL_PUT,exp=2018-05-18 K=91.00 prem=0.89 x40,3560.0,0
D10,2018-04-27,HD,SELL_PUT,exp=2018-05-18 K=172.50 prem=0.67 x21,1407.0,0
D10,2018-04-27,BAC,SELL_PUT,exp=2018-05-18 K=27.00 prem=0.04 x136,544.0,0
D10,2018-04-27,JNJ,SELL_PUT,exp=2018-05-18 K=120.00 prem=0.21 x30,630.0,0
D10,2018-04-27,INTC,SELL_PUT,exp=2018-05-18 K=48.00 prem=0.10 x76,760.0,0
D10,2018-04-27,BA,SELL_PUT,exp=2018-05-18 K=317.50 prem=2.20 x11,2420.0,0
D10,2018-04-27,CSCO,SELL_PUT,exp=2018-05-18 K=40.50 prem=0.23 x91,2093.0,0
D10,2018-04-27,NFLX,SELL_PUT,exp=2018-05-18 K=285.00 prem=2.75 x12,3300.0,0
D10,2018-04-27,WMT,SELL_PUT,exp=2018-05-18 K=82.50 prem=0.99 x44,4356.0,0
D10,2018-04-27,ABBV,SELL_PUT,exp=2018-05-18 K=94.00 prem=1.03 x39,4017.0,0
D10,2018-04-27,PFE,SELL_CALL,exp=2018-05-18 K=39.50 prem=0.02 x131,262.0,0
D10,2018-04-27,ADBE,SELL_PUT,exp=2018-05-18 K=202.50 prem=0.93 x18,1674.0,0
D10,2018-04-27,NVDA,SELL_PUT,exp=2018-05-18 K=202.50 prem=2.84 x18,5112.0,0
D10,2018-04-27,ORCL,SELL_CALL,exp=2018-05-18 K=50.00 prem=0.02 x77,154.0,0
D10,2018-04-27,KO,SELL_CALL,exp=2018-05-18 K=46.00 prem=0.04 x117,468.0,0
D10,2018-04-27,RHT,SELL_PUT,exp=2018-05-18 K=150.00 prem=0.83 x24,1992.0,0
D10,2018-04-27,UNP,SELL_PUT,exp=2018-05-18 K=127.00 prem=0.76 x29,2204.0,0
D20,2018-04-27,AAPL,SELL_PUT,exp=2018-05-18 K=155.00 prem=2.17 x20,4340.0,0
D20,2018-04-27,MSFT,SELL_PUT,exp=2018-05-18 K=91.00 prem=0.89 x35,3115.0,0
D20,2018-04-27,HD,SELL_PUT,exp=2018-05-18 K=177.50 prem=1.12 x18,2016.0,0
D20,2018-04-27,BAC,SELL_CALL,exp=2018-05-18 K=32.00 prem=0.08 x117,936.0,0
D20,2018-04-27,JNJ,SELL_PUT,exp=2018-05-18 K=123.00 prem=0.48 x26,1248.0,0
D20,2018-04-27,INTC,SELL_PUT,exp=2018-05-18 K=49.00 prem=0.20 x65,1300.0,0
D20,2018-04-27,BA,SELL_PUT,exp=2018-05-18 K=320.00 prem=3.50 x10,3500.0,0
D20,2018-04-27,CSCO,SELL_PUT,exp=2018-05-18 K=42.00 prem=0.42 x76,3192.0,0
D20,2018-04-27,NFLX,SELL_PUT,exp=2018-05-18 K=295.00 prem=4.63 x10,4630.0,0
D20,2018-04-27,WMT,SELL_PUT,exp=2018-05-18 K=83.50 prem=1.20 x38,4560.0,0
D20,2018-04-27,ABBV,SELL_PUT,exp=2018-05-18 K=94.00 prem=1.03 x34,3502.0,0
D20,2018-04-27,PFE,SELL_CALL,exp=2018-05-18 K=38.50 prem=0.10 x106,1060.0,0
D20,2018-04-27,ADBE,SELL_PUT,exp=2018-05-18 K=210.00 prem=2.17 x15,3255.0,0
D20,2018-04-27,NVDA,SELL_PUT,exp=2018-05-18 K=207.50 prem=4.85 x15,7275.0,0
D20,2018-04-27,ORCL,SELL_CALL,exp=2018-05-18 K=49.00 prem=0.07 x63,441.0,0
D20,2018-04-27,KO,SELL_CALL,exp=2018-05-18 K=45.00 prem=0.09 x98,882.0,0
D20,2018-04-27,RHT,SELL_PUT,exp=2018-05-18 K=155.00 prem=1.65 x20,3300.0,0
D20,2018-04-27,UNP,SELL_PUT,exp=2018-05-18 K=127.00 prem=0.76 x25,1900.0,0
D10,2018-05-18,AAPL,PUT_EXPIRE,OTM K=150.00 S_close=186.31,0.0,0
D10,2018-05-18,MSFT,PUT_EXPIRE,OTM K=91.00 S_close=96.36,0.0,0
D10,2018-05-18,HD,PUT_EXPIRE,OTM K=172.50 S_close=187.42,0.0,0
D10,2018-05-18,BAC,PUT_EXPIRE,OTM K=27.00 S_close=30.26,0.0,0
D10,2018-05-18,JNJ,PUT_EXPIRE,OTM K=120.00 S_close=124.24,0.0,0
D10,2018-05-18,INTC,PUT_EXPIRE,OTM K=48.00 S_close=53.50,0.0,0
D10,2018-05-18,BA,PUT_EXPIRE,OTM K=317.50 S_close=351.23,0.0,0
D10,2018-05-18,CSCO,PUT_EXPIRE,OTM K=40.50 S_close=43.21,0.0,0
D10,2018-05-18,NFLX,PUT_EXPIRE,OTM K=285.00 S_close=324.18,0.0,0
D10,2018-05-18,WMT,PUT_EXPIRE,OTM K=82.50 S_close=83.64,0.0,0
D10,2018-05-18,ABBV,PUT_EXPIRE,OTM K=94.00 S_close=105.98,0.0,0
D10,2018-05-18,PFE,CALL_EXPIRE,OTM K=39.50 S_close=35.64,0.0,0
D10,2018-05-18,ADBE,PUT_EXPIRE,OTM K=202.50 S_close=238.09,0.0,0
D10,2018-05-18,NVDA,PUT_EXPIRE,OTM K=202.50 S_close=245.94,0.0,0
D10,2018-05-18,ORCL,CALL_EXPIRE,OTM K=50.00 S_close=46.32,0.0,0
D10,2018-05-18,KO,CALL_EXPIRE,OTM K=46.00 S_close=42.18,0.0,0
D10,2018-05-18,RHT,PUT_EXPIRE,OTM K=150.00 S_close=163.28,0.0,0
D10,2018-05-18,UNP,PUT_EXPIRE,OTM K=127.00 S_close=143.80,0.0,0
D20,2018-05-18,AAPL,PUT_EXPIRE,OTM K=155.00 S_close=186.31,0.0,0
D20,2018-05-18,MSFT,PUT_EXPIRE,OTM K=91.00 S_close=96.36,0.0,0
D20,2018-05-18,HD,PUT_EXPIRE,OTM K=177.50 S_close=187.42,0.0,0
D20,2018-05-18,BAC,CALL_EXPIRE,OTM K=32.00 S_close=30.26,0.0,0
D20,2018-05-18,JNJ,PUT_EXPIRE,OTM K=123.00 S_close=124.24,0.0,0
D20,2018-05-18,INTC,PUT_EXPIRE,OTM K=49.00 S_close=53.50,0.0,0
D20,2018-05-18,BA,PUT_EXPIRE,OTM K=320.00 S_close=351.23,0.0,0
D20,2018-05-18,CSCO,PUT_EXPIRE,OTM K=42.00 S_close=43.21,0.0,0
D20,2018-05-18,NFLX,PUT_EXPIRE,OTM K=295.00 S_close=324.18,0.0,0
D20,2018-05-18,WMT,PUT_EXPIRE,OTM K=83.50 S_close=83.64,0.0,0
D20,2018-05-18,ABBV,PUT_EXPIRE,OTM K=94.00 S_close=105.98,0.0,0
D20,2018-05-18,PFE,CALL_EXPIRE,OTM K=38.50 S_close=35.64,0.0,0
D20,2018-05-18,ADBE,PUT_EXPIRE,OTM K=210.00 S_close=238.09,0.0,0
D20,2018-05-18,NVDA,PUT_EXPIRE,OTM K=207.50 S_close=245.94,0.0,0
D20,2018-05-18,ORCL,CALL_EXPIRE,OTM K=49.00 S_close=46.32,0.0,0
D20,2018-05-18,KO,CALL_EXPIRE,OTM K=45.00 S_close=42.18,0.0,0
D20,2018-05-18,RHT,PUT_EXPIRE,OTM K=155.00 S_close=163.28,0.0,0
D20,2018-05-18,UNP,PUT_EXPIRE,OTM K=127.00 S_close=143.80,0.0,0
D10,2018-10-26,AAPL,SELL_PUT,exp=2018-11-16 K=197.50 prem=2.84 x18,5112.0,0
D10,2018-10-26,MSFT,SELL_PUT,exp=2018-11-16 K=97.50 prem=1.10 x38,4180.0,0
D10,2018-10-26,HD,SELL_PUT,exp=2018-11-16 K=160.00 prem=1.58 x23,3634.0,0
D10,2018-10-26,JNJ,SELL_PUT,exp=2018-11-16 K=131.00 prem=1.11 x28,3108.0,0
D10,2018-10-26,WMT,SELL_PUT,exp=2018-11-16 K=94.50 prem=1.51 x39,5889.0,0
D10,2018-10-26,BAC,SELL_PUT,exp=2018-11-16 K=24.50 prem=0.26 x153,3978.0,0
D10,2018-10-26,BA,SELL_PUT,exp=2018-11-16 K=335.00 prem=4.67 x11,5137.0,0
D10,2018-10-26,PFE,SELL_CALL,exp=2018-11-16 K=46.00 prem=0.15 x131,1965.0,0
D10,2018-10-26,PG,SELL_CALL,exp=2018-11-16 K=95.00 prem=0.19 x58,1102.0,0
D10,2018-10-26,MRK,SELL_PUT,exp=2018-11-16 K=66.00 prem=0.75 x56,4200.0,0
D10,2018-10-26,MO,SELL_PUT,exp=2018-11-16 K=59.50 prem=0.73 x63,4599.0,0
D10,2018-10-26,KO,SELL_CALL,exp=2018-11-16 K=48.00 prem=0.22 x117,2574.0,0
D10,2018-10-26,CSCO,SELL_PUT,exp=2018-11-16 K=41.00 prem=0.65 x91,5915.0,0
D10,2018-10-26,LLY,SELL_PUT,exp=2018-11-16 K=97.50 prem=1.08 x38,4104.0,0
D10,2018-10-26,DIS,SELL_PUT,exp=2018-11-16 K=100.00 prem=0.50 x37,1850.0,0
D10,2018-10-26,PEP,SELL_CALL,exp=2018-11-16 K=120.00 prem=0.12 x46,552.0,0
D10,2018-10-26,ABT,SELL_PUT,exp=2018-11-16 K=62.50 prem=0.61 x60,3660.0,0
D10,2018-10-26,MCD,SELL_PUT,exp=2018-11-16 K=157.50 prem=0.49 x23,1127.0,0
D10,2018-10-26,ORCL,SELL_CALL,exp=2018-11-16 K=50.50 prem=0.21 x77,1617.0,0
D10,2018-10-26,ADBE,SELL_PUT,exp=2018-11-16 K=220.00 prem=1.71 x17,2907.0,0
D20,2018-10-26,AAPL,SELL_PUT,exp=2018-11-16 K=205.00 prem=4.75 x15,7125.0,0
D20,2018-10-26,MSFT,SELL_PUT,exp=2018-11-16 K=100.00 prem=1.27 x32,4064.0,0
D20,2018-10-26,HD,SELL_PUT,exp=2018-11-16 K=165.00 prem=2.10 x19,3990.0,0
D20,2018-10-26,JNJ,SELL_PUT,exp=2018-11-16 K=133.00 prem=1.69 x24,4056.0,0
D20,2018-10-26,WMT,SELL_PUT,exp=2018-11-16 K=96.00 prem=1.78 x34,6052.0,0
D20,2018-10-26,BAC,SELL_CALL,exp=2018-11-16 K=28.00 prem=0.29 x117,3393.0,0
D20,2018-10-26,BA,SELL_PUT,exp=2018-11-16 K=342.50 prem=5.80 x9,5220.0,0
D20,2018-10-26,PFE,SELL_CALL,exp=2018-11-16 K=45.00 prem=0.25 x106,2650.0,0
D20,2018-10-26,PG,SELL_CALL,exp=2018-11-16 K=95.00 prem=0.19 x48,912.0,0
D20,2018-10-26,MRK,SELL_PUT,exp=2018-11-16 K=68.00 prem=1.45 x48,6960.0,0
D20,2018-10-26,MO,SELL_CALL,exp=2018-11-16 K=65.50 prem=0.64 x63,4032.0,0
D20,2018-10-26,KO,SELL_CALL,exp=2018-11-16 K=47.50 prem=0.44 x98,4312.0,0
D20,2018-10-26,CSCO,SELL_PUT,exp=2018-11-16 K=42.00 prem=1.04 x78,8112.0,0
D20,2018-10-26,LLY,SELL_PUT,exp=2018-11-16 K=101.00 prem=1.26 x32,4032.0,0
D20,2018-10-26,DIS,SELL_CALL,exp=2018-11-16 K=123.00 prem=0.54 x50,2700.0,0
D20,2018-10-26,PEP,SELL_PUT,exp=2018-11-16 K=104.00 prem=0.66 x31,2046.0,0
D20,2018-10-26,ABT,SELL_PUT,exp=2018-11-16 K=63.50 prem=0.76 x51,3876.0,0
D20,2018-10-26,MCD,SELL_PUT,exp=2018-11-16 K=162.50 prem=0.82 x20,1640.0,0
D20,2018-10-26,ORCL,SELL_CALL,exp=2018-11-16 K=49.50 prem=0.41 x63,2583.0,0
D20,2018-10-26,ADBE,SELL_PUT,exp=2018-11-16 K=225.00 prem=3.14 x14,4396.0,0
D10,2018-11-16,AAPL,PUT_ASSIGN,buy 1800 @197.50 S_close=193.53,-355500.0,1800
D10,2018-11-16,MSFT,PUT_EXPIRE,OTM K=97.50 S_close=108.29,0.0,0
D10,2018-11-16,HD,PUT_EXPIRE,OTM K=160.00 S_close=177.02,0.0,0
D10,2018-11-16,JNJ,PUT_EXPIRE,OTM K=131.00 S_close=145.99,0.0,0
D10,2018-11-16,WMT,PUT_EXPIRE,OTM K=94.50 S_close=97.69,0.0,0
D10,2018-11-16,BAC,PUT_EXPIRE,OTM K=24.50 S_close=27.75,0.0,0
D10,2018-11-16,BA,PUT_EXPIRE,OTM K=335.00 S_close=335.95,0.0,0
D10,2018-11-16,PFE,CALL_EXPIRE,OTM K=46.00 S_close=43.51,0.0,0
D10,2018-11-16,PG,CALL_EXPIRE,OTM K=95.00 S_close=93.82,0.0,0
D10,2018-11-16,MRK,PUT_EXPIRE,OTM K=66.00 S_close=76.06,0.0,0
D10,2018-11-16,MO,PUT_ASSIGN,buy 6300 @59.50 S_close=56.78,-374850.0,6300
D10,2018-11-16,KO,CALL_ASSIGN,sell 11700 @48.00 S_close=50.17,561600.0,-11700
D10,2018-11-16,CSCO,PUT_EXPIRE,OTM K=41.00 S_close=46.35,0.0,0
D10,2018-11-16,LLY,PUT_EXPIRE,OTM K=97.50 S_close=113.83,0.0,0
D10,2018-11-16,DIS,PUT_EXPIRE,OTM K=100.00 S_close=116.19,0.0,0
D10,2018-11-16,PEP,CALL_EXPIRE,OTM K=120.00 S_close=118.35,0.0,0
D10,2018-11-16,ABT,PUT_EXPIRE,OTM K=62.50 S_close=72.04,0.0,0
D10,2018-11-16,MCD,PUT_EXPIRE,OTM K=157.50 S_close=187.59,0.0,0
D10,2018-11-16,ORCL,CALL_ASSIGN,sell 7700 @50.50 S_close=51.17,388850.0,-7700
D10,2018-11-16,ADBE,PUT_EXPIRE,OTM K=220.00 S_close=238.89,0.0,0
D20,2018-11-16,AAPL,PUT_ASSIGN,buy 1500 @205.00 S_close=193.53,-307500.0,1500
D20,2018-11-16,MSFT,PUT_EXPIRE,OTM K=100.00 S_close=108.29,0.0,0
D20,2018-11-16,HD,PUT_EXPIRE,OTM K=165.00 S_close=177.02,0.0,0
D20,2018-11-16,JNJ,PUT_EXPIRE,OTM K=133.00 S_close=145.99,0.0,0
D20,2018-11-16,WMT,PUT_EXPIRE,OTM K=96.00 S_close=97.69,0.0,0
D20,2018-11-16,BAC,CALL_EXPIRE,OTM K=28.00 S_close=27.75,0.0,0
D20,2018-11-16,BA,PUT_ASSIGN,buy 900 @342.50 S_close=335.95,-308250.0,900
D20,2018-11-16,PFE,CALL_EXPIRE,OTM K=45.00 S_close=43.51,0.0,0
D20,2018-11-16,PG,CALL_EXPIRE,OTM K=95.00 S_close=93.82,0.0,0
D20,2018-11-16,MRK,PUT_EXPIRE,OTM K=68.00 S_close=76.06,0.0,0
D20,2018-11-16,MO,CALL_EXPIRE,OTM K=65.50 S_close=56.78,0.0,0
D20,2018-11-16,KO,CALL_ASSIGN,sell 9800 @47.50 S_close=50.17,465500.0,-9800
D20,2018-11-16,CSCO,PUT_EXPIRE,OTM K=42.00 S_close=46.35,0.0,0
D20,2018-11-16,LLY,PUT_EXPIRE,OTM K=101.00 S_close=113.83,0.0,0
D20,2018-11-16,DIS,CALL_EXPIRE,OTM K=123.00 S_close=116.19,0.0,0
D20,2018-11-16,PEP,PUT_EXPIRE,OTM K=104.00 S_close=118.35,0.0,0
D20,2018-11-16,ABT,PUT_EXPIRE,OTM K=63.50 S_close=72.04,0.0,0
D20,2018-11-16,MCD,PUT_EXPIRE,OTM K=162.50 S_close=187.59,0.0,0
D20,2018-11-16,ORCL,CALL_ASSIGN,sell 6300 @49.50 S_close=51.17,311850.0,-6300
D20,2018-11-16,ADBE,PUT_EXPIRE,OTM K=225.00 S_close=238.89,0.0,0
D10,2019-04-26,MSFT,SELL_PUT,exp=2019-05-17 K=124.00 prem=0.58 x31,1798.0,0
D10,2019-04-26,AAPL,SELL_CALL,exp=2019-05-17 K=217.50 prem=1.17 x18,2106.0,0
D10,2019-04-26,BA,SELL_PUT,exp=2019-05-17 K=357.50 prem=2.08 x10,2080.0,0
D10,2019-04-26,BAC,SELL_PUT,exp=2019-05-17 K=28.00 prem=0.07 x140,980.0,0
D10,2019-04-26,JNJ,SELL_PUT,exp=2019-05-17 K=136.00 prem=0.72 x28,2016.0,0
D10,2019-04-26,PG,SELL_CALL,exp=2019-05-17 K=110.00 prem=0.14 x58,812.0,0
D10,2019-04-26,CSCO,SELL_PUT,exp=2019-05-17 K=53.50 prem=0.61 x73,4453.0,0
D10,2019-04-26,DIS,SELL_PUT,exp=2019-05-17 K=130.00 prem=0.65 x30,1950.0,0
D10,2019-04-26,WMT,SELL_PUT,exp=2019-05-17 K=98.00 prem=1.32 x40,5280.0,0
D10,2019-04-26,INTC,SELL_PUT,exp=2019-05-17 K=45.00 prem=0.07 x87,609.0,0
D10,2019-04-26,MRK,SELL_PUT,exp=2019-05-17 K=72.50 prem=0.58 x54,3132.0,0
D10,2019-04-26,KO,SELL_PUT,exp=2019-05-17 K=47.00 prem=0.16 x83,1328.0,0
D10,2019-04-26,PEP,SELL_CALL,exp=2019-05-17 K=132.00 prem=0.12 x46,552.0,0
D10,2019-04-26,ORCL,SELL_PUT,exp=2019-05-17 K=53.00 prem=0.27 x74,1998.0,0
D10,2019-04-26,HD,SELL_PUT,exp=2019-05-17 K=195.00 prem=0.57 x20,1140.0,0
D10,2019-04-26,ABT,SELL_PUT,exp=2019-05-17 K=74.00 prem=0.28 x53,1484.0,0
D10,2019-04-26,TMO,SELL_PUT,exp=2019-05-17 K=260.00 prem=1.83 x15,2745.0,0
D10,2019-04-26,NEE,SELL_PUT,exp=2019-05-17 K=180.00 prem=0.28 x21,588.0,0
D10,2019-04-26,NFLX,SELL_PUT,exp=2019-05-17 K=350.00 prem=3.05 x11,3355.0,0
D10,2019-04-26,UNP,SELL_PUT,exp=2019-05-17 K=155.00 prem=0.10 x25,250.0,0
D20,2019-04-26,MSFT,SELL_PUT,exp=2019-05-17 K=126.00 prem=1.05 x27,2835.0,0
D20,2019-04-26,AAPL,SELL_CALL,exp=2019-05-17 K=212.50 prem=2.12 x15,3180.0,0
D20,2019-04-26,BA,SELL_CALL,exp=2019-05-17 K=405.00 prem=1.15 x9,1035.0,0
D20,2019-04-26,BAC,SELL_CALL,exp=2019-05-17 K=32.00 prem=0.06 x117,702.0,0
D20,2019-04-26,JNJ,SELL_PUT,exp=2019-05-17 K=138.00 prem=1.30 x24,3120.0,0
D20,2019-04-26,PG,SELL_CALL,exp=2019-05-17 K=109.00 prem=0.22 x48,1056.0,0
D20,2019-04-26,CSCO,SELL_PUT,exp=2019-05-17 K=54.50 prem=0.85 x62,5270.0,0
D20,2019-04-26,DIS,SELL_CALL,exp=2019-05-17 K=150.00 prem=0.91 x50,4550.0,0
D20,2019-04-26,WMT,SELL_PUT,exp=2019-05-17 K=99.00 prem=1.70 x34,5780.0,0
D20,2019-04-26,INTC,SELL_PUT,exp=2019-05-17 K=49.00 prem=0.40 x70,2800.0,0
D20,2019-04-26,MRK,SELL_PUT,exp=2019-05-17 K=74.00 prem=0.89 x46,4094.0,0
D20,2019-04-26,KO,SELL_PUT,exp=2019-05-17 K=47.00 prem=0.16 x73,1168.0,0
D20,2019-04-26,PEP,SELL_PUT,exp=2019-05-17 K=123.00 prem=0.53 x27,1431.0,0
D20,2019-04-26,ORCL,SELL_PUT,exp=2019-05-17 K=54.00 prem=0.44 x63,2772.0,0
D20,2019-04-26,HD,SELL_PUT,exp=2019-05-17 K=197.50 prem=0.99 x17,1683.0,0
D20,2019-04-26,ABT,SELL_PUT,exp=2019-05-17 K=75.50 prem=0.54 x45,2430.0,0
D20,2019-04-26,TMO,SELL_PUT,exp=2019-05-17 K=260.00 prem=1.83 x13,2379.0,0
D20,2019-04-26,NEE,SELL_PUT,exp=2019-05-17 K=185.00 prem=0.66 x18,1188.0,0
D20,2019-04-26,NFLX,SELL_PUT,exp=2019-05-17 K=350.00 prem=3.05 x9,2745.0,0
D20,2019-04-26,UNP,SELL_PUT,exp=2019-05-17 K=155.00 prem=0.10 x22,220.0,0
D10,2019-05-17,MSFT,PUT_EXPIRE,OTM K=124.00 S_close=128.07,0.0,0
D10,2019-05-17,AAPL,CALL_EXPIRE,OTM K=217.50 S_close=189.00,0.0,0
D10,2019-05-17,BA,PUT_ASSIGN,buy 1000 @357.50 S_close=355.02,-357500.0,1000
D10,2019-05-17,BAC,PUT_EXPIRE,OTM K=28.00 S_close=28.40,0.0,0
D10,2019-05-17,JNJ,PUT_EXPIRE,OTM K=136.00 S_close=138.61,0.0,0
D10,2019-05-17,PG,CALL_EXPIRE,OTM K=110.00 S_close=107.45,0.0,0
D10,2019-05-17,CSCO,PUT_EXPIRE,OTM K=53.50 S_close=56.35,0.0,0
D10,2019-05-17,DIS,PUT_EXPIRE,OTM K=130.00 S_close=135.04,0.0,0
D10,2019-05-17,WMT,PUT_EXPIRE,OTM K=98.00 S_close=100.86,0.0,0
D10,2019-05-17,INTC,PUT_ASSIGN,buy 8700 @45.00 S_close=44.89,-391500.0,8700
D10,2019-05-17,MRK,PUT_EXPIRE,OTM K=72.50 S_close=78.72,0.0,0
D10,2019-05-17,KO,PUT_EXPIRE,OTM K=47.00 S_close=49.20,0.0,0
D10,2019-05-17,PEP,CALL_EXPIRE,OTM K=132.00 S_close=130.51,0.0,0
D10,2019-05-17,ORCL,PUT_EXPIRE,OTM K=53.00 S_close=54.50,0.0,0
D10,2019-05-17,HD,PUT_ASSIGN,buy 2000 @195.00 S_close=192.58,-390000.0,2000
D10,2019-05-17,ABT,PUT_EXPIRE,OTM K=74.00 S_close=75.97,0.0,0
D10,2019-05-17,TMO,PUT_EXPIRE,OTM K=260.00 S_close=261.73,0.0,0
D10,2019-05-17,NEE,PUT_EXPIRE,OTM K=180.00 S_close=198.98,0.0,0
D10,2019-05-17,NFLX,PUT_EXPIRE,OTM K=350.00 S_close=354.45,0.0,0
D10,2019-05-17,UNP,PUT_EXPIRE,OTM K=155.00 S_close=174.62,0.0,0
D20,2019-05-17,MSFT,PUT_EXPIRE,OTM K=126.00 S_close=128.07,0.0,0
D20,2019-05-17,AAPL,CALL_EXPIRE,OTM K=212.50 S_close=189.00,0.0,0
D20,2019-05-17,BA,CALL_EXPIRE,OTM K=405.00 S_close=355.02,0.0,0
D20,2019-05-17,BAC,CALL_EXPIRE,OTM K=32.00 S_close=28.40,0.0,0
D20,2019-05-17,JNJ,PUT_EXPIRE,OTM K=138.00 S_close=138.61,0.0,0
D20,2019-05-17,PG,CALL_EXPIRE,OTM K=109.00 S_close=107.45,0.0,0
D20,2019-05-17,CSCO,PUT_EXPIRE,OTM K=54.50 S_close=56.35,0.0,0
D20,2019-05-17,DIS,CALL_EXPIRE,OTM K=150.00 S_close=135.04,0.0,0
D20,2019-05-17,WMT,PUT_EXPIRE,OTM K=99.00 S_close=100.86,0.0,0
D20,2019-05-17,INTC,PUT_ASSIGN,buy 7000 @49.00 S_close=44.89,-343000.0,7000
D20,2019-05-17,MRK,PUT_EXPIRE,OTM K=74.00 S_close=78.72,0.0,0
D20,2019-05-17,KO,PUT_EXPIRE,OTM K=47.00 S_close=49.20,0.0,0
D20,2019-05-17,PEP,PUT_EXPIRE,OTM K=123.00 S_close=130.51,0.0,0
D20,2019-05-17,ORCL,PUT_EXPIRE,OTM K=54.00 S_close=54.50,0.0,0
D20,2019-05-17,HD,PUT_ASSIGN,buy 1700 @197.50 S_close=192.58,-335750.0,1700
D20,2019-05-17,ABT,PUT_EXPIRE,OTM K=75.50 S_close=75.97,0.0,0
D20,2019-05-17,TMO,PUT_EXPIRE,OTM K=260.00 S_close=261.73,0.0,0
D20,2019-05-17,NEE,PUT_EXPIRE,OTM K=185.00 S_close=198.98,0.0,0
D20,2019-05-17,NFLX,PUT_EXPIRE,OTM K=350.00 S_close=354.45,0.0,0
D20,2019-05-17,UNP,PUT_EXPIRE,OTM K=155.00 S_close=174.62,0.0,0
D10,2019-10-25,AAPL,SELL_CALL,exp=2019-11-15 K=260.00 prem=1.19 x18,2142.0,0
D10,2019-10-25,MSFT,SELL_PUT,exp=2019-11-15 K=133.00 prem=0.43 x25,1075.0,0
D10,2019-10-25,WMT,SELL_PUT,exp=2019-11-15 K=115.00 prem=1.25 x29,3625.0,0
D10,2019-10-25,BAC,SELL_PUT,exp=2019-11-15 K=30.00 prem=0.14 x113,1582.0,0
D10,2019-10-25,PG,SELL_CALL,exp=2019-11-15 K=130.00 prem=0.10 x58,580.0,0
D10,2019-10-25,BA,SELL_CALL,exp=2019-11-15 K=362.50 prem=1.13 x10,1130.0,0
D10,2019-10-25,JNJ,SELL_PUT,exp=2019-11-15 K=119.00 prem=0.32 x28,896.0,0
D10,2019-10-25,HD,SELL_CALL,exp=2019-11-15 K=245.00 prem=0.46 x20,920.0,0
D10,2019-10-25,KO,SELL_PUT,exp=2019-11-15 K=52.00 prem=0.16 x65,1040.0,0
D10,2019-10-25,MRK,SELL_PUT,exp=2019-11-15 K=77.50 prem=0.37 x44,1628.0,0
D10,2019-10-25,INTC,SELL_CALL,exp=2019-11-15 K=62.00 prem=0.04 x87,348.0,0
D10,2019-10-25,DIS,SELL_PUT,exp=2019-11-15 K=125.00 prem=0.99 x27,2673.0,0
D10,2019-10-25,MDT,SELL_PUT,exp=2019-11-15 K=100.00 prem=0.32 x34,1088.0,0
D10,2019-10-25,NEE,SELL_PUT,exp=2019-11-15 K=230.00 prem=1.40 x14,1960.0,0
D10,2019-10-25,PEP,SELL_CALL,exp=2019-11-15 K=145.00 prem=0.03 x46,138.0,0
D10,2019-10-25,COST,SELL_PUT,exp=2019-11-15 K=280.00 prem=0.83 x12,996.0,0
D10,2019-10-25,ABT,SELL_PUT,exp=2019-11-15 K=77.00 prem=0.31 x44,1364.0,0
D10,2019-10-25,TMO,SELL_PUT,exp=2019-11-15 K=270.00 prem=0.55 x12,660.0,0
D10,2019-10-25,NVDA,SELL_PUT,exp=2019-11-15 K=180.00 prem=1.56 x19,2964.0,0
D10,2019-10-25,FISV,SELL_PUT,exp=2019-11-15 K=95.00 prem=0.75 x36,2700.0,0
D20,2019-10-25,AAPL,SELL_CALL,exp=2019-11-15 K=257.50 prem=1.88 x15,2820.0,0
D20,2019-10-25,MSFT,SELL_PUT,exp=2019-11-15 K=136.00 prem=1.06 x23,2438.0,0
D20,2019-10-25,WMT,SELL_PUT,exp=2019-11-15 K=117.00 prem=2.09 x26,5434.0,0
D20,2019-10-25,BAC,SELL_CALL,exp=2019-11-15 K=33.00 prem=0.14 x117,1638.0,0
D20,2019-10-25,PG,SELL_CALL,exp=2019-11-15 K=128.00 prem=0.43 x48,2064.0,0
D20,2019-10-25,BA,SELL_CALL,exp=2019-11-15 K=360.00 prem=1.37 x9,1233.0,0
D20,2019-10-25,JNJ,SELL_PUT,exp=2019-11-15 K=122.00 prem=0.63 x25,1575.0,0
D20,2019-10-25,HD,SELL_CALL,exp=2019-11-15 K=242.50 prem=0.91 x17,1547.0,0
D20,2019-10-25,KO,SELL_PUT,exp=2019-11-15 K=52.00 prem=0.16 x60,960.0,0
D20,2019-10-25,MRK,SELL_PUT,exp=2019-11-15 K=79.00 prem=0.54 x39,2106.0,0
D20,2019-10-25,INTC,SELL_CALL,exp=2019-11-15 K=60.00 prem=0.16 x70,1120.0,0
D20,2019-10-25,DIS,SELL_CALL,exp=2019-11-15 K=135.00 prem=1.71 x50,8550.0,0
D20,2019-10-25,MDT,SELL_PUT,exp=2019-11-15 K=101.00 prem=0.48 x31,1488.0,0
D20,2019-10-25,NEE,SELL_PUT,exp=2019-11-15 K=230.00 prem=1.40 x13,1820.0,0
D20,2019-10-25,PEP,SELL_PUT,exp=2019-11-15 K=133.00 prem=0.51 x23,1173.0,0
D20,2019-10-25,COST,SELL_PUT,exp=2019-11-15 K=285.00 prem=1.61 x11,1771.0,0
D20,2019-10-25,ABT,SELL_PUT,exp=2019-11-15 K=78.50 prem=0.50 x40,2000.0,0
D20,2019-10-25,TMO,SELL_PUT,exp=2019-11-15 K=280.00 prem=1.35 x11,1485.0,0
D20,2019-10-25,NVDA,SELL_PUT,exp=2019-11-15 K=185.00 prem=2.38 x17,4046.0,0
D20,2019-10-25,FISV,SELL_PUT,exp=2019-11-15 K=100.00 prem=1.88 x31,5828.0,0
D10,2019-11-15,AAPL,CALL_ASSIGN,sell 1800 @260.00 S_close=265.76,468000.0,-1800
D10,2019-11-15,MSFT,PUT_EXPIRE,OTM K=133.00 S_close=149.97,0.0,0
D10,2019-11-15,WMT,PUT_EXPIRE,OTM K=115.00 S_close=118.87,0.0,0
D10,2019-11-15,BAC,PUT_EXPIRE,OTM K=30.00 S_close=32.93,0.0,0
D10,2019-11-15,PG,CALL_EXPIRE,OTM K=130.00 S_close=120.54,0.0,0
D10,2019-11-15,BA,CALL_ASSIGN,sell 1000 @362.50 S_close=371.68,362500.0,-1000
D10,2019-11-15,JNJ,PUT_EXPIRE,OTM K=119.00 S_close=134.94,0.0,0
D10,2019-11-15,HD,CALL_EXPIRE,OTM K=245.00 S_close=237.29,0.0,0
D10,2019-11-15,KO,PUT_EXPIRE,OTM K=52.00 S_close=52.67,0.0,0
D10,2019-11-15,MRK,PUT_EXPIRE,OTM K=77.50 S_close=84.90,0.0,0
D10,2019-11-15,INTC,CALL_EXPIRE,OTM K=62.00 S_close=57.96,0.0,0
D10,2019-11-15,DIS,PUT_EXPIRE,OTM K=125.00 S_close=144.67,0.0,0
D10,2019-11-15,MDT,PUT_EXPIRE,OTM K=100.00 S_close=112.06,0.0,0
D10,2019-11-15,NEE,PUT_EXPIRE,OTM K=230.00 S_close=231.42,0.0,0
D10,2019-11-15,PEP,CALL_EXPIRE,OTM K=145.00 S_close=133.81,0.0,0
D10,2019-11-15,COST,PUT_EXPIRE,OTM K=280.00 S_close=303.66,0.0,0
D10,2019-11-15,ABT,PUT_EXPIRE,OTM K=77.00 S_close=85.71,0.0,0
D10,2019-11-15,TMO,PUT_EXPIRE,OTM K=270.00 S_close=306.81,0.0,0
D10,2019-11-15,NVDA,PUT_EXPIRE,OTM K=180.00 S_close=204.19,0.0,0
D10,2019-11-15,FISV,PUT_EXPIRE,OTM K=95.00 S_close=113.91,0.0,0
D20,2019-11-15,AAPL,CALL_ASSIGN,sell 1500 @257.50 S_close=265.76,386250.0,-1500
D20,2019-11-15,MSFT,PUT_EXPIRE,OTM K=136.00 S_close=149.97,0.0,0
D20,2019-11-15,WMT,PUT_EXPIRE,OTM K=117.00 S_close=118.87,0.0,0
D20,2019-11-15,BAC,CALL_EXPIRE,OTM K=33.00 S_close=32.93,0.0,0
D20,2019-11-15,PG,CALL_EXPIRE,OTM K=128.00 S_close=120.54,0.0,0
D20,2019-11-15,BA,CALL_ASSIGN,sell 900 @360.00 S_close=371.68,324000.0,-900
D20,2019-11-15,JNJ,PUT_EXPIRE,OTM K=122.00 S_close=134.94,0.0,0
D20,2019-11-15,HD,CALL_EXPIRE,OTM K=242.50 S_close=237.29,0.0,0
D20,2019-11-15,KO,PUT_EXPIRE,OTM K=52.00 S_close=52.67,0.0,0
D20,2019-11-15,MRK,PUT_EXPIRE,OTM K=79.00 S_close=84.90,0.0,0
D20,2019-11-15,INTC,CALL_EXPIRE,OTM K=60.00 S_close=57.96,0.0,0
D20,2019-11-15,DIS,CALL_ASSIGN,sell 5000 @135.00 S_close=144.67,675000.0,-5000
D20,2019-11-15,MDT,PUT_EXPIRE,OTM K=101.00 S_close=112.06,0.0,0
D20,2019-11-15,NEE,PUT_EXPIRE,OTM K=230.00 S_close=231.42,0.0,0
D20,2019-11-15,PEP,PUT_EXPIRE,OTM K=133.00 S_close=133.81,0.0,0
D20,2019-11-15,COST,PUT_EXPIRE,OTM K=285.00 S_close=303.66,0.0,0
D20,2019-11-15,ABT,PUT_EXPIRE,OTM K=78.50 S_close=85.71,0.0,0
D20,2019-11-15,TMO,PUT_EXPIRE,OTM K=280.00 S_close=306.81,0.0,0
D20,2019-11-15,NVDA,PUT_EXPIRE,OTM K=185.00 S_close=204.19,0.0,0
D20,2019-11-15,FISV,PUT_EXPIRE,OTM K=100.00 S_close=113.91,0.0,0
D10,2020-04-24,MSFT,SELL_PUT,exp=2020-05-15 K=140.00 prem=0.28 x27,756.0,0
D10,2020-04-24,AAPL,SELL_PUT,exp=2020-05-15 K=255.00 prem=2.87 x15,4305.0,0
D10,2020-04-24,JNJ,SELL_PUT,exp=2020-05-15 K=142.00 prem=0.90 x27,2430.0,0
D10,2020-04-24,WMT,SELL_PUT,exp=2020-05-15 K=120.00 prem=1.09 x32,3488.0,0
D10,2020-04-24,NFLX,SELL_PUT,exp=2020-05-15 K=375.00 prem=3.45 x10,3450.0,0
D10,2020-04-24,PG,SELL_CALL,exp=2020-05-15 K=128.00 prem=0.39 x58,2262.0,0
D10,2020-04-24,NVDA,SELL_PUT,exp=2020-05-15 K=255.00 prem=3.88 x15,5820.0,0
D10,2020-04-24,LLY,SELL_PUT,exp=2020-05-15 K=147.00 prem=1.32 x26,3432.0,0
D10,2020-04-24,ADBE,SELL_PUT,exp=2020-05-15 K=295.00 prem=1.80 x13,2340.0,0
D10,2020-04-24,INTC,SELL_CALL,exp=2020-05-15 K=64.00 prem=0.62 x87,5394.0,0
D10,2020-04-24,REGN,SELL_PUT,exp=2020-05-15 K=520.00 prem=12.72 x7,8904.0,0
D10,2020-04-24,MRK,SELL_PUT,exp=2020-05-15 K=76.00 prem=0.91 x51,4641.0,0
D10,2020-04-24,ABT,SELL_PUT,exp=2020-05-15 K=88.00 prem=1.23 x44,5412.0,0
D10,2020-04-24,BAC,SELL_PUT,exp=2020-05-15 K=17.00 prem=0.12 x228,2736.0,0
D10,2020-04-24,AMD,SELL_CALL,exp=2020-05-15 K=70.00 prem=0.40 x337,13480.0,0
D10,2020-04-24,CL,SELL_PUT,exp=2020-05-15 K=67.00 prem=1.01 x58,5858.0,0
D10,2020-04-24,NEM,SELL_PUT,exp=2020-05-15 K=57.00 prem=1.22 x68,8296.0,0
D10,2020-04-24,PFE,SELL_CALL,exp=2020-05-15 K=40.50 prem=0.12 x131,1572.0,0
D10,2020-04-24,TMO,SELL_PUT,exp=2020-05-15 K=270.00 prem=1.33 x14,1862.0,0
D10,2020-04-24,BMY,SELL_PUT,exp=2020-05-15 K=54.00 prem=0.19 x72,1368.0,0
D20,2020-04-24,MSFT,SELL_PUT,exp=2020-05-15 K=150.00 prem=0.80 x25,2000.0,0
D20,2020-04-24,AAPL,SELL_PUT,exp=2020-05-15 K=255.00 prem=2.87 x15,4305.0,0
D20,2020-04-24,JNJ,SELL_PUT,exp=2020-05-15 K=142.00 prem=0.90 x27,2430.0,0
D20,2020-04-24,WMT,SELL_PUT,exp=2020-05-15 K=120.00 prem=1.09 x32,3488.0,0
D20,2020-04-24,NFLX,SELL_PUT,exp=2020-05-15 K=375.00 prem=3.45 x10,3450.0,0
D20,2020-04-24,PG,SELL_CALL,exp=2020-05-15 K=128.00 prem=0.39 x48,1872.0,0
D20,2020-04-24,NVDA,SELL_PUT,exp=2020-05-15 K=255.00 prem=3.88 x15,5820.0,0
D20,2020-04-24,LLY,SELL_PUT,exp=2020-05-15 K=147.00 prem=1.32 x26,3432.0,0
D20,2020-04-24,ADBE,SELL_PUT,exp=2020-05-15 K=305.00 prem=2.78 x12,3336.0,0
D20,2020-04-24,INTC,SELL_CALL,exp=2020-05-15 K=64.00 prem=0.62 x70,4340.0,0
D20,2020-04-24,REGN,SELL_PUT,exp=2020-05-15 K=520.00 prem=12.72 x7,8904.0,0
D20,2020-04-24,MRK,SELL_PUT,exp=2020-05-15 K=76.00 prem=0.91 x51,4641.0,0
D20,2020-04-24,ABT,SELL_PUT,exp=2020-05-15 K=88.00 prem=1.23 x44,5412.0,0
D20,2020-04-24,BAC,SELL_CALL,exp=2020-05-15 K=27.00 prem=0.07 x117,819.0,0
D20,2020-04-24,AMD,SELL_CALL,exp=2020-05-15 K=70.00 prem=0.40 x274,10960.0,0
D20,2020-04-24,CL,SELL_PUT,exp=2020-05-15 K=67.00 prem=1.01 x58,5858.0,0
D20,2020-04-24,NEM,SELL_CALL,exp=2020-05-15 K=80.00 prem=0.14 x148,2072.0,0
D20,2020-04-24,PFE,SELL_CALL,exp=2020-05-15 K=39.50 prem=0.29 x106,3074.0,0
D20,2020-04-24,TMO,SELL_PUT,exp=2020-05-15 K=290.00 prem=3.32 x13,4316.0,0
D20,2020-04-24,BMY,SELL_PUT,exp=2020-05-15 K=54.00 prem=0.19 x72,1368.0,0
D10,2020-05-15,MSFT,PUT_EXPIRE,OTM K=140.00 S_close=183.16,0.0,0
D10,2020-05-15,AAPL,PUT_EXPIRE,OTM K=255.00 S_close=307.71,0.0,0
D10,2020-05-15,JNJ,PUT_EXPIRE,OTM K=142.00 S_close=150.44,0.0,0
D10,2020-05-15,WMT,PUT_EXPIRE,OTM K=120.00 S_close=125.94,0.0,0
D10,2020-05-15,NFLX,PUT_EXPIRE,OTM K=375.00 S_close=454.19,0.0,0
D10,2020-05-15,PG,CALL_EXPIRE,OTM K=128.00 S_close=114.61,0.0,0
D10,2020-05-15,NVDA,PUT_EXPIRE,OTM K=255.00 S_close=339.63,0.0,0
D10,2020-05-15,LLY,PUT_EXPIRE,OTM K=147.00 S_close=159.23,0.0,0
D10,2020-05-15,ADBE,PUT_EXPIRE,OTM K=295.00 S_close=365.30,0.0,0
D10,2020-05-15,INTC,CALL_EXPIRE,OTM K=64.00 S_close=58.28,0.0,0
D10,2020-05-15,REGN,PUT_EXPIRE,OTM K=520.00 S_close=576.72,0.0,0
D10,2020-05-15,MRK,PUT_EXPIRE,OTM K=76.00 S_close=79.78,0.0,0
D10,2020-05-15,ABT,PUT_EXPIRE,OTM K=88.00 S_close=89.89,0.0,0
D10,2020-05-15,BAC,PUT_EXPIRE,OTM K=17.00 S_close=21.44,0.0,0
D10,2020-05-15,AMD,CALL_EXPIRE,OTM K=70.00 S_close=54.20,0.0,0
D10,2020-05-15,CL,PUT_EXPIRE,OTM K=67.00 S_close=68.95,0.0,0
D10,2020-05-15,NEM,PUT_EXPIRE,OTM K=57.00 S_close=67.90,0.0,0
D10,2020-05-15,PFE,CALL_EXPIRE,OTM K=40.50 S_close=37.76,0.0,0
D10,2020-05-15,TMO,PUT_EXPIRE,OTM K=270.00 S_close=342.92,0.0,0
D10,2020-05-15,BMY,PUT_EXPIRE,OTM K=54.00 S_close=64.09,0.0,0
D20,2020-05-15,MSFT,PUT_EXPIRE,OTM K=150.00 S_close=183.16,0.0,0
D20,2020-05-15,AAPL,PUT_EXPIRE,OTM K=255.00 S_close=307.71,0.0,0
D20,2020-05-15,JNJ,PUT_EXPIRE,OTM K=142.00 S_close=150.44,0.0,0
D20,2020-05-15,WMT,PUT_EXPIRE,OTM K=120.00 S_close=125.94,0.0,0
D20,2020-05-15,NFLX,PUT_EXPIRE,OTM K=375.00 S_close=454.19,0.0,0
D20,2020-05-15,PG,CALL_EXPIRE,OTM K=128.00 S_close=114.61,0.0,0
D20,2020-05-15,NVDA,PUT_EXPIRE,OTM K=255.00 S_close=339.63,0.0,0
D20,2020-05-15,LLY,PUT_EXPIRE,OTM K=147.00 S_close=159.23,0.0,0
D20,2020-05-15,ADBE,PUT_EXPIRE,OTM K=305.00 S_close=365.30,0.0,0
D20,2020-05-15,INTC,CALL_EXPIRE,OTM K=64.00 S_close=58.28,0.0,0
D20,2020-05-15,REGN,PUT_EXPIRE,OTM K=520.00 S_close=576.72,0.0,0
D20,2020-05-15,MRK,PUT_EXPIRE,OTM K=76.00 S_close=79.78,0.0,0
D20,2020-05-15,ABT,PUT_EXPIRE,OTM K=88.00 S_close=89.89,0.0,0
D20,2020-05-15,BAC,CALL_EXPIRE,OTM K=27.00 S_close=21.44,0.0,0
D20,2020-05-15,AMD,CALL_EXPIRE,OTM K=70.00 S_close=54.20,0.0,0
D20,2020-05-15,CL,PUT_EXPIRE,OTM K=67.00 S_close=68.95,0.0,0
D20,2020-05-15,NEM,CALL_EXPIRE,OTM K=80.00 S_close=67.90,0.0,0
D20,2020-05-15,PFE,CALL_EXPIRE,OTM K=39.50 S_close=37.76,0.0,0
D20,2020-05-15,TMO,PUT_EXPIRE,OTM K=290.00 S_close=342.92,0.0,0
D20,2020-05-15,BMY,PUT_EXPIRE,OTM K=54.00 S_close=64.09,0.0,0
D10,2020-10-30,AAPL,SELL_PUT,exp=2020-11-20 K=97.50 prem=1.33 x40,5320.0,0
D10,2020-10-30,MSFT,SELL_PUT,exp=2020-11-20 K=185.00 prem=2.70 x21,5670.0,0
D10,2020-10-30,TER,SELL_PUT,exp=2020-11-20 K=80.00 prem=1.74 x48,8352.0,0
D10,2020-10-30,NVDA,SELL_PUT,exp=2020-11-20 K=455.00 prem=12.16 x8,9728.0,0
D10,2020-10-30,WMT,SELL_PUT,exp=2020-11-20 K=130.00 prem=1.92 x30,5760.0,0
D10,2020-10-30,PG,SELL_CALL,exp=2020-11-20 K=144.00 prem=0.82 x58,4756.0,0
D10,2020-10-30,JNJ,SELL_PUT,exp=2020-11-20 K=130.00 prem=2.60 x30,7800.0,0
D10,2020-10-30,FDX,SELL_PUT,exp=2020-11-20 K=240.00 prem=5.43 x16,8688.0,0
D10,2020-10-30,TMO,SELL_PUT,exp=2020-11-20 K=440.00 prem=7.80 x8,6240.0,0
D10,2020-10-30,BAC,SELL_PUT,exp=2020-11-20 K=21.50 prem=0.39 x183,7137.0,0
D10,2020-10-30,ADBE,SELL_PUT,exp=2020-11-20 K=405.00 prem=6.35 x9,5715.0,0
D10,2020-10-30,QCOM,SELL_PUT,exp=2020-11-20 K=105.00 prem=1.72 x37,6364.0,0
D10,2020-10-30,HD,SELL_CALL,exp=2020-11-20 K=290.00 prem=2.21 x20,4420.0,0
D10,2020-10-30,DIS,SELL_PUT,exp=2020-11-20 K=100.00 prem=0.74 x39,2886.0,0
D10,2020-10-30,LOW,SELL_PUT,exp=2020-11-20 K=145.00 prem=2.89 x27,7803.0,0
D10,2020-10-30,CL,SELL_PUT,exp=2020-11-20 K=75.00 prem=0.88 x52,4576.0,0
D10,2020-10-30,ABT,SELL_PUT,exp=2020-11-20 K=99.00 prem=1.90 x40,7600.0,0
D10,2020-10-30,ALGN,SELL_PUT,exp=2020-11-20 K=390.00 prem=8.00 x10,8000.0,0
D10,2020-10-30,UPS,SELL_PUT,exp=2020-11-20 K=140.00 prem=1.64 x28,4592.0,0
D10,2020-10-30,KO,SELL_PUT,exp=2020-11-20 K=43.00 prem=0.37 x92,3404.0,0
D20,2020-10-30,AAPL,SELL_PUT,exp=2020-11-20 K=100.00 prem=1.83 x39,7137.0,0
D20,2020-10-30,MSFT,SELL_PUT,exp=2020-11-20 K=190.00 prem=4.05 x20,8100.0,0
D20,2020-10-30,TER,SELL_PUT,exp=2020-11-20 K=80.00 prem=1.74 x49,8526.0,0
D20,2020-10-30,NVDA,SELL_PUT,exp=2020-11-20 K=465.00 prem=14.75 x8,11800.0,0
D20,2020-10-30,WMT,SELL_PUT,exp=2020-11-20 K=134.00 prem=2.70 x29,7830.0,0
D20,2020-10-30,PG,SELL_CALL,exp=2020-11-20 K=142.00 prem=1.20 x48,5760.0,0
D20,2020-10-30,JNJ,SELL_PUT,exp=2020-11-20 K=130.00 prem=2.60 x30,7800.0,0
D20,2020-10-30,FDX,SELL_PUT,exp=2020-11-20 K=245.00 prem=7.39 x16,11824.0,0
D20,2020-10-30,TMO,SELL_PUT,exp=2020-11-20 K=450.00 prem=8.80 x8,7040.0,0
D20,2020-10-30,BAC,SELL_CALL,exp=2020-11-20 K=25.50 prem=0.34 x117,3978.0,0
D20,2020-10-30,ADBE,SELL_PUT,exp=2020-11-20 K=420.00 prem=10.56 x9,9504.0,0
D20,2020-10-30,QCOM,SELL_PUT,exp=2020-11-20 K=105.00 prem=1.72 x37,6364.0,0
D20,2020-10-30,HD,SELL_CALL,exp=2020-11-20 K=290.00 prem=2.21 x17,3757.0,0
D20,2020-10-30,DIS,SELL_PUT,exp=2020-11-20 K=105.00 prem=1.15 x37,4255.0,0
D20,2020-10-30,LOW,SELL_PUT,exp=2020-11-20 K=150.00 prem=3.75 x26,9750.0,0
D20,2020-10-30,CL,SELL_PUT,exp=2020-11-20 K=76.00 prem=1.23 x52,6396.0,0
D20,2020-10-30,ABT,SELL_PUT,exp=2020-11-20 K=100.00 prem=2.42 x39,9438.0,0
D20,2020-10-30,ALGN,SELL_PUT,exp=2020-11-20 K=400.00 prem=10.90 x9,9810.0,0
D20,2020-10-30,UPS,SELL_PUT,exp=2020-11-20 K=150.00 prem=3.00 x26,7800.0,0
D20,2020-10-30,KO,SELL_PUT,exp=2020-11-20 K=43.00 prem=0.37 x92,3404.0,0
D10,2020-11-20,AAPL,PUT_EXPIRE,OTM K=97.50 S_close=117.34,0.0,0
D10,2020-11-20,MSFT,PUT_EXPIRE,OTM K=185.00 S_close=210.39,0.0,0
D10,2020-11-20,TER,PUT_EXPIRE,OTM K=80.00 S_close=106.33,0.0,0
D10,2020-11-20,NVDA,PUT_EXPIRE,OTM K=455.00 S_close=523.51,0.0,0
D10,2020-11-20,WMT,PUT_EXPIRE,OTM K=130.00 S_close=150.24,0.0,0
D10,2020-11-20,PG,CALL_EXPIRE,OTM K=144.00 S_close=139.30,0.0,0
D10,2020-11-20,JNJ,PUT_EXPIRE,OTM K=130.00 S_close=146.36,0.0,0
D10,2020-11-20,FDX,PUT_EXPIRE,OTM K=240.00 S_close=276.69,0.0,0
D10,2020-11-20,TMO,PUT_EXPIRE,OTM K=440.00 S_close=451.04,0.0,0
D10,2020-11-20,BAC,PUT_EXPIRE,OTM K=21.50 S_close=26.81,0.0,0
D10,2020-11-20,ADBE,PUT_EXPIRE,OTM K=405.00 S_close=462.92,0.0,0
D10,2020-11-20,QCOM,PUT_EXPIRE,OTM K=105.00 S_close=146.03,0.0,0
D10,2020-11-20,HD,CALL_EXPIRE,OTM K=290.00 S_close=269.81,0.0,0
D10,2020-11-20,DIS,PUT_EXPIRE,OTM K=100.00 S_close=141.07,0.0,0
D10,2020-11-20,LOW,PUT_EXPIRE,OTM K=145.00 S_close=149.93,0.0,0
D10,2020-11-20,CL,PUT_EXPIRE,OTM K=75.00 S_close=85.16,0.0,0
D10,2020-11-20,ABT,PUT_EXPIRE,OTM K=99.00 S_close=110.89,0.0,0
D10,2020-11-20,ALGN,PUT_EXPIRE,OTM K=390.00 S_close=446.45,0.0,0
D10,2020-11-20,UPS,PUT_EXPIRE,OTM K=140.00 S_close=163.76,0.0,0
D10,2020-11-20,KO,PUT_EXPIRE,OTM K=43.00 S_close=52.67,0.0,0
D20,2020-11-20,AAPL,PUT_EXPIRE,OTM K=100.00 S_close=117.34,0.0,0
D20,2020-11-20,MSFT,PUT_EXPIRE,OTM K=190.00 S_close=210.39,0.0,0
D20,2020-11-20,TER,PUT_EXPIRE,OTM K=80.00 S_close=106.33,0.0,0
D20,2020-11-20,NVDA,PUT_EXPIRE,OTM K=465.00 S_close=523.51,0.0,0
D20,2020-11-20,WMT,PUT_EXPIRE,OTM K=134.00 S_close=150.24,0.0,0
D20,2020-11-20,PG,CALL_EXPIRE,OTM K=142.00 S_close=139.30,0.0,0
D20,2020-11-20,JNJ,PUT_EXPIRE,OTM K=130.00 S_close=146.36,0.0,0
D20,2020-11-20,FDX,PUT_EXPIRE,OTM K=245.00 S_close=276.69,0.0,0
D20,2020-11-20,TMO,PUT_EXPIRE,OTM K=450.00 S_close=451.04,0.0,0
D20,2020-11-20,BAC,CALL_ASSIGN,sell 11700 @25.50 S_close=26.81,298350.0,-11700
D20,2020-11-20,ADBE,PUT_EXPIRE,OTM K=420.00 S_close=462.92,0.0,0
D20,2020-11-20,QCOM,PUT_EXPIRE,OTM K=105.00 S_close=146.03,0.0,0
D20,2020-11-20,HD,CALL_EXPIRE,OTM K=290.00 S_close=269.81,0.0,0
D20,2020-11-20,DIS,PUT_EXPIRE,OTM K=105.00 S_close=141.07,0.0,0
D20,2020-11-20,LOW,PUT_ASSIGN,buy 2600 @150.00 S_close=149.93,-390000.0,2600
D20,2020-11-20,CL,PUT_EXPIRE,OTM K=76.00 S_close=85.16,0.0,0
D20,2020-11-20,ABT,PUT_EXPIRE,OTM K=100.00 S_close=110.89,0.0,0
D20,2020-11-20,ALGN,PUT_EXPIRE,OTM K=400.00 S_close=446.45,0.0,0
D20,2020-11-20,UPS,PUT_EXPIRE,OTM K=150.00 S_close=163.76,0.0,0
D20,2020-11-20,KO,PUT_EXPIRE,OTM K=43.00 S_close=52.67,0.0,0
D10,2021-04-30,AAPL,SELL_PUT,exp=2021-05-21 K=123.00 prem=0.56 x32,1792.0,0
D10,2021-04-30,MSFT,SELL_PUT,exp=2021-05-21 K=237.50 prem=1.37 x16,2192.0,0
D10,2021-04-30,MCK,SELL_PUT,exp=2021-05-21 K=175.00 prem=1.47 x22,3234.0,0
D10,2021-04-30,BAC,SELL_PUT,exp=2021-05-21 K=37.50 prem=0.16 x106,1696.0,0
D10,2021-04-30,FANG,SELL_PUT,exp=2021-05-21 K=75.00 prem=1.82 x53,9646.0,0
D10,2021-04-30,JNJ,SELL_PUT,exp=2021-05-21 K=155.00 prem=0.40 x25,1000.0,0
D10,2021-04-30,DVN,SELL_PUT,exp=2021-05-21 K=21.50 prem=0.46 x185,8510.0,0
D10,2021-04-30,DIS,SELL_PUT,exp=2021-05-21 K=177.50 prem=2.35 x22,5170.0,0
D10,2021-04-30,AMAT,SELL_PUT,exp=2021-05-21 K=124.00 prem=1.78 x32,5696.0,0
D10,2021-04-30,NVDA,SELL_PUT,exp=2021-05-21 K=565.00 prem=6.10 x7,4270.0,0
D10,2021-04-30,WMT,SELL_PUT,exp=2021-05-21 K=135.00 prem=1.47 x29,4263.0,0
D10,2021-04-30,OXY,SELL_PUT,exp=2021-05-21 K=24.00 prem=0.76 x166,12616.0,0
D10,2021-04-30,HD,SELL_CALL,exp=2021-05-21 K=340.00 prem=1.70 x20,3400.0,0
D10,2021-04-30,APA,SELL_PUT,exp=2021-05-21 K=19.00 prem=0.80 x210,16800.0,0
D10,2021-04-30,FCX,SELL_PUT,exp=2021-05-21 K=35.50 prem=0.77 x113,8701.0,0
D10,2021-04-30,COF,SELL_PUT,exp=2021-05-21 K=140.00 prem=1.31 x28,3668.0,0
D10,2021-04-30,EOG,SELL_PUT,exp=2021-05-21 K=69.00 prem=1.30 x58,7540.0,0
D10,2021-04-30,ADBE,SELL_PUT,exp=2021-05-21 K=480.00 prem=2.55 x8,2040.0,0
D10,2021-04-30,ABBV,SELL_PUT,exp=2021-05-21 K=102.00 prem=0.23 x39,897.0,0
D10,2021-04-30,CSCO,SELL_PUT,exp=2021-05-21 K=46.00 prem=0.23 x87,2001.0,0
D20,2021-04-30,AAPL,SELL_PUT,exp=2021-05-21 K=126.00 prem=1.10 x31,3410.0,0
D20,2021-04-30,MSFT,SELL_PUT,exp=2021-05-21 K=242.50 prem=1.70 x16,2720.0,0
D20,2021-04-30,MCK,SELL_PUT,exp=2021-05-21 K=180.00 prem=2.50 x21,5250.0,0
D20,2021-04-30,BAC,SELL_PUT,exp=2021-05-21 K=38.50 prem=0.28 x102,2856.0,0
D20,2021-04-30,FANG,SELL_PUT,exp=2021-05-21 K=80.00 prem=2.90 x49,14210.0,0
D20,2021-04-30,JNJ,SELL_PUT,exp=2021-05-21 K=157.50 prem=0.55 x25,1375.0,0
D20,2021-04-30,DVN,SELL_PUT,exp=2021-05-21 K=21.50 prem=0.46 x184,8464.0,0
D20,2021-04-30,DIS,SELL_PUT,exp=2021-05-21 K=180.00 prem=3.05 x22,6710.0,0
D20,2021-04-30,AMAT,SELL_PUT,exp=2021-05-21 K=127.00 prem=2.75 x31,8525.0,0
D20,2021-04-30,NVDA,SELL_PUT,exp=2021-05-21 K=565.00 prem=6.10 x7,4270.0,0
D20,2021-04-30,WMT,SELL_PUT,exp=2021-05-21 K=136.00 prem=1.90 x29,5510.0,0
D20,2021-04-30,OXY,SELL_PUT,exp=2021-05-21 K=24.00 prem=0.76 x166,12616.0,0
D20,2021-04-30,HD,SELL_CALL,exp=2021-05-21 K=335.00 prem=2.68 x17,4556.0,0
D20,2021-04-30,APA,SELL_PUT,exp=2021-05-21 K=19.00 prem=0.80 x210,16800.0,0
D20,2021-04-30,FCX,SELL_PUT,exp=2021-05-21 K=36.00 prem=0.97 x111,10767.0,0
D20,2021-04-30,COF,SELL_PUT,exp=2021-05-21 K=144.00 prem=2.53 x27,6831.0,0
D20,2021-04-30,EOG,SELL_PUT,exp=2021-05-21 K=70.00 prem=1.21 x57,6897.0,0
D20,2021-04-30,ADBE,SELL_PUT,exp=2021-05-21 K=490.00 prem=4.30 x8,3440.0,0
D20,2021-04-30,ABBV,SELL_PUT,exp=2021-05-21 K=102.00 prem=0.23 x39,897.0,0
D20,2021-04-30,CSCO,SELL_PUT,exp=2021-05-21 K=48.00 prem=0.50 x83,4150.0,0
D10,2021-05-21,AAPL,PUT_EXPIRE,OTM K=123.00 S_close=125.43,0.0,0
D10,2021-05-21,MSFT,PUT_EXPIRE,OTM K=237.50 S_close=245.17,0.0,0
D10,2021-05-21,MCK,PUT_EXPIRE,OTM K=175.00 S_close=202.68,0.0,0
D10,2021-05-21,BAC,PUT_EXPIRE,OTM K=37.50 S_close=42.40,0.0,0
D10,2021-05-21,FANG,PUT_EXPIRE,OTM K=75.00 S_close=76.31,0.0,0
D10,2021-05-21,JNJ,PUT_EXPIRE,OTM K=155.00 S_close=170.96,0.0,0
D10,2021-05-21,DVN,PUT_EXPIRE,OTM K=21.50 S_close=25.35,0.0,0
D10,2021-05-21,DIS,PUT_ASSIGN,buy 2200 @177.50 S_close=172.40,-390500.0,2200
D10,2021-05-21,AMAT,PUT_EXPIRE,OTM K=124.00 S_close=128.66,0.0,0
D10,2021-05-21,NVDA,PUT_EXPIRE,OTM K=565.00 S_close=599.67,0.0,0
D10,2021-05-21,WMT,PUT_EXPIRE,OTM K=135.00 S_close=141.75,0.0,0
D10,2021-05-21,OXY,PUT_EXPIRE,OTM K=24.00 S_close=25.12,0.0,0
D10,2021-05-21,HD,CALL_EXPIRE,OTM K=340.00 S_close=315.77,0.0,0
D10,2021-05-21,APA,PUT_EXPIRE,OTM K=19.00 S_close=20.89,0.0,0
D10,2021-05-21,FCX,PUT_EXPIRE,OTM K=35.50 S_close=40.87,0.0,0
D10,2021-05-21,COF,PUT_EXPIRE,OTM K=140.00 S_close=159.05,0.0,0
D10,2021-05-21,EOG,PUT_EXPIRE,OTM K=69.00 S_close=80.07,0.0,0
D10,2021-05-21,ADBE,PUT_EXPIRE,OTM K=480.00 S_close=488.07,0.0,0
D10,2021-05-21,ABBV,PUT_EXPIRE,OTM K=102.00 S_close=116.12,0.0,0
D10,2021-05-21,CSCO,PUT_EXPIRE,OTM K=46.00 S_close=52.43,0.0,0
D20,2021-05-21,AAPL,PUT_ASSIGN,buy 3100 @126.00 S_close=125.43,-390600.0,3100
D20,2021-05-21,MSFT,PUT_EXPIRE,OTM K=242.50 S_close=245.17,0.0,0
D20,2021-05-21,MCK,PUT_EXPIRE,OTM K=180.00 S_close=202.68,0.0,0
D20,2021-05-21,BAC,PUT_EXPIRE,OTM K=38.50 S_close=42.40,0.0,0
D20,2021-05-21,FANG,PUT_ASSIGN,buy 4900 @80.00 S_close=76.31,-392000.0,4900
D20,2021-05-21,JNJ,PUT_EXPIRE,OTM K=157.50 S_close=170.96,0.0,0
D20,2021-05-21,DVN,PUT_EXPIRE,OTM K=21.50 S_close=25.35,0.0,0
D20,2021-05-21,DIS,PUT_ASSIGN,buy 2200 @180.00 S_close=172.40,-396000.0,2200
D20,2021-05-21,AMAT,PUT_EXPIRE,OTM K=127.00 S_close=128.66,0.0,0
D20,2021-05-21,NVDA,PUT_EXPIRE,OTM K=565.00 S_close=599.67,0.0,0
D20,2021-05-21,WMT,PUT_EXPIRE,OTM K=136.00 S_close=141.75,0.0,0
D20,2021-05-21,OXY,PUT_EXPIRE,OTM K=24.00 S_close=25.12,0.0,0
D20,2021-05-21,HD,CALL_EXPIRE,OTM K=335.00 S_close=315.77,0.0,0
D20,2021-05-21,APA,PUT_EXPIRE,OTM K=19.00 S_close=20.89,0.0,0
D20,2021-05-21,FCX,PUT_EXPIRE,OTM K=36.00 S_close=40.87,0.0,0
D20,2021-05-21,COF,PUT_EXPIRE,OTM K=144.00 S_close=159.05,0.0,0
D20,2021-05-21,EOG,PUT_EXPIRE,OTM K=70.00 S_close=80.07,0.0,0
D20,2021-05-21,ADBE,PUT_ASSIGN,buy 800 @490.00 S_close=488.07,-392000.0,800
D20,2021-05-21,ABBV,PUT_EXPIRE,OTM K=102.00 S_close=116.12,0.0,0
D20,2021-05-21,CSCO,PUT_EXPIRE,OTM K=48.00 S_close=52.43,0.0,0
D10,2021-10-29,MSFT,SELL_PUT,exp=2021-11-19 K=307.50 prem=1.00 x12,1200.0,0
D10,2021-10-29,AAPL,SELL_PUT,exp=2021-11-19 K=141.00 prem=0.58 x27,1566.0,0
D10,2021-10-29,GE,SELL_PUT,exp=2021-11-19 K=104.00 prem=2.27 x36,8172.0,0
D10,2021-10-29,MCK,SELL_PUT,exp=2021-11-19 K=195.00 prem=2.00 x19,3800.0,0
D10,2021-10-29,BAC,SELL_PUT,exp=2021-11-19 K=44.00 prem=0.18 x87,1566.0,0
D10,2021-10-29,NVDA,SELL_PUT,exp=2021-11-19 K=232.50 prem=2.73 x16,4368.0,0
D10,2021-10-29,WMT,SELL_PUT,exp=2021-11-19 K=143.00 prem=1.15 x26,2990.0,0
D10,2021-10-29,JNJ,SELL_PUT,exp=2021-11-19 K=157.50 prem=1.44 x24,3456.0,0
D10,2021-10-29,ADBE,SELL_PUT,exp=2021-11-19 K=605.00 prem=3.50 x6,2100.0,0
D10,2021-10-29,HD,SELL_CALL,exp=2021-11-19 K=395.00 prem=1.74 x20,3480.0,0
D10,2021-10-29,NFLX,SELL_PUT,exp=2021-11-19 K=645.00 prem=4.04 x5,2020.0,0
D10,2021-10-29,TMO,SELL_PUT,exp=2021-11-19 K=540.00 prem=0.50 x7,350.0,0
D10,2021-10-29,LLY,SELL_PUT,exp=2021-11-19 K=230.00 prem=0.56 x16,896.0,0
D10,2021-10-29,INTU,SELL_PUT,exp=2021-11-19 K=580.00 prem=5.80 x6,3480.0,0
D10,2021-10-29,DIS,SELL_CALL,exp=2021-11-19 K=185.00 prem=0.75 x22,1650.0,0
D10,2021-10-29,PG,SELL_CALL,exp=2021-11-19 K=155.00 prem=0.07 x58,406.0,0
D10,2021-10-29,MRK,SELL_PUT,exp=2021-11-19 K=81.00 prem=0.28 x47,1316.0,0
D10,2021-10-29,DXCM,SELL_PUT,exp=2021-11-19 K=560.00 prem=20.15 x6,12090.0,0
D10,2021-10-29,ABT,SELL_PUT,exp=2021-11-19 K=119.00 prem=0.42 x32,1344.0,0
D10,2021-10-29,COST,SELL_PUT,exp=2021-11-19 K=457.50 prem=1.04 x8,832.0,0
D20,2021-10-29,MSFT,SELL_PUT,exp=2021-11-19 K=317.50 prem=2.15 x10,2150.0,0
D20,2021-10-29,AAPL,SELL_CALL,exp=2021-11-19 K=157.50 prem=0.69 x31,2139.0,0
D20,2021-10-29,GE,SELL_CALL,exp=2021-11-19 K=114.00 prem=0.32 x125,4000.0,0
D20,2021-10-29,MCK,SELL_PUT,exp=2021-11-19 K=200.00 prem=3.36 x16,5376.0,0
D20,2021-10-29,BAC,SELL_PUT,exp=2021-11-19 K=45.50 prem=0.36 x71,2556.0,0
D20,2021-10-29,NVDA,SELL_PUT,exp=2021-11-19 K=237.50 prem=3.85 x13,5005.0,0
D20,2021-10-29,WMT,SELL_PUT,exp=2021-11-19 K=145.00 prem=1.34 x22,2948.0,0
D20,2021-10-29,JNJ,SELL_PUT,exp=2021-11-19 K=157.50 prem=1.44 x20,2880.0,0
D20,2021-10-29,ADBE,SELL_CALL,exp=2021-11-19 K=690.00 prem=2.13 x8,1704.0,0
D20,2021-10-29,HD,SELL_CALL,exp=2021-11-19 K=387.50 prem=3.25 x17,5525.0,0
D20,2021-10-29,NFLX,SELL_PUT,exp=2021-11-19 K=645.00 prem=4.04 x5,2020.0,0
D20,2021-10-29,TMO,SELL_PUT,exp=2021-11-19 K=540.00 prem=0.50 x6,300.0,0
D20,2021-10-29,LLY,SELL_PUT,exp=2021-11-19 K=230.00 prem=0.56 x14,784.0,0
D20,2021-10-29,INTU,SELL_PUT,exp=2021-11-19 K=585.00 prem=7.10 x5,3550.0,0
D20,2021-10-29,DIS,SELL_CALL,exp=2021-11-19 K=180.00 prem=1.38 x22,3036.0,0
D20,2021-10-29,PG,SELL_CALL,exp=2021-11-19 K=150.00 prem=0.14 x48,672.0,0
D20,2021-10-29,MRK,SELL_PUT,exp=2021-11-19 K=81.00 prem=0.28 x40,1120.0,0
D20,2021-10-29,DXCM,SELL_PUT,exp=2021-11-19 K=580.00 prem=16.50 x5,8250.0,0
D20,2021-10-29,ABT,SELL_PUT,exp=2021-11-19 K=122.00 prem=0.46 x26,1196.0,0
D20,2021-10-29,COST,SELL_PUT,exp=2021-11-19 K=457.50 prem=1.04 x7,728.0,0
D10,2021-11-19,MSFT,PUT_EXPIRE,OTM K=307.50 S_close=343.11,0.0,0
D10,2021-11-19,AAPL,PUT_EXPIRE,OTM K=141.00 S_close=160.55,0.0,0
D10,2021-11-19,GE,PUT_ASSIGN,buy 3600 @104.00 S_close=99.96,-374400.0,3600
D10,2021-11-19,MCK,PUT_EXPIRE,OTM K=195.00 S_close=220.90,0.0,0
D10,2021-11-19,BAC,PUT_EXPIRE,OTM K=44.00 S_close=45.40,0.0,0
D10,2021-11-19,NVDA,PUT_EXPIRE,OTM K=232.50 S_close=329.85,0.0,0
D10,2021-11-19,WMT,PUT_ASSIGN,buy 2600 @143.00 S_close=142.39,-371800.0,2600
D10,2021-11-19,JNJ,PUT_EXPIRE,OTM K=157.50 S_close=162.89,0.0,0
D10,2021-11-19,ADBE,PUT_EXPIRE,OTM K=605.00 S_close=688.37,0.0,0
D10,2021-11-19,HD,CALL_ASSIGN,sell 2000 @395.00 S_close=408.69,790000.0,-2000
D10,2021-11-19,NFLX,PUT_EXPIRE,OTM K=645.00 S_close=678.80,0.0,0
D10,2021-11-19,TMO,PUT_EXPIRE,OTM K=540.00 S_close=636.05,0.0,0
D10,2021-11-19,LLY,PUT_EXPIRE,OTM K=230.00 S_close=260.70,0.0,0
D10,2021-11-19,INTU,PUT_EXPIRE,OTM K=580.00 S_close=692.34,0.0,0
D10,2021-11-19,DIS,CALL_EXPIRE,OTM K=185.00 S_close=154.00,0.0,0
D10,2021-11-19,PG,CALL_EXPIRE,OTM K=155.00 S_close=146.82,0.0,0
D10,2021-11-19,MRK,PUT_ASSIGN,buy 4700 @81.00 S_close=80.70,-380700.0,4700
D10,2021-11-19,DXCM,PUT_EXPIRE,OTM K=560.00 S_close=641.18,0.0,0
D10,2021-11-19,ABT,PUT_EXPIRE,OTM K=119.00 S_close=126.84,0.0,0
D10,2021-11-19,COST,PUT_EXPIRE,OTM K=457.50 S_close=533.79,0.0,0
D20,2021-11-19,MSFT,PUT_EXPIRE,OTM K=317.50 S_close=343.11,0.0,0
D20,2021-11-19,AAPL,CALL_ASSIGN,sell 3100 @157.50 S_close=160.55,488250.0,-3100
D20,2021-11-19,GE,CALL_EXPIRE,OTM K=114.00 S_close=99.96,0.0,0
D20,2021-11-19,MCK,PUT_EXPIRE,OTM K=200.00 S_close=220.90,0.0,0
D20,2021-11-19,BAC,PUT_ASSIGN,buy 7100 @45.50 S_close=45.40,-323050.0,7100
D20,2021-11-19,NVDA,PUT_EXPIRE,OTM K=237.50 S_close=329.85,0.0,0
D20,2021-11-19,WMT,PUT_ASSIGN,buy 2200 @145.00 S_close=142.39,-319000.0,2200
D20,2021-11-19,JNJ,PUT_EXPIRE,OTM K=157.50 S_close=162.89,0.0,0
D20,2021-11-19,ADBE,CALL_EXPIRE,OTM K=690.00 S_close=688.37,0.0,0
D20,2021-11-19,HD,CALL_ASSIGN,sell 1700 @387.50 S_close=408.69,658750.0,-1700
D20,2021-11-19,NFLX,PUT_EXPIRE,OTM K=645.00 S_close=678.80,0.0,0
D20,2021-11-19,TMO,PUT_EXPIRE,OTM K=540.00 S_close=636.05,0.0,0
D20,2021-11-19,LLY,PUT_EXPIRE,OTM K=230.00 S_close=260.70,0.0,0
D20,2021-11-19,INTU,PUT_EXPIRE,OTM K=585.00 S_close=692.34,0.0,0
D20,2021-11-19,DIS,CALL_EXPIRE,OTM K=180.00 S_close=154.00,0.0,0
D20,2021-11-19,PG,CALL_EXPIRE,OTM K=150.00 S_close=146.82,0.0,0
D20,2021-11-19,MRK,PUT_ASSIGN,buy 4000 @81.00 S_close=80.70,-324000.0,4000
D20,2021-11-19,DXCM,PUT_EXPIRE,OTM K=580.00 S_close=641.18,0.0,0
D20,2021-11-19,ABT,PUT_EXPIRE,OTM K=122.00 S_close=126.84,0.0,0
D20,2021-11-19,COST,PUT_EXPIRE,OTM K=457.50 S_close=533.79,0.0,0
D10,2022-04-29,AAPL,SELL_PUT,exp=2022-05-20 K=144.00 prem=1.90 x25,4750.0,0
D10,2022-04-29,MSFT,SELL_PUT,exp=2022-05-20 K=255.00 prem=1.99 x14,2786.0,0
D10,2022-04-29,TSLA,SELL_PUT,exp=2022-05-20 K=825.00 prem=24.85 x4,9940.0,0
D10,2022-04-29,JNJ,SELL_PUT,exp=2022-05-20 K=170.00 prem=0.75 x21,1575.0,0
D10,2022-04-29,WMT,SELL_CALL,exp=2022-05-20 K=162.50 prem=1.14 x26,2964.0,0
D10,2022-04-29,ABBV,SELL_PUT,exp=2022-05-20 K=115.00 prem=0.20 x32,640.0,0
D10,2022-04-29,PG,SELL_CALL,exp=2022-05-20 K=170.00 prem=0.45 x58,2610.0,0
D10,2022-04-29,NVDA,SELL_PUT,exp=2022-05-20 K=162.50 prem=3.30 x22,7260.0,0
D10,2022-04-29,KO,SELL_PUT,exp=2022-05-20 K=57.50 prem=0.21 x64,1344.0,0
D10,2022-04-29,LLY,SELL_PUT,exp=2022-05-20 K=270.00 prem=2.23 x13,2899.0,0
D10,2022-04-29,PFE,SELL_CALL,exp=2022-05-20 K=54.00 prem=0.38 x131,4978.0,0
D10,2022-04-29,BAC,SELL_PUT,exp=2022-05-20 K=33.00 prem=0.58 x112,6496.0,0
D10,2022-04-29,BMY,SELL_PUT,exp=2022-05-20 K=67.50 prem=0.18 x55,990.0,0
D10,2022-04-29,OXY,SELL_PUT,exp=2022-05-20 K=47.00 prem=1.04 x79,8216.0,0
D10,2022-04-29,MCK,SELL_PUT,exp=2022-05-20 K=290.00 prem=3.62 x12,4344.0,0
D10,2022-04-29,VLO,SELL_PUT,exp=2022-05-20 K=102.00 prem=1.90 x36,6840.0,0
D10,2022-04-29,DVN,SELL_PUT,exp=2022-05-20 K=49.00 prem=0.89 x76,6764.0,0
D10,2022-04-29,COST,SELL_PUT,exp=2022-05-20 K=485.00 prem=3.77 x7,2639.0,0
D10,2022-04-29,PEP,SELL_CALL,exp=2022-05-20 K=190.00 prem=0.14 x46,644.0,0
D10,2022-04-29,MRK,SELL_CALL,exp=2022-05-20 K=95.00 prem=0.19 x47,893.0,0
D20,2022-04-29,AAPL,SELL_PUT,exp=2022-05-20 K=149.00 prem=3.00 x22,6600.0,0
D20,2022-04-29,MSFT,SELL_PUT,exp=2022-05-20 K=260.00 prem=4.85 x12,5820.0,0
D20,2022-04-29,TSLA,SELL_PUT,exp=2022-05-20 K=825.00 prem=24.85 x4,9940.0,0
D20,2022-04-29,JNJ,SELL_PUT,exp=2022-05-20 K=175.00 prem=1.50 x19,2850.0,0
D20,2022-04-29,WMT,SELL_CALL,exp=2022-05-20 K=160.00 prem=1.45 x22,3190.0,0
D20,2022-04-29,ABBV,SELL_PUT,exp=2022-05-20 K=125.00 prem=0.47 x26,1222.0,0
D20,2022-04-29,PG,SELL_CALL,exp=2022-05-20 K=167.50 prem=0.91 x48,4368.0,0
D20,2022-04-29,NVDA,SELL_PUT,exp=2022-05-20 K=165.00 prem=4.84 x20,9680.0,0
D20,2022-04-29,KO,SELL_PUT,exp=2022-05-20 K=58.00 prem=0.21 x58,1218.0,0
D20,2022-04-29,LLY,SELL_PUT,exp=2022-05-20 K=277.50 prem=3.30 x12,3960.0,0
D20,2022-04-29,PFE,SELL_CALL,exp=2022-05-20 K=54.00 prem=0.38 x106,4028.0,0
D20,2022-04-29,BAC,SELL_CALL,exp=2022-05-20 K=38.00 prem=0.46 x71,3266.0,0
D20,2022-04-29,BMY,SELL_PUT,exp=2022-05-20 K=67.50 prem=0.18 x50,900.0,0
D20,2022-04-29,OXY,SELL_PUT,exp=2022-05-20 K=47.00 prem=1.04 x72,7488.0,0
D20,2022-04-29,MCK,SELL_PUT,exp=2022-05-20 K=300.00 prem=4.10 x11,4510.0,0
D20,2022-04-29,VLO,SELL_PUT,exp=2022-05-20 K=104.00 prem=2.39 x32,7648.0,0
D20,2022-04-29,DVN,SELL_PUT,exp=2022-05-20 K=49.00 prem=0.89 x69,6141.0,0
D20,2022-04-29,COST,SELL_PUT,exp=2022-05-20 K=500.00 prem=6.60 x6,3960.0,0
D20,2022-04-29,PEP,SELL_PUT,exp=2022-05-20 K=150.00 prem=0.36 x22,792.0,0
D20,2022-04-29,MRK,SELL_CALL,exp=2022-05-20 K=92.50 prem=0.62 x40,2480.0,0
D10,2022-05-20,AAPL,PUT_ASSIGN,buy 2500 @144.00 S_close=137.59,-360000.0,2500
D10,2022-05-20,MSFT,PUT_ASSIGN,buy 1400 @255.00 S_close=252.56,-357000.0,1400
D10,2022-05-20,TSLA,PUT_ASSIGN,buy 400 @825.00 S_close=663.90,-330000.0,400
D10,2022-05-20,JNJ,PUT_EXPIRE,OTM K=170.00 S_close=176.98,0.0,0
D10,2022-05-20,WMT,CALL_EXPIRE,OTM K=162.50 S_close=119.20,0.0,0
D10,2022-05-20,ABBV,PUT_EXPIRE,OTM K=115.00 S_close=151.01,0.0,0
D10,2022-05-20,PG,CALL_EXPIRE,OTM K=170.00 S_close=141.79,0.0,0
D10,2022-05-20,NVDA,PUT_EXPIRE,OTM K=162.50 S_close=166.94,0.0,0
D10,2022-05-20,KO,PUT_EXPIRE,OTM K=57.50 S_close=60.98,0.0,0
D10,2022-05-20,LLY,PUT_EXPIRE,OTM K=270.00 S_close=298.85,0.0,0
D10,2022-05-20,PFE,CALL_EXPIRE,OTM K=54.00 S_close=52.47,0.0,0
D10,2022-05-20,BAC,PUT_EXPIRE,OTM K=33.00 S_close=33.86,0.0,0
D10,2022-05-20,BMY,PUT_EXPIRE,OTM K=67.50 S_close=76.19,0.0,0
D10,2022-05-20,OXY,PUT_EXPIRE,OTM K=47.00 S_close=63.26,0.0,0
D10,2022-05-20,MCK,PUT_EXPIRE,OTM K=290.00 S_close=322.86,0.0,0
D10,2022-05-20,VLO,PUT_EXPIRE,OTM K=102.00 S_close=122.98,0.0,0
D10,2022-05-20,DVN,PUT_EXPIRE,OTM K=49.00 S_close=69.92,0.0,0
D10,2022-05-20,COST,PUT_ASSIGN,buy 700 @485.00 S_close=416.43,-339500.0,700
D10,2022-05-20,PEP,CALL_EXPIRE,OTM K=190.00 S_close=162.21,0.0,0
D10,2022-05-20,MRK,CALL_EXPIRE,OTM K=95.00 S_close=93.55,0.0,0
D20,2022-05-20,AAPL,PUT_ASSIGN,buy 2200 @149.00 S_close=137.59,-327800.0,2200
D20,2022-05-20,MSFT,PUT_ASSIGN,buy 1200 @260.00 S_close=252.56,-312000.0,1200
D20,2022-05-20,TSLA,PUT_ASSIGN,buy 400 @825.00 S_close=663.90,-330000.0,400
D20,2022-05-20,JNJ,PUT_EXPIRE,OTM K=175.00 S_close=176.98,0.0,0
D20,2022-05-20,WMT,CALL_EXPIRE,OTM K=160.00 S_close=119.20,0.0,0
D20,2022-05-20,ABBV,PUT_EXPIRE,OTM K=125.00 S_close=151.01,0.0,0
D20,2022-05-20,PG,CALL_EXPIRE,OTM K=167.50 S_close=141.79,0.0,0
D20,2022-05-20,NVDA,PUT_EXPIRE,OTM K=165.00 S_close=166.94,0.0,0
D20,2022-05-20,KO,PUT_EXPIRE,OTM K=58.00 S_close=60.98,0.0,0
D20,2022-05-20,LLY,PUT_EXPIRE,OTM K=277.50 S_close=298.85,0.0,0
D20,2022-05-20,PFE,CALL_EXPIRE,OTM K=54.00 S_close=52.47,0.0,0
D20,2022-05-20,BAC,CALL_EXPIRE,OTM K=38.00 S_close=33.86,0.0,0
D20,2022-05-20,BMY,PUT_EXPIRE,OTM K=67.50 S_close=76.19,0.0,0
D20,2022-05-20,OXY,PUT_EXPIRE,OTM K=47.00 S_close=63.26,0.0,0
D20,2022-05-20,MCK,PUT_EXPIRE,OTM K=300.00 S_close=322.86,0.0,0
D20,2022-05-20,VLO,PUT_EXPIRE,OTM K=104.00 S_close=122.98,0.0,0
D20,2022-05-20,DVN,PUT_EXPIRE,OTM K=49.00 S_close=69.92,0.0,0
D20,2022-05-20,COST,PUT_ASSIGN,buy 600 @500.00 S_close=416.43,-300000.0,600
D20,2022-05-20,PEP,PUT_EXPIRE,OTM K=150.00 S_close=162.21,0.0,0
D20,2022-05-20,MRK,CALL_ASSIGN,sell 4000 @92.50 S_close=93.55,370000.0,-4000
D10,2022-10-28,AAPL,SELL_CALL,exp=2022-11-18 K=180.00 prem=0.14 x25,350.0,0
D10,2022-10-28,MSFT,SELL_CALL,exp=2022-11-18 K=260.00 prem=0.78 x14,1092.0,0
D10,2022-10-28,AMZN,SELL_PUT,exp=2022-11-18 K=97.00 prem=1.91 x31,5921.0,0
D10,2022-10-28,LLY,SELL_PUT,exp=2022-11-18 K=335.00 prem=4.54 x9,4086.0,0
D10,2022-10-28,JNJ,SELL_PUT,exp=2022-11-18 K=167.50 prem=0.92 x18,1656.0,0
D10,2022-10-28,ENPH,SELL_PUT,exp=2022-11-18 K=282.50 prem=11.65 x10,11650.0,0
D10,2022-10-28,BAC,SELL_PUT,exp=2022-11-18 K=32.00 prem=0.20 x96,1920.0,0
D10,2022-10-28,TSLA,SELL_CALL,exp=2022-11-18 K=245.00 prem=5.65 x4,2260.0,0
D10,2022-10-28,WMT,SELL_CALL,exp=2022-11-18 K=152.50 prem=0.84 x26,2184.0,0
D10,2022-10-28,MRK,SELL_CALL,exp=2022-11-18 K=108.00 prem=0.26 x47,1222.0,0
D10,2022-10-28,NFLX,SELL_PUT,exp=2022-11-18 K=272.50 prem=6.15 x11,6765.0,0
D10,2022-10-28,ABBV,SELL_PUT,exp=2022-11-18 K=138.00 prem=1.06 x22,2332.0,0
D10,2022-10-28,KO,SELL_PUT,exp=2022-11-18 K=57.00 prem=0.25 x54,1350.0,0
D10,2022-10-28,PEP,SELL_CALL,exp=2022-11-18 K=197.50 prem=0.26 x46,1196.0,0
D10,2022-10-28,NVDA,SELL_PUT,exp=2022-11-18 K=129.00 prem=4.87 x24,11688.0,0
D10,2022-10-28,PFE,SELL_CALL,exp=2022-11-18 K=52.00 prem=0.11 x131,1441.0,0
D10,2022-10-28,PG,SELL_CALL,exp=2022-11-18 K=145.00 prem=0.23 x58,1334.0,0
D10,2022-10-28,SLB,SELL_PUT,exp=2022-11-18 K=45.50 prem=0.61 x68,4148.0,0
D10,2022-10-28,CI,SELL_PUT,exp=2022-11-18 K=300.00 prem=2.75 x10,2750.0,0
D10,2022-10-28,NEE,SELL_PUT,exp=2022-11-18 K=60.00 prem=0.05 x51,255.0,0
D20,2022-10-28,AAPL,SELL_CALL,exp=2022-11-18 K=170.00 prem=0.55 x22,1210.0,0
D20,2022-10-28,MSFT,SELL_CALL,exp=2022-11-18 K=257.50 prem=0.99 x12,1188.0,0
D20,2022-10-28,AMZN,SELL_PUT,exp=2022-11-18 K=97.00 prem=1.91 x30,5730.0,0
D20,2022-10-28,LLY,SELL_PUT,exp=2022-11-18 K=337.50 prem=4.85 x8,3880.0,0
D20,2022-10-28,JNJ,SELL_PUT,exp=2022-11-18 K=170.00 prem=1.43 x17,2431.0,0
D20,2022-10-28,ENPH,SELL_PUT,exp=2022-11-18 K=287.50 prem=11.05 x10,11050.0,0
D20,2022-10-28,BAC,SELL_CALL,exp=2022-11-18 K=40.00 prem=0.11 x71,781.0,0
D20,2022-10-28,TSLA,SELL_CALL,exp=2022-11-18 K=245.00 prem=5.65 x4,2260.0,0
D20,2022-10-28,WMT,SELL_CALL,exp=2022-11-18 K=149.00 prem=1.58 x22,3476.0,0
D20,2022-10-28,MRK,SELL_PUT,exp=2022-11-18 K=97.00 prem=0.91 x30,2730.0,0
D20,2022-10-28,NFLX,SELL_PUT,exp=2022-11-18 K=272.50 prem=6.15 x11,6765.0,0
D20,2022-10-28,ABBV,SELL_PUT,exp=2022-11-18 K=139.00 prem=1.08 x21,2268.0,0
D20,2022-10-28,KO,SELL_PUT,exp=2022-11-18 K=58.00 prem=0.33 x51,1683.0,0
D20,2022-10-28,PEP,SELL_PUT,exp=2022-11-18 K=175.00 prem=1.14 x17,1938.0,0
D20,2022-10-28,NVDA,SELL_PUT,exp=2022-11-18 K=129.00 prem=4.87 x23,11201.0,0
D20,2022-10-28,PFE,SELL_CALL,exp=2022-11-18 K=50.00 prem=0.35 x106,3710.0,0
D20,2022-10-28,PG,SELL_CALL,exp=2022-11-18 K=142.00 prem=0.50 x48,2400.0,0
D20,2022-10-28,SLB,SELL_PUT,exp=2022-11-18 K=47.50 prem=1.14 x63,7182.0,0
D20,2022-10-28,CI,SELL_PUT,exp=2022-11-18 K=305.00 prem=3.85 x9,3465.0,0
D20,2022-10-28,NEE,SELL_PUT,exp=2022-11-18 K=60.00 prem=0.05 x50,250.0,0
D10,2022-11-18,AAPL,CALL_EXPIRE,OTM K=180.00 S_close=151.29,0.0,0
D10,2022-11-18,MSFT,CALL_EXPIRE,OTM K=260.00 S_close=241.22,0.0,0
D10,2022-11-18,AMZN,PUT_ASSIGN,buy 3100 @97.00 S_close=94.14,-300700.0,3100
D10,2022-11-18,LLY,PUT_EXPIRE,OTM K=335.00 S_close=361.67,0.0,0
D10,2022-11-18,JNJ,PUT_EXPIRE,OTM K=167.50 S_close=176.20,0.0,0
D10,2022-11-18,ENPH,PUT_EXPIRE,OTM K=282.50 S_close=311.94,0.0,0
D10,2022-11-18,BAC,PUT_EXPIRE,OTM K=32.00 S_close=37.19,0.0,0
D10,2022-11-18,TSLA,CALL_EXPIRE,OTM K=245.00 S_close=180.19,0.0,0
D10,2022-11-18,WMT,CALL_EXPIRE,OTM K=152.50 S_close=150.23,0.0,0
D10,2022-11-18,MRK,CALL_EXPIRE,OTM K=108.00 S_close=104.23,0.0,0
D10,2022-11-18,NFLX,PUT_EXPIRE,OTM K=272.50 S_close=287.98,0.0,0
D10,2022-11-18,ABBV,PUT_EXPIRE,OTM K=138.00 S_close=154.98,0.0,0
D10,2022-11-18,KO,PUT_EXPIRE,OTM K=57.00 S_close=61.14,0.0,0
D10,2022-11-18,PEP,CALL_EXPIRE,OTM K=197.50 S_close=181.33,0.0,0
D10,2022-11-18,NVDA,PUT_EXPIRE,OTM K=129.00 S_close=154.09,0.0,0
D10,2022-11-18,PFE,CALL_EXPIRE,OTM K=52.00 S_close=48.23,0.0,0
D10,2022-11-18,PG,CALL_EXPIRE,OTM K=145.00 S_close=142.57,0.0,0
D10,2022-11-18,SLB,PUT_EXPIRE,OTM K=45.50 S_close=53.44,0.0,0
D10,2022-11-18,CI,PUT_EXPIRE,OTM K=300.00 S_close=319.21,0.0,0
D10,2022-11-18,NEE,PUT_EXPIRE,OTM K=60.00 S_close=83.20,0.0,0
D20,2022-11-18,AAPL,CALL_EXPIRE,OTM K=170.00 S_close=151.29,0.0,0
D20,2022-11-18,MSFT,CALL_EXPIRE,OTM K=257.50 S_close=241.22,0.0,0
D20,2022-11-18,AMZN,PUT_ASSIGN,buy 3000 @97.00 S_close=94.14,-291000.0,3000
D20,2022-11-18,LLY,PUT_EXPIRE,OTM K=337.50 S_close=361.67,0.0,0
D20,2022-11-18,JNJ,PUT_EXPIRE,OTM K=170.00 S_close=176.20,0.0,0
D20,2022-11-18,ENPH,PUT_EXPIRE,OTM K=287.50 S_close=311.94,0.0,0
D20,2022-11-18,BAC,CALL_EXPIRE,OTM K=40.00 S_close=37.19,0.0,0
D20,2022-11-18,TSLA,CALL_EXPIRE,OTM K=245.00 S_close=180.19,0.0,0
D20,2022-11-18,WMT,CALL_ASSIGN,sell 2200 @149.00 S_close=150.23,327800.0,-2200
D20,2022-11-18,MRK,PUT_EXPIRE,OTM K=97.00 S_close=104.23,0.0,0
D20,2022-11-18,NFLX,PUT_EXPIRE,OTM K=272.50 S_close=287.98,0.0,0
D20,2022-11-18,ABBV,PUT_EXPIRE,OTM K=139.00 S_close=154.98,0.0,0
D20,2022-11-18,KO,PUT_EXPIRE,OTM K=58.00 S_close=61.14,0.0,0
D20,2022-11-18,PEP,PUT_EXPIRE,OTM K=175.00 S_close=181.33,0.0,0
D20,2022-11-18,NVDA,PUT_EXPIRE,OTM K=129.00 S_close=154.09,0.0,0
D20,2022-11-18,PFE,CALL_EXPIRE,OTM K=50.00 S_close=48.23,0.0,0
D20,2022-11-18,PG,CALL_ASSIGN,sell 4800 @142.00 S_close=142.57,681600.0,-4800
D20,2022-11-18,SLB,PUT_EXPIRE,OTM K=47.50 S_close=53.44,0.0,0
D20,2022-11-18,CI,PUT_EXPIRE,OTM K=305.00 S_close=319.21,0.0,0
D20,2022-11-18,NEE,PUT_EXPIRE,OTM K=60.00 S_close=83.20,0.0,0
D10,2023-04-28,AAPL,SELL_CALL,exp=2023-05-19 K=180.00 prem=0.75 x25,1875.0,0
D10,2023-04-28,MSFT,SELL_CALL,exp=2023-05-19 K=340.00 prem=0.09 x14,126.0,0
D10,2023-04-28,FSLR,SELL_PUT,exp=2023-05-19 K=170.00 prem=4.95 x17,8415.0,0
D10,2023-04-28,AMZN,SELL_CALL,exp=2023-05-19 K=115.00 prem=0.48 x31,1488.0,0
D10,2023-04-28,NVDA,SELL_PUT,exp=2023-05-19 K=257.50 prem=3.49 x11,3839.0,0
D10,2023-04-28,HD,SELL_PUT,exp=2023-05-19 K=277.50 prem=1.93 x10,1930.0,0
D10,2023-04-28,WMT,SELL_CALL,exp=2023-05-19 K=157.50 prem=0.83 x26,2158.0,0
D10,2023-04-28,LLY,SELL_PUT,exp=2023-05-19 K=372.50 prem=1.47 x8,1176.0,0
D10,2023-04-28,PG,SELL_CALL,exp=2023-05-19 K=165.00 prem=0.06 x58,348.0,0
D10,2023-04-28,TSLA,SELL_CALL,exp=2023-05-19 K=187.50 prem=0.94 x4,376.0,0
D10,2023-04-28,WYNN,SELL_PUT,exp=2023-05-19 K=105.00 prem=1.14 x28,3192.0,0
D10,2023-04-28,MRK,SELL_CALL,exp=2023-05-19 K=124.00 prem=0.29 x47,1363.0,0
D10,2023-04-28,JNJ,SELL_PUT,exp=2023-05-19 K=155.00 prem=0.33 x19,627.0,0
D10,2023-04-28,KO,SELL_PUT,exp=2023-05-19 K=62.50 prem=0.24 x48,1152.0,0
D10,2023-04-28,BAC,SELL_PUT,exp=2023-05-19 K=26.50 prem=0.11 x114,1254.0,0
D10,2023-04-28,AMD,SELL_CALL,exp=2023-05-19 K=99.00 prem=1.20 x337,40440.0,0
D10,2023-04-28,BA,SELL_PUT,exp=2023-05-19 K=182.50 prem=0.50 x16,800.0,0
D10,2023-04-28,PEP,SELL_CALL,exp=2023-05-19 K=197.50 prem=0.20 x46,920.0,0
D10,2023-04-28,ABBV,SELL_PUT,exp=2023-05-19 K=140.00 prem=0.30 x21,630.0,0
D10,2023-04-28,TMO,SELL_PUT,exp=2023-05-19 K=510.00 prem=2.22 x6,1332.0,0
D20,2023-04-28,AAPL,SELL_CALL,exp=2023-05-19 K=177.50 prem=1.26 x22,2772.0,0
D20,2023-04-28,MSFT,SELL_CALL,exp=2023-05-19 K=330.00 prem=0.31 x12,372.0,0
D20,2023-04-28,FSLR,SELL_PUT,exp=2023-05-19 K=175.00 prem=4.53 x19,8607.0,0
D20,2023-04-28,AMZN,SELL_CALL,exp=2023-05-19 K=114.00 prem=0.75 x30,2250.0,0
D20,2023-04-28,NVDA,SELL_PUT,exp=2023-05-19 K=265.00 prem=6.65 x13,8645.0,0
D20,2023-04-28,HD,SELL_PUT,exp=2023-05-19 K=282.50 prem=2.71 x12,3252.0,0
D20,2023-04-28,WMT,SELL_PUT,exp=2023-05-19 K=148.00 prem=2.07 x23,4761.0,0
D20,2023-04-28,LLY,SELL_PUT,exp=2023-05-19 K=380.00 prem=2.31 x9,2079.0,0
D20,2023-04-28,PG,SELL_PUT,exp=2023-05-19 K=152.50 prem=0.55 x22,1210.0,0
D20,2023-04-28,TSLA,SELL_CALL,exp=2023-05-19 K=185.00 prem=1.36 x4,544.0,0
D20,2023-04-28,WYNN,SELL_PUT,exp=2023-05-19 K=108.00 prem=1.63 x32,5216.0,0
D20,2023-04-28,MRK,SELL_PUT,exp=2023-05-19 K=111.00 prem=0.67 x31,2077.0,0
D20,2023-04-28,JNJ,SELL_PUT,exp=2023-05-19 K=157.50 prem=0.58 x22,1276.0,0
D20,2023-04-28,KO,SELL_PUT,exp=2023-05-19 K=63.00 prem=0.48 x55,2640.0,0
D20,2023-04-28,BAC,SELL_CALL,exp=2023-05-19 K=31.50 prem=0.08 x71,568.0,0
D20,2023-04-28,AMD,SELL_CALL,exp=2023-05-19 K=99.00 prem=1.20 x274,32880.0,0
D20,2023-04-28,BA,SELL_PUT,exp=2023-05-19 K=182.50 prem=0.50 x19,950.0,0
D20,2023-04-28,PEP,SELL_PUT,exp=2023-05-19 K=187.50 prem=0.93 x18,1674.0,0
D20,2023-04-28,ABBV,SELL_PUT,exp=2023-05-19 K=145.00 prem=0.89 x24,2136.0,0
D20,2023-04-28,TMO,SELL_PUT,exp=2023-05-19 K=515.00 prem=1.75 x6,1050.0,0
D10,2023-05-19,AAPL,CALL_EXPIRE,OTM K=180.00 S_close=175.16,0.0,0
D10,2023-05-19,MSFT,CALL_EXPIRE,OTM K=340.00 S_close=318.34,0.0,0
D10,2023-05-19,FSLR,PUT_EXPIRE,OTM K=170.00 S_close=203.53,0.0,0
D10,2023-05-19,AMZN,CALL_ASSIGN,sell 3100 @115.00 S_close=116.25,356500.0,-3100
D10,2023-05-19,NVDA,PUT_EXPIRE,OTM K=257.50 S_close=312.64,0.0,0
D10,2023-05-19,HD,PUT_EXPIRE,OTM K=277.50 S_close=290.88,0.0,0
D10,2023-05-19,WMT,CALL_EXPIRE,OTM K=157.50 S_close=149.91,0.0,0
D10,2023-05-19,LLY,PUT_EXPIRE,OTM K=372.50 S_close=442.38,0.0,0
D10,2023-05-19,PG,CALL_EXPIRE,OTM K=165.00 S_close=153.17,0.0,0
D10,2023-05-19,TSLA,CALL_EXPIRE,OTM K=187.50 S_close=180.14,0.0,0
D10,2023-05-19,WYNN,PUT_EXPIRE,OTM K=105.00 S_close=110.28,0.0,0
D10,2023-05-19,MRK,CALL_EXPIRE,OTM K=124.00 S_close=115.49,0.0,0
D10,2023-05-19,JNJ,PUT_EXPIRE,OTM K=155.00 S_close=158.91,0.0,0
D10,2023-05-19,KO,PUT_EXPIRE,OTM K=62.50 S_close=62.83,0.0,0
D10,2023-05-19,BAC,PUT_EXPIRE,OTM K=26.50 S_close=28.11,0.0,0
D10,2023-05-19,AMD,CALL_ASSIGN,sell 33700 @99.00 S_close=105.82,3336300.0,-33700
D10,2023-05-19,BA,PUT_EXPIRE,OTM K=182.50 S_close=205.49,0.0,0
D10,2023-05-19,PEP,CALL_EXPIRE,OTM K=197.50 S_close=191.84,0.0,0
D10,2023-05-19,ABBV,PUT_EXPIRE,OTM K=140.00 S_close=145.11,0.0,0
D10,2023-05-19,TMO,PUT_EXPIRE,OTM K=510.00 S_close=527.38,0.0,0
D20,2023-05-19,AAPL,CALL_EXPIRE,OTM K=177.50 S_close=175.16,0.0,0
D20,2023-05-19,MSFT,CALL_EXPIRE,OTM K=330.00 S_close=318.34,0.0,0
D20,2023-05-19,FSLR,PUT_EXPIRE,OTM K=175.00 S_close=203.53,0.0,0
D20,2023-05-19,AMZN,CALL_ASSIGN,sell 3000 @114.00 S_close=116.25,342000.0,-3000
D20,2023-05-19,NVDA,PUT_EXPIRE,OTM K=265.00 S_close=312.64,0.0,0
D20,2023-05-19,HD,PUT_EXPIRE,OTM K=282.50 S_close=290.88,0.0,0
D20,2023-05-19,WMT,PUT_EXPIRE,OTM K=148.00 S_close=149.91,0.0,0
D20,2023-05-19,LLY,PUT_EXPIRE,OTM K=380.00 S_close=442.38,0.0,0
D20,2023-05-19,PG,PUT_EXPIRE,OTM K=152.50 S_close=153.17,0.0,0
D20,2023-05-19,TSLA,CALL_EXPIRE,OTM K=185.00 S_close=180.14,0.0,0
D20,2023-05-19,WYNN,PUT_EXPIRE,OTM K=108.00 S_close=110.28,0.0,0
D20,2023-05-19,MRK,PUT_EXPIRE,OTM K=111.00 S_close=115.49,0.0,0
D20,2023-05-19,JNJ,PUT_EXPIRE,OTM K=157.50 S_close=158.91,0.0,0
D20,2023-05-19,KO,PUT_ASSIGN,buy 5500 @63.00 S_close=62.83,-346500.0,5500
D20,2023-05-19,BAC,CALL_EXPIRE,OTM K=31.50 S_close=28.11,0.0,0
D20,2023-05-19,AMD,CALL_ASSIGN,sell 27400 @99.00 S_close=105.82,2712600.0,-27400
D20,2023-05-19,BA,PUT_EXPIRE,OTM K=182.50 S_close=205.49,0.0,0
D20,2023-05-19,PEP,PUT_EXPIRE,OTM K=187.50 S_close=191.84,0.0,0
D20,2023-05-19,ABBV,PUT_EXPIRE,OTM K=145.00 S_close=145.11,0.0,0
D20,2023-05-19,TMO,PUT_EXPIRE,OTM K=515.00 S_close=527.38,0.0,0
D10,2023-10-27,AAPL,SELL_CALL,exp=2023-11-17 K=177.50 prem=1.48 x25,3700.0,0
D10,2023-10-27,MSFT,SELL_CALL,exp=2023-11-17 K=352.50 prem=1.81 x14,2534.0,0
D10,2023-10-27,AMZN,SELL_PUT,exp=2023-11-17 K=118.00 prem=1.12 x42,4704.0,0
D10,2023-10-27,NVDA,SELL_PUT,exp=2023-11-17 K=370.00 prem=5.85 x13,7605.0,0
D10,2023-10-27,LLY,SELL_PUT,exp=2023-11-17 K=520.00 prem=8.45 x9,7605.0,0
D10,2023-10-27,TSLA,SELL_CALL,exp=2023-11-17 K=230.00 prem=2.65 x4,1060.0,0
D10,2023-10-27,HD,SELL_PUT,exp=2023-11-17 K=265.00 prem=3.95 x19,7505.0,0
D10,2023-10-27,ORCL,SELL_PUT,exp=2023-11-17 K=95.00 prem=0.95 x53,5035.0,0
D10,2023-10-27,WMT,SELL_CALL,exp=2023-11-17 K=167.50 prem=1.72 x26,4472.0,0
D10,2023-10-27,ADBE,SELL_PUT,exp=2023-11-17 K=460.00 prem=3.35 x10,3350.0,0
D10,2023-10-27,NFLX,SELL_PUT,exp=2023-11-17 K=375.00 prem=4.15 x13,5395.0,0
D10,2023-10-27,PG,SELL_CALL,exp=2023-11-17 K=155.00 prem=0.23 x58,1334.0,0
D10,2023-10-27,SNPS,SELL_PUT,exp=2023-11-17 K=420.00 prem=2.93 x12,3516.0,0
D10,2023-10-27,COST,SELL_CALL,exp=2023-11-17 K=567.50 prem=2.53 x7,1771.0,0
D10,2023-10-27,JNJ,SELL_PUT,exp=2023-11-17 K=140.00 prem=0.95 x36,3420.0,0
D10,2023-10-27,BAC,SELL_PUT,exp=2023-11-17 K=23.50 prem=0.19 x215,4085.0,0
D10,2023-10-27,NOW,SELL_PUT,exp=2023-11-17 K=530.00 prem=7.80 x9,7020.0,0
D10,2023-10-27,CSCO,SELL_PUT,exp=2023-11-17 K=47.50 prem=0.37 x106,3922.0,0
D10,2023-10-27,AMD,SELL_PUT,exp=2023-11-17 K=85.00 prem=1.43 x59,8437.0,0
D10,2023-10-27,MRK,SELL_CALL,exp=2023-11-17 K=108.00 prem=0.47 x47,2209.0,0
D20,2023-10-27,AAPL,SELL_CALL,exp=2023-11-17 K=175.00 prem=2.13 x22,4686.0,0
D20,2023-10-27,MSFT,SELL_CALL,exp=2023-11-17 K=347.50 prem=2.16 x12,2592.0,0
D20,2023-10-27,AMZN,SELL_PUT,exp=2023-11-17 K=119.00 prem=1.37 x41,5617.0,0
D20,2023-10-27,NVDA,SELL_PUT,exp=2023-11-17 K=375.00 prem=6.85 x13,8905.0,0
D20,2023-10-27,LLY,SELL_PUT,exp=2023-11-17 K=530.00 prem=9.45 x9,8505.0,0
D20,2023-10-27,TSLA,SELL_CALL,exp=2023-11-17 K=227.50 prem=3.10 x4,1240.0,0
D20,2023-10-27,HD,SELL_PUT,exp=2023-11-17 K=267.50 prem=5.03 x18,9054.0,0
D20,2023-10-27,ORCL,SELL_PUT,exp=2023-11-17 K=95.00 prem=0.95 x52,4940.0,0
D20,2023-10-27,WMT,SELL_PUT,exp=2023-11-17 K=157.50 prem=2.50 x31,7750.0,0
D20,2023-10-27,ADBE,SELL_CALL,exp=2023-11-17 K=535.00 prem=9.35 x8,7480.0,0
D20,2023-10-27,NFLX,SELL_PUT,exp=2023-11-17 K=375.00 prem=4.15 x13,5395.0,0
D20,2023-10-27,PG,SELL_PUT,exp=2023-11-17 K=143.00 prem=1.03 x35,3605.0,0
D20,2023-10-27,SNPS,SELL_PUT,exp=2023-11-17 K=440.00 prem=7.80 x11,8580.0,0
D20,2023-10-27,COST,SELL_CALL,exp=2023-11-17 K=567.50 prem=2.53 x6,1518.0,0
D20,2023-10-27,JNJ,SELL_PUT,exp=2023-11-17 K=142.00 prem=1.14 x35,3990.0,0
D20,2023-10-27,BAC,SELL_CALL,exp=2023-11-17 K=26.50 prem=0.25 x71,1775.0,0
D20,2023-10-27,NOW,SELL_PUT,exp=2023-11-17 K=530.00 prem=7.80 x9,7020.0,0
D20,2023-10-27,CSCO,SELL_PUT,exp=2023-11-17 K=49.00 prem=0.53 x102,5406.0,0
D20,2023-10-27,AMD,SELL_PUT,exp=2023-11-17 K=90.00 prem=2.73 x55,15015.0,0
D20,2023-10-27,MRK,SELL_PUT,exp=2023-11-17 K=100.00 prem=0.98 x50,4900.0,0
D10,2023-11-17,AAPL,CALL_ASSIGN,sell 2500 @177.50 S_close=189.69,443750.0,-2500
D10,2023-11-17,MSFT,CALL_ASSIGN,sell 1400 @352.50 S_close=369.85,493500.0,-1400
D10,2023-11-17,AMZN,PUT_EXPIRE,OTM K=118.00 S_close=145.18,0.0,0
D10,2023-11-17,NVDA,PUT_EXPIRE,OTM K=370.00 S_close=492.98,0.0,0
D10,2023-11-17,LLY,PUT_EXPIRE,OTM K=520.00 S_close=591.71,0.0,0
D10,2023-11-17,TSLA,CALL_ASSIGN,sell 400 @230.00 S_close=234.30,92000.0,-400
D10,2023-11-17,HD,PUT_EXPIRE,OTM K=265.00 S_close=307.27,0.0,0
D10,2023-11-17,ORCL,PUT_EXPIRE,OTM K=95.00 S_close=115.36,0.0,0
D10,2023-11-17,WMT,CALL_EXPIRE,OTM K=167.50 S_close=155.35,0.0,0
D10,2023-11-17,ADBE,PUT_EXPIRE,OTM K=460.00 S_close=602.66,0.0,0
D10,2023-11-17,NFLX,PUT_EXPIRE,OTM K=375.00 S_close=465.91,0.0,0
D10,2023-11-17,PG,CALL_EXPIRE,OTM K=155.00 S_close=151.07,0.0,0
D10,2023-11-17,SNPS,PUT_EXPIRE,OTM K=420.00 S_close=534.78,0.0,0
D10,2023-11-17,COST,CALL_ASSIGN,sell 700 @567.50 S_close=577.15,397250.0,-700
D10,2023-11-17,JNJ,PUT_EXPIRE,OTM K=140.00 S_close=149.79,0.0,0
D10,2023-11-17,BAC,PUT_EXPIRE,OTM K=23.50 S_close=29.98,0.0,0
D10,2023-11-17,NOW,PUT_EXPIRE,OTM K=530.00 S_close=654.36,0.0,0
D10,2023-11-17,CSCO,PUT_EXPIRE,OTM K=47.50 S_close=47.76,0.0,0
D10,2023-11-17,AMD,PUT_EXPIRE,OTM K=85.00 S_close=120.62,0.0,0
D10,2023-11-17,MRK,CALL_EXPIRE,OTM K=108.00 S_close=101.75,0.0,0
D20,2023-11-17,AAPL,CALL_ASSIGN,sell 2200 @175.00 S_close=189.69,385000.0,-2200
D20,2023-11-17,MSFT,CALL_ASSIGN,sell 1200 @347.50 S_close=369.85,417000.0,-1200
D20,2023-11-17,AMZN,PUT_EXPIRE,OTM K=119.00 S_close=145.18,0.0,0
D20,2023-11-17,NVDA,PUT_EXPIRE,OTM K=375.00 S_close=492.98,0.0,0
D20,2023-11-17,LLY,PUT_EXPIRE,OTM K=530.00 S_close=591.71,0.0,0
D20,2023-11-17,TSLA,CALL_ASSIGN,sell 400 @227.50 S_close=234.30,91000.0,-400
D20,2023-11-17,HD,PUT_EXPIRE,OTM K=267.50 S_close=307.27,0.0,0
D20,2023-11-17,ORCL,PUT_EXPIRE,OTM K=95.00 S_close=115.36,0.0,0
D20,2023-11-17,WMT,PUT_ASSIGN,buy 3100 @157.50 S_close=155.35,-488250.0,3100
D20,2023-11-17,ADBE,CALL_ASSIGN,sell 800 @535.00 S_close=602.66,428000.0,-800
D20,2023-11-17,NFLX,PUT_EXPIRE,OTM K=375.00 S_close=465.91,0.0,0
D20,2023-11-17,PG,PUT_EXPIRE,OTM K=143.00 S_close=151.07,0.0,0
D20,2023-11-17,SNPS,PUT_EXPIRE,OTM K=440.00 S_close=534.78,0.0,0
D20,2023-11-17,COST,CALL_ASSIGN,sell 600 @567.50 S_close=577.15,340500.0,-600
D20,2023-11-17,JNJ,PUT_EXPIRE,OTM K=142.00 S_close=149.79,0.0,0
D20,2023-11-17,BAC,CALL_ASSIGN,sell 7100 @26.50 S_close=29.98,188150.0,-7100
D20,2023-11-17,NOW,PUT_EXPIRE,OTM K=530.00 S_close=654.36,0.0,0
D20,2023-11-17,CSCO,PUT_ASSIGN,buy 10200 @49.00 S_close=47.76,-499800.0,10200
D20,2023-11-17,AMD,PUT_EXPIRE,OTM K=90.00 S_close=120.62,0.0,0
D20,2023-11-17,MRK,PUT_EXPIRE,OTM K=100.00 S_close=101.75,0.0,0
D10,2024-04-26,MSFT,SELL_PUT,exp=2024-05-17 K=385.00 prem=1.67 x15,2505.0,0
D10,2024-04-26,NVDA,SELL_PUT,exp=2024-05-17 K=830.00 prem=18.45 x7,12915.0,0
D10,2024-04-26,AAPL,SELL_PUT,exp=2024-05-17 K=157.50 prem=1.06 x37,3922.0,0
D10,2024-04-26,AMZN,SELL_PUT,exp=2024-05-17 K=167.50 prem=3.05 x35,10675.0,0
D10,2024-04-26,HD,SELL_PUT,exp=2024-05-17 K=312.50 prem=1.72 x19,3268.0,0
D10,2024-04-26,LLY,SELL_PUT,exp=2024-05-17 K=690.00 prem=9.45 x8,7560.0,0
D10,2024-04-26,ORCL,SELL_PUT,exp=2024-05-17 K=111.00 prem=0.54 x53,2862.0,0
D10,2024-04-26,BAC,SELL_PUT,exp=2024-05-17 K=35.00 prem=0.10 x170,1700.0,0
D10,2024-04-26,AMD,SELL_PUT,exp=2024-05-17 K=143.00 prem=2.91 x41,11931.0,0
D10,2024-04-26,MRK,SELL_CALL,exp=2024-05-17 K=140.00 prem=0.17 x47,799.0,0
D10,2024-04-26,QCOM,SELL_PUT,exp=2024-05-17 K=147.00 prem=1.10 x40,4400.0,0
D10,2024-04-26,AMAT,SELL_PUT,exp=2024-05-17 K=180.00 prem=1.69 x33,5577.0,0
D10,2024-04-26,AXP,SELL_PUT,exp=2024-05-17 K=220.00 prem=0.64 x27,1728.0,0
D10,2024-04-26,COST,SELL_PUT,exp=2024-05-17 K=705.00 prem=4.80 x8,3840.0,0
D10,2024-04-26,ETN,SELL_PUT,exp=2024-05-17 K=300.00 prem=3.30 x19,6270.0,0
D10,2024-04-26,GE,SELL_CALL,exp=2024-05-17 K=195.00 prem=0.02 x36,72.0,0
D10,2024-04-26,LRCX,SELL_PUT,exp=2024-05-17 K=880.00 prem=11.90 x6,7140.0,0
D10,2024-04-26,NFLX,SELL_PUT,exp=2024-05-17 K=515.00 prem=3.20 x11,3520.0,0
D10,2024-04-26,DAL,SELL_PUT,exp=2024-05-17 K=46.50 prem=0.43 x128,5504.0,0
D10,2024-04-26,KLAC,SELL_PUT,exp=2024-05-17 K=660.00 prem=6.20 x9,5580.0,0
D20,2024-04-26,MSFT,SELL_PUT,exp=2024-05-17 K=392.50 prem=2.98 x14,4172.0,0
D20,2024-04-26,NVDA,SELL_PUT,exp=2024-05-17 K=830.00 prem=18.45 x6,11070.0,0
D20,2024-04-26,AAPL,SELL_PUT,exp=2024-05-17 K=162.50 prem=1.84 x34,6256.0,0
D20,2024-04-26,AMZN,SELL_PUT,exp=2024-05-17 K=172.50 prem=4.45 x32,14240.0,0
D20,2024-04-26,HD,SELL_PUT,exp=2024-05-17 K=320.00 prem=2.82 x17,4794.0,0
D20,2024-04-26,LLY,SELL_PUT,exp=2024-05-17 K=705.00 prem=14.05 x7,9835.0,0
D20,2024-04-26,ORCL,SELL_PUT,exp=2024-05-17 K=113.00 prem=0.77 x49,3773.0,0
D20,2024-04-26,BAC,SELL_PUT,exp=2024-05-17 K=36.00 prem=0.21 x156,3276.0,0
D20,2024-04-26,AMD,SELL_PUT,exp=2024-05-17 K=145.00 prem=3.30 x38,12540.0,0
D20,2024-04-26,MRK,SELL_PUT,exp=2024-05-17 K=126.00 prem=0.48 x44,2112.0,0
D20,2024-04-26,QCOM,SELL_PUT,exp=2024-05-17 K=147.00 prem=1.10 x38,4180.0,0
D20,2024-04-26,AMAT,SELL_PUT,exp=2024-05-17 K=180.00 prem=1.69 x31,5239.0,0
D20,2024-04-26,AXP,SELL_PUT,exp=2024-05-17 K=225.00 prem=1.32 x25,3300.0,0
D20,2024-04-26,COST,SELL_PUT,exp=2024-05-17 K=710.00 prem=5.70 x7,3990.0,0
D20,2024-04-26,ETN,SELL_PUT,exp=2024-05-17 K=310.00 prem=5.60 x18,10080.0,0
D20,2024-04-26,GE,SELL_CALL,exp=2024-05-17 K=195.00 prem=0.02 x125,250.0,0
D20,2024-04-26,LRCX,SELL_PUT,exp=2024-05-17 K=885.00 prem=12.20 x6,7320.0,0
D20,2024-04-26,NFLX,SELL_PUT,exp=2024-05-17 K=520.00 prem=3.80 x10,3800.0,0
D20,2024-04-26,DAL,SELL_PUT,exp=2024-05-17 K=47.50 prem=0.58 x119,6902.0,0
D20,2024-04-26,KLAC,SELL_PUT,exp=2024-05-17 K=675.00 prem=12.40 x8,9920.0,0
D10,2024-05-17,MSFT,PUT_EXPIRE,OTM K=385.00 S_close=420.21,0.0,0
D10,2024-05-17,NVDA,PUT_EXPIRE,OTM K=830.00 S_close=924.79,0.0,0
D10,2024-05-17,AAPL,PUT_EXPIRE,OTM K=157.50 S_close=189.87,0.0,0
D10,2024-05-17,AMZN,PUT_EXPIRE,OTM K=167.50 S_close=184.70,0.0,0
D10,2024-05-17,HD,PUT_EXPIRE,OTM K=312.50 S_close=344.21,0.0,0
D10,2024-05-17,LLY,PUT_EXPIRE,OTM K=690.00 S_close=770.00,0.0,0
D10,2024-05-17,ORCL,PUT_EXPIRE,OTM K=111.00 S_close=123.50,0.0,0
D10,2024-05-17,BAC,PUT_EXPIRE,OTM K=35.00 S_close=39.29,0.0,0
D10,2024-05-17,AMD,PUT_EXPIRE,OTM K=143.00 S_close=164.47,0.0,0
D10,2024-05-17,MRK,CALL_EXPIRE,OTM K=140.00 S_close=131.19,0.0,0
D10,2024-05-17,QCOM,PUT_EXPIRE,OTM K=147.00 S_close=193.86,0.0,0
D10,2024-05-17,AMAT,PUT_EXPIRE,OTM K=180.00 S_close=212.08,0.0,0
D10,2024-05-17,AXP,PUT_EXPIRE,OTM K=220.00 S_close=242.82,0.0,0
D10,2024-05-17,COST,PUT_EXPIRE,OTM K=705.00 S_close=795.81,0.0,0
D10,2024-05-17,ETN,PUT_EXPIRE,OTM K=300.00 S_close=330.24,0.0,0
D10,2024-05-17,GE,CALL_EXPIRE,OTM K=195.00 S_close=159.89,0.0,0
D10,2024-05-17,LRCX,PUT_EXPIRE,OTM K=880.00 S_close=912.07,0.0,0
D10,2024-05-17,NFLX,PUT_EXPIRE,OTM K=515.00 S_close=621.10,0.0,0
D10,2024-05-17,DAL,PUT_EXPIRE,OTM K=46.50 S_close=52.70,0.0,0
D10,2024-05-17,KLAC,PUT_EXPIRE,OTM K=660.00 S_close=747.68,0.0,0
D20,2024-05-17,MSFT,PUT_EXPIRE,OTM K=392.50 S_close=420.21,0.0,0
D20,2024-05-17,NVDA,PUT_EXPIRE,OTM K=830.00 S_close=924.79,0.0,0
D20,2024-05-17,AAPL,PUT_EXPIRE,OTM K=162.50 S_close=189.87,0.0,0
D20,2024-05-17,AMZN,PUT_EXPIRE,OTM K=172.50 S_close=184.70,0.0,0
D20,2024-05-17,HD,PUT_EXPIRE,OTM K=320.00 S_close=344.21,0.0,0
D20,2024-05-17,LLY,PUT_EXPIRE,OTM K=705.00 S_close=770.00,0.0,0
D20,2024-05-17,ORCL,PUT_EXPIRE,OTM K=113.00 S_close=123.50,0.0,0
D20,2024-05-17,BAC,PUT_EXPIRE,OTM K=36.00 S_close=39.29,0.0,0
D20,2024-05-17,AMD,PUT_EXPIRE,OTM K=145.00 S_close=164.47,0.0,0
D20,2024-05-17,MRK,PUT_EXPIRE,OTM K=126.00 S_close=131.19,0.0,0
D20,2024-05-17,QCOM,PUT_EXPIRE,OTM K=147.00 S_close=193.86,0.0,0
D20,2024-05-17,AMAT,PUT_EXPIRE,OTM K=180.00 S_close=212.08,0.0,0
D20,2024-05-17,AXP,PUT_EXPIRE,OTM K=225.00 S_close=242.82,0.0,0
D20,2024-05-17,COST,PUT_EXPIRE,OTM K=710.00 S_close=795.81,0.0,0
D20,2024-05-17,ETN,PUT_EXPIRE,OTM K=310.00 S_close=330.24,0.0,0
D20,2024-05-17,GE,CALL_EXPIRE,OTM K=195.00 S_close=159.89,0.0,0
D20,2024-05-17,LRCX,PUT_EXPIRE,OTM K=885.00 S_close=912.07,0.0,0
D20,2024-05-17,NFLX,PUT_EXPIRE,OTM K=520.00 S_close=621.10,0.0,0
D20,2024-05-17,DAL,PUT_EXPIRE,OTM K=47.50 S_close=52.70,0.0,0
D20,2024-05-17,KLAC,PUT_EXPIRE,OTM K=675.00 S_close=747.68,0.0,0
D10,2024-10-25,AAPL,SELL_PUT,exp=2024-11-15 K=215.00 prem=1.53 x28,4284.0,0
D10,2024-10-25,NVDA,SELL_PUT,exp=2024-11-15 K=132.00 prem=2.57 x46,11822.0,0
D10,2024-10-25,MSFT,SELL_PUT,exp=2024-11-15 K=410.00 prem=5.91 x15,8865.0,0
D10,2024-10-25,DELL,SELL_PUT,exp=2024-11-15 K=110.00 prem=1.03 x55,5665.0,0
D10,2024-10-25,AMZN,SELL_PUT,exp=2024-11-15 K=177.50 prem=3.40 x34,11560.0,0
D10,2024-10-25,HD,SELL_PUT,exp=2024-11-15 K=380.00 prem=4.83 x16,7728.0,0
D10,2024-10-25,LLY,SELL_PUT,exp=2024-11-15 K=840.00 prem=17.19 x7,12033.0,0
D10,2024-10-25,TSLA,SELL_PUT,exp=2024-11-15 K=245.00 prem=6.60 x25,16500.0,0
D10,2024-10-25,WMT,SELL_CALL,exp=2024-11-15 K=91.00 prem=0.13 x26,338.0,0
D10,2024-10-25,ORCL,SELL_PUT,exp=2024-11-15 K=162.50 prem=1.00 x38,3800.0,0
D10,2024-10-25,BAC,SELL_PUT,exp=2024-11-15 K=39.00 prem=0.25 x158,3950.0,0
D10,2024-10-25,NFLX,SELL_PUT,exp=2024-11-15 K=710.00 prem=3.36 x8,2688.0,0
D10,2024-10-25,COST,SELL_PUT,exp=2024-11-15 K=867.50 prem=7.90 x7,5530.0,0
D10,2024-10-25,ABBV,SELL_PUT,exp=2024-11-15 K=165.00 prem=0.47 x37,1739.0,0
D10,2024-10-25,PG,SELL_CALL,exp=2024-11-15 K=177.50 prem=0.26 x58,1508.0,0
D10,2024-10-25,JNJ,SELL_PUT,exp=2024-11-15 K=145.00 prem=0.14 x42,588.0,0
D10,2024-10-25,AMD,SELL_PUT,exp=2024-11-15 K=143.00 prem=2.85 x43,12255.0,0
D10,2024-10-25,ISRG,SELL_PUT,exp=2024-11-15 K=485.00 prem=2.05 x12,2460.0,0
D10,2024-10-25,KO,SELL_PUT,exp=2024-11-15 K=58.00 prem=0.04 x106,424.0,0
D10,2024-10-25,GE,SELL_CALL,exp=2024-11-15 K=200.00 prem=0.46 x36,1656.0,0
D20,2024-10-25,AAPL,SELL_PUT,exp=2024-11-15 K=222.50 prem=2.86 x26,7436.0,0
D20,2024-10-25,NVDA,SELL_PUT,exp=2024-11-15 K=132.00 prem=2.57 x44,11308.0,0
D20,2024-10-25,MSFT,SELL_PUT,exp=2024-11-15 K=417.50 prem=7.62 x13,9906.0,0
D20,2024-10-25,DELL,SELL_PUT,exp=2024-11-15 K=115.00 prem=1.61 x50,8050.0,0
D20,2024-10-25,AMZN,SELL_PUT,exp=2024-11-15 K=180.00 prem=4.30 x32,13760.0,0
D20,2024-10-25,HD,SELL_PUT,exp=2024-11-15 K=385.00 prem=5.95 x15,8925.0,0
D20,2024-10-25,LLY,SELL_PUT,exp=2024-11-15 K=860.00 prem=21.85 x6,13110.0,0
D20,2024-10-25,TSLA,SELL_PUT,exp=2024-11-15 K=245.00 prem=6.60 x23,15180.0,0
D20,2024-10-25,WMT,SELL_CALL,exp=2024-11-15 K=91.00 prem=0.13 x31,403.0,0
D20,2024-10-25,ORCL,SELL_PUT,exp=2024-11-15 K=165.00 prem=1.13 x35,3955.0,0
D20,2024-10-25,BAC,SELL_PUT,exp=2024-11-15 K=40.00 prem=0.24 x146,3504.0,0
D20,2024-10-25,NFLX,SELL_PUT,exp=2024-11-15 K=710.00 prem=3.36 x8,2688.0,0
D20,2024-10-25,COST,SELL_PUT,exp=2024-11-15 K=867.50 prem=7.90 x6,4740.0,0
D20,2024-10-25,ABBV,SELL_PUT,exp=2024-11-15 K=165.00 prem=0.47 x35,1645.0,0
D20,2024-10-25,PG,SELL_PUT,exp=2024-11-15 K=162.50 prem=0.78 x36,2808.0,0
D20,2024-10-25,JNJ,SELL_PUT,exp=2024-11-15 K=150.00 prem=0.21 x39,819.0,0
D20,2024-10-25,AMD,SELL_PUT,exp=2024-11-15 K=146.00 prem=3.66 x40,14640.0,0
D20,2024-10-25,ISRG,SELL_PUT,exp=2024-11-15 K=485.00 prem=2.05 x12,2460.0,0
D20,2024-10-25,KO,SELL_CALL,exp=2024-11-15 K=73.00 prem=0.03 x55,165.0,0
D20,2024-10-25,GE,SELL_CALL,exp=2024-11-15 K=192.50 prem=0.97 x125,12125.0,0
D10,2024-11-15,AAPL,PUT_EXPIRE,OTM K=215.00 S_close=225.00,0.0,0
D10,2024-11-15,NVDA,PUT_EXPIRE,OTM K=132.00 S_close=141.98,0.0,0
D10,2024-11-15,MSFT,PUT_EXPIRE,OTM K=410.00 S_close=415.00,0.0,0
D10,2024-11-15,DELL,PUT_EXPIRE,OTM K=110.00 S_close=131.64,0.0,0
D10,2024-11-15,AMZN,PUT_EXPIRE,OTM K=177.50 S_close=202.61,0.0,0
D10,2024-11-15,HD,PUT_EXPIRE,OTM K=380.00 S_close=408.18,0.0,0
D10,2024-11-15,LLY,PUT_ASSIGN,buy 700 @840.00 S_close=746.20,-588000.0,700
D10,2024-11-15,TSLA,PUT_EXPIRE,OTM K=245.00 S_close=320.72,0.0,0
D10,2024-11-15,WMT,CALL_EXPIRE,OTM K=91.00 S_close=84.25,0.0,0
D10,2024-11-15,ORCL,PUT_EXPIRE,OTM K=162.50 S_close=183.74,0.0,0
D10,2024-11-15,BAC,PUT_EXPIRE,OTM K=39.00 S_close=46.75,0.0,0
D10,2024-11-15,NFLX,PUT_EXPIRE,OTM K=710.00 S_close=823.96,0.0,0
D10,2024-11-15,COST,PUT_EXPIRE,OTM K=867.50 S_close=907.07,0.0,0
D10,2024-11-15,ABBV,PUT_ASSIGN,buy 3700 @165.00 S_close=164.99,-610500.0,3700
D10,2024-11-15,PG,CALL_EXPIRE,OTM K=177.50 S_close=169.54,0.0,0
D10,2024-11-15,JNJ,PUT_EXPIRE,OTM K=145.00 S_close=154.00,0.0,0
D10,2024-11-15,AMD,PUT_ASSIGN,buy 4300 @143.00 S_close=134.90,-614900.0,4300
D10,2024-11-15,ISRG,PUT_EXPIRE,OTM K=485.00 S_close=527.61,0.0,0
D10,2024-11-15,KO,PUT_EXPIRE,OTM K=58.00 S_close=61.74,0.0,0
D10,2024-11-15,GE,CALL_EXPIRE,OTM K=200.00 S_close=176.93,0.0,0
D20,2024-11-15,AAPL,PUT_EXPIRE,OTM K=222.50 S_close=225.00,0.0,0
D20,2024-11-15,NVDA,PUT_EXPIRE,OTM K=132.00 S_close=141.98,0.0,0
D20,2024-11-15,MSFT,PUT_ASSIGN,buy 1300 @417.50 S_close=415.00,-542750.0,1300
D20,2024-11-15,DELL,PUT_EXPIRE,OTM K=115.00 S_close=131.64,0.0,0
D20,2024-11-15,AMZN,PUT_EXPIRE,OTM K=180.00 S_close=202.61,0.0,0
D20,2024-11-15,HD,PUT_EXPIRE,OTM K=385.00 S_close=408.18,0.0,0
D20,2024-11-15,LLY,PUT_ASSIGN,buy 600 @860.00 S_close=746.20,-516000.0,600
D20,2024-11-15,TSLA,PUT_EXPIRE,OTM K=245.00 S_close=320.72,0.0,0
D20,2024-11-15,WMT,CALL_EXPIRE,OTM K=91.00 S_close=84.25,0.0,0
D20,2024-11-15,ORCL,PUT_EXPIRE,OTM K=165.00 S_close=183.74,0.0,0
D20,2024-11-15,BAC,PUT_EXPIRE,OTM K=40.00 S_close=46.75,0.0,0
D20,2024-11-15,NFLX,PUT_EXPIRE,OTM K=710.00 S_close=823.96,0.0,0
D20,2024-11-15,COST,PUT_EXPIRE,OTM K=867.50 S_close=907.07,0.0,0
D20,2024-11-15,ABBV,PUT_ASSIGN,buy 3500 @165.00 S_close=164.99,-577500.0,3500
D20,2024-11-15,PG,PUT_EXPIRE,OTM K=162.50 S_close=169.54,0.0,0
D20,2024-11-15,JNJ,PUT_EXPIRE,OTM K=150.00 S_close=154.00,0.0,0
D20,2024-11-15,AMD,PUT_ASSIGN,buy 4000 @146.00 S_close=134.90,-584000.0,4000
D20,2024-11-15,ISRG,PUT_EXPIRE,OTM K=485.00 S_close=527.61,0.0,0
D20,2024-11-15,KO,CALL_EXPIRE,OTM K=73.00 S_close=61.74,0.0,0
D20,2024-11-15,GE,CALL_EXPIRE,OTM K=192.50 S_close=176.93,0.0,0
