date,ticker,close
2013-04-01,AAPL,428.91
2013-04-01,MSFT,28.61
2013-04-02,AAPL,429.79199
2013-04-02,MSFT,28.8
2013-04-03,AAPL,431.98999
2013-04-03,MSFT,28.56
2013-04-04,AAPL,427.72
2013-04-04,MSFT,28.595
2013-04-05,AAPL,423.20001
2013-04-05,MSFT,28.7
2013-04-08,AAPL,426.20999
2013-04-08,MSFT,28.59
2013-04-09,AAPL,426.98001
2013-04-09,MSFT,29.61
2013-04-10,AAPL,435.69
2013-04-10,MSFT,30.28
2013-04-11,AAPL,434.32999
2013-04-11,MSFT,28.935
2013-04-12,AAPL,429.79999
2013-04-12,MSFT,28.79
2013-04-15,AAPL,419.85001
2013-04-15,MSFT,28.69
2013-04-16,AAPL,426.23999
2013-04-16,MSFT,28.97
2013-04-17,AAPL,402.79999
2013-04-17,MSFT,28.825
2013-04-18,AAPL,392.04999
2013-04-18,MSFT,28.79
2013-04-19,AAPL,390.53
2013-04-19,MSFT,29.765
2013-04-22,AAPL,398.67001
2013-04-22,MSFT,30.83
2013-04-23,AAPL,406.13
2013-04-23,MSFT,30.6
2013-04-24,AAPL,405.46201
2013-04-24,MSFT,31.76
2013-04-25,AAPL,408.38
2013-04-25,MSFT,31.94
2013-04-26,AAPL,417.20499
2013-04-26,MSFT,31.79
2013-04-29,AAPL,430.12
2013-04-29,MSFT,32.61
2013-04-30,AAPL,442.78
2013-04-30,MSFT,33.1
2013-05-01,AAPL,439.29001
2013-05-01,MSFT,32.72
2013-05-02,AAPL,445.51999
2013-05-02,MSFT,33.16
2013-05-03,AAPL,449.98001
2013-05-03,MSFT,33.49
2013-05-06,AAPL,460.70999
2013-05-06,MSFT,33.75
2013-05-07,AAPL,458.65799
2013-05-07,MSFT,33.31
2013-05-08,AAPL,463.84
2013-05-08,MSFT,32.99
2013-05-09,AAPL,456.76999
2013-05-09,MSFT,32.66
2013-05-10,AAPL,452.97
2013-05-10,MSFT,32.69
2013-05-13,AAPL,454.73999
2013-05-13,MSFT,33.03
2013-05-14,AAPL,443.85999
2013-05-14,MSFT,33.53
2013-05-15,AAPL,428.85001
2013-05-15,MSFT,33.845
2013-05-16,AAPL,434.578
2013-05-16,MSFT,34.08
2013-05-17,AAPL,433.26001
2013-05-17,MSFT,34.87
2013-05-20,AAPL,442.92999
2013-05-20,MSFT,35.08
2013-05-21,AAPL,439.66
2013-05-21,MSFT,34.85
2013-05-22,AAPL,441.354
2013-05-22,MSFT,34.61
2013-05-23,AAPL,442.14001
2013-05-23,MSFT,34.15
2013-05-24,AAPL,445.14999
2013-05-24,MSFT,34.269
2013-05-28,AAPL,441.439
2013-05-28,MSFT,35.02
2013-05-29,AAPL,444.95001
2013-05-29,MSFT,34.88
2013-05-30,AAPL,451.57999
2013-05-30,MSFT,35.03
2013-05-31,AAPL,449.73499
2013-05-31,MSFT,34.9
2013-06-03,AAPL,450.72
2013-06-03,MSFT,35.59
2013-06-04,AAPL,449.31
2013-06-04,MSFT,34.99
2013-06-05,AAPL,445.10999
2013-06-05,MSFT,34.78
2013-06-06,AAPL,438.45999
2013-06-06,MSFT,34.96
2013-06-07,AAPL,441.811
2013-06-07,MSFT,35.67
2013-06-10,AAPL,438.89001
2013-06-10,MSFT,35.47
2013-06-11,AAPL,437.60001
2013-06-11,MSFT,34.84
2013-06-12,AAPL,432.19
2013-06-12,MSFT,35.0
2013-06-13,AAPL,435.965
2013-06-13,MSFT,34.715
2013-06-14,AAPL,430.04999
2013-06-14,MSFT,34.4
2013-06-17,AAPL,432.0
2013-06-17,MSFT,35.0
2013-06-18,AAPL,431.76999
2013-06-18,MSFT,34.98
2013-06-19,AAPL,423.0
2013-06-19,MSFT,34.59
2013-06-20,AAPL,416.83801
2013-06-20,MSFT,33.49
2013-06-21,AAPL,413.5
2013-06-21,MSFT,33.265
2013-06-24,AAPL,402.54001
2013-06-24,MSFT,33.715
2013-06-25,AAPL,402.63
2013-06-25,MSFT,33.67
2013-06-26,AAPL,398.07001
2013-06-26,MSFT,34.35
2013-06-27,AAPL,393.78
2013-06-27,MSFT,34.62
2013-06-28,AAPL,396.53
2013-06-28,MSFT,34.545
2013-07-01,AAPL,409.22
2013-07-01,MSFT,34.36
2013-07-02,AAPL,418.48999
2013-07-02,MSFT,33.94
2013-07-03,AAPL,420.79999
2013-07-03,MSFT,34.01
2013-07-05,AAPL,417.42001
2013-07-05,MSFT,34.21
2013-07-08,AAPL,415.04999
2013-07-08,MSFT,34.325
2013-07-09,AAPL,422.35001
2013-07-09,MSFT,34.35
2013-07-10,AAPL,420.73001
2013-07-10,MSFT,34.7
2013-07-11,AAPL,427.28799
2013-07-11,MSFT,35.685
2013-07-12,AAPL,426.51001
2013-07-12,MSFT,35.67
2013-07-15,AAPL,427.44
2013-07-15,MSFT,36.17
2013-07-16,AAPL,430.19501
2013-07-16,MSFT,36.27
2013-07-17,AAPL,430.31
2013-07-17,MSFT,35.74
2013-07-18,AAPL,431.758
2013-07-18,MSFT,35.44
2013-07-19,AAPL,424.95001
2013-07-19,MSFT,31.4
2013-07-22,AAPL,426.31
2013-07-22,MSFT,32.01
2013-07-23,AAPL,418.98999
2013-07-23,MSFT,31.82
2013-07-24,AAPL,440.51001
2013-07-24,MSFT,31.96
2013-07-25,AAPL,438.5
2013-07-25,MSFT,31.39
2013-07-26,AAPL,440.98999
2013-07-26,MSFT,31.62
2013-07-29,AAPL,447.79001
2013-07-29,MSFT,31.54
2013-07-30,AAPL,453.32001
2013-07-30,MSFT,31.85
2013-07-31,AAPL,452.53
2013-07-31,MSFT,31.84
2013-08-01,AAPL,456.67599
2013-08-01,MSFT,31.67
2013-08-02,AAPL,462.54001
2013-08-02,MSFT,31.89
2013-08-05,AAPL,469.45001
2013-08-05,MSFT,31.7
2013-08-06,AAPL,465.25
2013-08-06,MSFT,31.58
2013-08-07,AAPL,464.98001
2013-08-07,MSFT,32.063
2013-08-08,AAPL,461.01001
2013-08-08,MSFT,32.89
2013-08-09,AAPL,454.45001
2013-08-09,MSFT,32.7
2013-08-12,AAPL,467.35999
2013-08-12,MSFT,32.87
2013-08-13,AAPL,489.57001
2013-08-13,MSFT,32.23
2013-08-14,AAPL,498.5
2013-08-14,MSFT,32.35
2013-08-15,AAPL,497.91
2013-08-15,MSFT,31.79
2013-08-16,AAPL,502.32999
2013-08-16,MSFT,31.8
2013-08-19,AAPL,507.73999
2013-08-19,MSFT,31.393
2013-08-20,AAPL,501.07001
2013-08-20,MSFT,31.62
2013-08-21,AAPL,502.35999
2013-08-21,MSFT,31.61
2013-08-22,AAPL,502.95999
2013-08-22,MSFT,32.39
2013-08-23,AAPL,501.01999
2013-08-23,MSFT,34.75
2013-08-26,AAPL,502.97
2013-08-26,MSFT,34.15
2013-08-27,AAPL,488.59
2013-08-27,MSFT,33.26
2013-08-28,AAPL,490.896
2013-08-28,MSFT,33.02
2013-08-29,AAPL,491.70001
2013-08-29,MSFT,33.55
2013-08-30,AAPL,487.216
2013-08-30,MSFT,33.4
2013-09-03,AAPL,488.57999
2013-09-03,MSFT,31.88
2013-09-04,AAPL,498.69101
2013-09-04,MSFT,31.195
2013-09-05,AAPL,495.26999
2013-09-05,MSFT,31.235
2013-09-06,AAPL,498.22
2013-09-06,MSFT,31.152
2013-09-09,AAPL,506.17001
2013-09-09,MSFT,31.655
2013-09-10,AAPL,494.64001
2013-09-10,MSFT,32.39
2013-09-11,AAPL,467.70999
2013-09-11,MSFT,32.74
2013-09-12,AAPL,472.69
2013-09-12,MSFT,32.69
2013-09-13,AAPL,464.89999
2013-09-13,MSFT,33.03
2013-09-16,AAPL,450.12
2013-09-16,MSFT,32.801
2013-09-17,AAPL,455.32001
2013-09-17,MSFT,32.93
2013-09-18,AAPL,464.67999
2013-09-18,MSFT,33.32
2013-09-19,AAPL,472.29999
2013-09-19,MSFT,33.64
2013-09-20,AAPL,467.41
2013-09-20,MSFT,32.791
2013-09-23,AAPL,490.64001
2013-09-23,MSFT,32.74
2013-09-24,AAPL,489.10001
2013-09-24,MSFT,32.455
2013-09-25,AAPL,481.53
2013-09-25,MSFT,32.505
2013-09-26,AAPL,486.22
2013-09-26,MSFT,32.77
2013-09-27,AAPL,482.75
2013-09-27,MSFT,33.27
2013-09-30,AAPL,476.75
2013-09-30,MSFT,33.28
2013-10-01,AAPL,487.95999
2013-10-01,MSFT,33.58
2013-10-02,AAPL,489.56
2013-10-02,MSFT,33.92
2013-10-03,AAPL,483.41
2013-10-03,MSFT,33.86
2013-10-04,AAPL,483.03
2013-10-04,MSFT,33.88
2013-10-07,AAPL,487.75
2013-10-07,MSFT,33.3
2013-10-08,AAPL,480.94
2013-10-08,MSFT,33.01
2013-10-09,AAPL,486.58801
2013-10-09,MSFT,33.07
2013-10-10,AAPL,489.638
2013-10-10,MSFT,33.76
2013-10-11,AAPL,492.81201
2013-10-11,MSFT,34.13
2013-10-14,AAPL,496.04001
2013-10-14,MSFT,34.45
2013-10-15,AAPL,498.67999
2013-10-15,MSFT,34.49
2013-10-16,AAPL,501.11401
2013-10-16,MSFT,34.64
2013-10-17,AAPL,504.5
2013-10-17,MSFT,34.92
2013-10-18,AAPL,508.89001
2013-10-18,MSFT,34.96
2013-10-21,AAPL,521.362
2013-10-21,MSFT,34.99
2013-10-22,AAPL,519.86749
2013-10-22,MSFT,34.58
2013-10-23,AAPL,524.96002
2013-10-23,MSFT,33.76
2013-10-24,AAPL,531.90997
2013-10-24,MSFT,33.72
2013-10-25,AAPL,525.95801
2013-10-25,MSFT,35.73
2013-10-28,AAPL,529.87598
2013-10-28,MSFT,35.57
2013-10-29,AAPL,516.67798
2013-10-29,MSFT,35.52
2013-10-30,AAPL,524.896
2013-10-30,MSFT,35.54
2013-10-31,AAPL,522.70203
2013-10-31,MSFT,35.405
2013-11-01,AAPL,520.03003
2013-11-01,MSFT,35.525
2013-11-04,AAPL,526.75
2013-11-04,MSFT,35.94
2013-11-05,AAPL,525.44897
2013-11-05,MSFT,36.64
2013-11-06,AAPL,520.91998
2013-11-06,MSFT,38.18
2013-11-07,AAPL,512.492
2013-11-07,MSFT,37.5
2013-11-08,AAPL,520.56
2013-11-08,MSFT,37.78
2013-11-11,AAPL,519.04797
2013-11-11,MSFT,37.59
2013-11-12,AAPL,520.01001
2013-11-12,MSFT,37.36
2013-11-13,AAPL,520.63397
2013-11-13,MSFT,38.155
2013-11-14,AAPL,528.15997
2013-11-14,MSFT,38.021
2013-11-15,AAPL,524.99103
2013-11-15,MSFT,37.841
2013-11-18,AAPL,518.62903
2013-11-18,MSFT,37.2
2013-11-19,AAPL,519.54999
2013-11-19,MSFT,36.74
2013-11-20,AAPL,515.0
2013-11-20,MSFT,37.08
2013-11-21,AAPL,521.13599
2013-11-21,MSFT,37.4
2013-11-22,AAPL,519.79999
2013-11-22,MSFT,37.57
2013-11-25,AAPL,523.73999
2013-11-25,MSFT,37.64
2013-11-26,AAPL,533.40002
2013-11-26,MSFT,37.35
2013-11-27,AAPL,545.96002
2013-11-27,MSFT,37.6
2013-11-29,AAPL,556.07001
2013-11-29,MSFT,38.13
2013-12-02,AAPL,551.22998
2013-12-02,MSFT,38.45
2013-12-03,AAPL,566.32202
2013-12-03,MSFT,38.31
2013-12-04,AAPL,565.0
2013-12-04,MSFT,38.94
2013-12-05,AAPL,567.901
2013-12-05,MSFT,38.0
2013-12-06,AAPL,560.02002
2013-12-06,MSFT,38.36
2013-12-09,AAPL,566.42999
2013-12-09,MSFT,38.705
2013-12-10,AAPL,565.54999
2013-12-10,MSFT,38.11
2013-12-11,AAPL,561.35999
2013-12-11,MSFT,37.61
2013-12-12,AAPL,560.53998
2013-12-12,MSFT,37.22
2013-12-13,AAPL,554.42999
2013-12-13,MSFT,36.69
2013-12-16,AAPL,557.5
2013-12-16,MSFT,36.885
2013-12-17,AAPL,554.98999
2013-12-17,MSFT,36.52
2013-12-18,AAPL,550.77002
2013-12-18,MSFT,36.58
2013-12-19,AAPL,544.46002
2013-12-19,MSFT,36.25
2013-12-20,AAPL,549.02002
2013-12-20,MSFT,36.8
2013-12-23,AAPL,570.09003
2013-12-23,MSFT,36.62
2013-12-24,AAPL,567.66998
2013-12-24,MSFT,37.08
2013-12-26,AAPL,563.90002
2013-12-26,MSFT,37.44
2013-12-27,AAPL,560.09003
2013-12-27,MSFT,37.29
2013-12-30,AAPL,554.52002
2013-12-30,MSFT,37.29
2013-12-31,AAPL,561.02002
2013-12-31,MSFT,37.41
2014-01-02,AAPL,553.13
2014-01-02,MSFT,37.16
2014-01-03,AAPL,540.97998
2014-01-03,MSFT,36.91
2014-01-06,AAPL,543.92999
2014-01-06,MSFT,36.13
2014-01-07,AAPL,540.03748
2014-01-07,MSFT,36.41
2014-01-08,AAPL,543.46002
2014-01-08,MSFT,35.76
2014-01-09,AAPL,536.51898
2014-01-09,MSFT,35.53
2014-01-10,AAPL,532.94
2014-01-10,MSFT,36.04
2014-01-13,AAPL,535.72998
2014-01-13,MSFT,34.98
2014-01-14,AAPL,546.39001
2014-01-14,MSFT,35.78
2014-01-15,AAPL,557.35999
2014-01-15,MSFT,36.76
2014-01-16,AAPL,554.25
2014-01-16,MSFT,36.89
2014-01-17,AAPL,540.66998
2014-01-17,MSFT,36.38
2014-01-21,AAPL,549.07001
2014-01-21,MSFT,36.17
2014-01-22,AAPL,551.51001
2014-01-22,MSFT,35.93
2014-01-23,AAPL,556.17999
2014-01-23,MSFT,36.055
2014-01-24,AAPL,546.07001
2014-01-24,MSFT,36.805
2014-01-27,AAPL,550.5
2014-01-27,MSFT,36.03
2014-01-28,AAPL,506.5
2014-01-28,MSFT,36.27
2014-01-29,AAPL,500.75
2014-01-29,MSFT,36.66
2014-01-30,AAPL,499.78201
2014-01-30,MSFT,36.86
2014-01-31,AAPL,500.60001
2014-01-31,MSFT,37.84
2014-02-03,AAPL,501.53
2014-02-03,MSFT,36.48
2014-02-04,AAPL,508.79001
2014-02-04,MSFT,36.35
2014-02-05,AAPL,512.59003
2014-02-05,MSFT,35.82
2014-02-06,AAPL,512.51001
2014-02-06,MSFT,36.18
2014-02-07,AAPL,519.67999
2014-02-07,MSFT,36.56
2014-02-10,AAPL,528.98999
2014-02-10,MSFT,36.8
2014-02-11,AAPL,535.96002
2014-02-11,MSFT,37.175
2014-02-12,AAPL,535.91998
2014-02-12,MSFT,37.47
2014-02-13,AAPL,544.42999
2014-02-13,MSFT,37.61
2014-02-14,AAPL,543.98999
2014-02-14,MSFT,37.62
2014-02-18,AAPL,545.98999
2014-02-18,MSFT,37.42
2014-02-19,AAPL,537.37
2014-02-19,MSFT,37.51
2014-02-20,AAPL,531.15002
2014-02-20,MSFT,37.75
2014-02-21,AAPL,525.25
2014-02-21,MSFT,37.98
2014-02-24,AAPL,527.54999
2014-02-24,MSFT,37.69
2014-02-25,AAPL,522.06
2014-02-25,MSFT,37.54
2014-02-26,AAPL,517.34998
2014-02-26,MSFT,37.47
2014-02-27,AAPL,527.66998
2014-02-27,MSFT,37.86
2014-02-28,AAPL,526.23999
2014-02-28,MSFT,38.31
2014-03-03,AAPL,527.76001
2014-03-03,MSFT,37.78
2014-03-04,AAPL,531.23999
2014-03-04,MSFT,38.41
2014-03-05,AAPL,532.35999
2014-03-05,MSFT,38.11
2014-03-06,AAPL,530.75
2014-03-06,MSFT,38.15
2014-03-07,AAPL,530.44
2014-03-07,MSFT,37.9
2014-03-10,AAPL,530.91998
2014-03-10,MSFT,37.82
2014-03-11,AAPL,536.09003
2014-03-11,MSFT,38.02
2014-03-12,AAPL,536.60999
2014-03-12,MSFT,38.27
2014-03-13,AAPL,530.65002
2014-03-13,MSFT,37.89
2014-03-14,AAPL,524.69
2014-03-14,MSFT,37.7
2014-03-17,AAPL,526.73999
2014-03-17,MSFT,38.05
2014-03-18,AAPL,531.40002
2014-03-18,MSFT,39.55
2014-03-19,AAPL,531.26001
2014-03-19,MSFT,39.27
2014-03-20,AAPL,528.70001
2014-03-20,MSFT,40.33
2014-03-21,AAPL,532.87
2014-03-21,MSFT,40.16
2014-03-24,AAPL,539.19
2014-03-24,MSFT,40.5
2014-03-25,AAPL,544.98999
2014-03-25,MSFT,40.34
2014-03-26,AAPL,539.78003
2014-03-26,MSFT,39.79
2014-03-27,AAPL,537.46002
2014-03-27,MSFT,39.36
2014-03-28,AAPL,536.85999
2014-03-28,MSFT,40.3
2014-03-31,AAPL,536.73999
2014-03-31,MSFT,40.99
2014-04-01,AAPL,541.65002
2014-04-01,MSFT,41.42
2014-04-02,AAPL,542.54999
2014-04-02,MSFT,41.35
2014-04-03,AAPL,538.78998
2014-04-03,MSFT,41.01
2014-04-04,AAPL,531.82001
2014-04-04,MSFT,39.87
2014-04-07,AAPL,523.46997
2014-04-07,MSFT,39.8
2014-04-08,AAPL,523.44
2014-04-08,MSFT,39.82
2014-04-09,AAPL,530.32001
2014-04-09,MSFT,40.47
2014-04-10,AAPL,523.47998
2014-04-10,MSFT,39.36
2014-04-11,AAPL,519.60999
2014-04-11,MSFT,39.209
2014-04-14,AAPL,521.67999
2014-04-14,MSFT,39.18
2014-04-15,AAPL,517.9599
2014-04-15,MSFT,39.75
2014-04-16,AAPL,519.01001
2014-04-16,MSFT,40.4
2014-04-17,AAPL,524.94
2014-04-17,MSFT,40.01
2014-04-21,AAPL,531.16998
2014-04-21,MSFT,39.94
2014-04-22,AAPL,531.69897
2014-04-22,MSFT,39.99
2014-04-23,AAPL,524.75
2014-04-23,MSFT,39.69
2014-04-24,AAPL,567.77002
2014-04-24,MSFT,39.86
2014-04-25,AAPL,571.94
2014-04-25,MSFT,39.91
2014-04-28,AAPL,594.09003
2014-04-28,MSFT,40.87
2014-04-29,AAPL,592.33002
2014-04-29,MSFT,40.51
2014-04-30,AAPL,590.09003
2014-04-30,MSFT,40.4
2014-05-01,AAPL,591.47998
2014-05-01,MSFT,40.0
2014-05-02,AAPL,592.58002
2014-05-02,MSFT,39.69
2014-05-05,AAPL,600.96002
2014-05-05,MSFT,39.43
2014-05-06,AAPL,594.40997
2014-05-06,MSFT,39.06
2014-05-07,AAPL,592.33002
2014-05-07,MSFT,39.425
2014-05-08,AAPL,587.98999
2014-05-08,MSFT,39.64
2014-05-09,AAPL,585.54248
2014-05-09,MSFT,39.54
2014-05-12,AAPL,592.83002
2014-05-12,MSFT,39.97
2014-05-13,AAPL,593.76001
2014-05-13,MSFT,40.42
2014-05-14,AAPL,593.87
2014-05-14,MSFT,40.24
2014-05-15,AAPL,588.82001
2014-05-15,MSFT,39.6
2014-05-16,AAPL,597.51001
2014-05-16,MSFT,39.83
2014-05-19,AAPL,604.59003
2014-05-19,MSFT,39.75
2014-05-20,AAPL,604.71002
2014-05-20,MSFT,39.68
2014-05-21,AAPL,606.31
2014-05-21,MSFT,40.35
2014-05-22,AAPL,607.27002
2014-05-22,MSFT,40.1
2014-05-23,AAPL,614.13
2014-05-23,MSFT,40.12
2014-05-27,AAPL,625.63
2014-05-27,MSFT,40.19
2014-05-28,AAPL,624.01001
2014-05-28,MSFT,40.01
2014-05-29,AAPL,635.38
2014-05-29,MSFT,40.34
2014-05-30,AAPL,633.0
2014-05-30,MSFT,40.94
2014-06-02,AAPL,628.65002
2014-06-02,MSFT,40.79
2014-06-03,AAPL,637.53998
2014-06-03,MSFT,40.29
2014-06-04,AAPL,644.82001
2014-06-04,MSFT,40.32
2014-06-05,AAPL,647.34998
2014-06-05,MSFT,41.21
2014-06-06,AAPL,645.57001
2014-06-06,MSFT,41.48
2014-06-09,AAPL,93.7
2014-06-09,MSFT,41.27
2014-06-10,AAPL,94.25
2014-06-10,MSFT,41.11
2014-06-11,AAPL,93.86
2014-06-11,MSFT,40.86
2014-06-12,AAPL,92.29
2014-06-12,MSFT,40.58
2014-06-13,AAPL,91.28
2014-06-13,MSFT,41.23
2014-06-16,AAPL,92.2
2014-06-16,MSFT,41.5
2014-06-17,AAPL,92.08
2014-06-17,MSFT,41.68
2014-06-18,AAPL,92.18
2014-06-18,MSFT,41.65
2014-06-19,AAPL,91.86
2014-06-19,MSFT,41.51
2014-06-20,AAPL,90.91
2014-06-20,MSFT,41.68
2014-06-23,AAPL,90.83
2014-06-23,MSFT,41.99
2014-06-24,AAPL,90.28
2014-06-24,MSFT,41.745
2014-06-25,AAPL,90.36
2014-06-25,MSFT,42.03
2014-06-26,AAPL,90.9
2014-06-26,MSFT,41.72
2014-06-27,AAPL,91.98
2014-06-27,MSFT,42.25
2014-06-30,AAPL,92.93
2014-06-30,MSFT,41.7
2014-07-01,AAPL,93.52
2014-07-01,MSFT,41.87
2014-07-02,AAPL,93.48
2014-07-02,MSFT,41.9
2014-07-03,AAPL,94.03
2014-07-03,MSFT,41.8
2014-07-07,AAPL,95.968
2014-07-07,MSFT,41.99
2014-07-08,AAPL,95.35
2014-07-08,MSFT,41.78
2014-07-09,AAPL,95.39
2014-07-09,MSFT,41.67
2014-07-10,AAPL,95.035
2014-07-10,MSFT,41.685
2014-07-11,AAPL,95.22
2014-07-11,MSFT,42.09
2014-07-14,AAPL,96.45
2014-07-14,MSFT,42.14
2014-07-15,AAPL,95.32
2014-07-15,MSFT,42.45
2014-07-16,AAPL,94.78
2014-07-16,MSFT,44.08
2014-07-17,AAPL,93.0899
2014-07-17,MSFT,44.53
2014-07-18,AAPL,94.43
2014-07-18,MSFT,44.69
2014-07-21,AAPL,93.939
2014-07-21,MSFT,44.835
2014-07-22,AAPL,94.72
2014-07-22,MSFT,44.83
2014-07-23,AAPL,97.19
2014-07-23,MSFT,44.87
2014-07-24,AAPL,97.03
2014-07-24,MSFT,44.4
2014-07-25,AAPL,97.671
2014-07-25,MSFT,44.5
2014-07-28,AAPL,99.02
2014-07-28,MSFT,43.97
2014-07-29,AAPL,98.38
2014-07-29,MSFT,43.885
2014-07-30,AAPL,98.15
2014-07-30,MSFT,43.5785
2014-07-31,AAPL,95.6
2014-07-31,MSFT,43.16
2014-08-01,AAPL,96.13
2014-08-01,MSFT,42.86
2014-08-04,AAPL,95.59
2014-08-04,MSFT,43.37
2014-08-05,AAPL,95.12
2014-08-05,MSFT,43.08
2014-08-06,AAPL,94.96
2014-08-06,MSFT,42.74
2014-08-07,AAPL,94.48
2014-08-07,MSFT,43.23
2014-08-08,AAPL,94.74
2014-08-08,MSFT,43.2
2014-08-11,AAPL,95.99
2014-08-11,MSFT,43.2
2014-08-12,AAPL,95.97
2014-08-12,MSFT,43.52
2014-08-13,AAPL,97.24
2014-08-13,MSFT,44.08
2014-08-14,AAPL,97.5
2014-08-14,MSFT,44.27
2014-08-15,AAPL,97.98
2014-08-15,MSFT,44.79
2014-08-18,AAPL,99.16
2014-08-18,MSFT,45.11
2014-08-19,AAPL,100.53
2014-08-19,MSFT,45.33
2014-08-20,AAPL,100.57
2014-08-20,MSFT,44.95
2014-08-21,AAPL,100.58
2014-08-21,MSFT,45.22
2014-08-22,AAPL,101.32
2014-08-22,MSFT,45.15
2014-08-25,AAPL,101.54
2014-08-25,MSFT,45.17
2014-08-26,AAPL,100.889
2014-08-26,MSFT,45.005
2014-08-27,AAPL,102.13
2014-08-27,MSFT,44.87
2014-08-28,AAPL,102.25
2014-08-28,MSFT,44.88
2014-08-29,AAPL,102.5
2014-08-29,MSFT,45.43
2014-09-02,AAPL,103.3
2014-09-02,MSFT,45.09
2014-09-03,AAPL,98.94
2014-09-03,MSFT,44.96
2014-09-04,AAPL,98.12
2014-09-04,MSFT,45.26
2014-09-05,AAPL,98.97
2014-09-05,MSFT,45.91
2014-09-08,AAPL,98.36
2014-09-08,MSFT,46.47
2014-09-09,AAPL,97.99
2014-09-09,MSFT,46.76
2014-09-10,AAPL,101.0
2014-09-10,MSFT,46.84
2014-09-11,AAPL,101.43
2014-09-11,MSFT,47.0
2014-09-12,AAPL,101.66
2014-09-12,MSFT,46.695
2014-09-15,AAPL,101.63
2014-09-15,MSFT,46.24
2014-09-16,AAPL,100.86
2014-09-16,MSFT,46.76
2014-09-17,AAPL,101.58
2014-09-17,MSFT,46.52
2014-09-18,AAPL,101.79
2014-09-18,MSFT,46.68
2014-09-19,AAPL,100.96
2014-09-19,MSFT,47.52
2014-09-22,AAPL,101.06
2014-09-22,MSFT,47.06
2014-09-23,AAPL,102.64
2014-09-23,MSFT,46.56
2014-09-24,AAPL,101.75
2014-09-24,MSFT,47.08
2014-09-25,AAPL,97.87
2014-09-25,MSFT,46.04
2014-09-26,AAPL,100.75
2014-09-26,MSFT,46.41
2014-09-29,AAPL,100.11
2014-09-29,MSFT,46.44
2014-09-30,AAPL,100.75
2014-09-30,MSFT,46.36
2014-10-01,AAPL,99.18
2014-10-01,MSFT,45.9
2014-10-02,AAPL,99.9
2014-10-02,MSFT,45.76
2014-10-03,AAPL,99.62
2014-10-03,MSFT,46.09
2014-10-06,AAPL,99.62
2014-10-06,MSFT,46.09
2014-10-07,AAPL,98.75
2014-10-07,MSFT,45.53
2014-10-08,AAPL,100.8
2014-10-08,MSFT,46.78
2014-10-09,AAPL,101.02
2014-10-09,MSFT,45.85
2014-10-10,AAPL,100.73
2014-10-10,MSFT,44.03
2014-10-13,AAPL,99.81
2014-10-13,MSFT,43.65
2014-10-14,AAPL,98.75
2014-10-14,MSFT,43.73
2014-10-15,AAPL,97.54
2014-10-15,MSFT,43.22
2014-10-16,AAPL,96.26
2014-10-16,MSFT,42.74
2014-10-17,AAPL,97.67
2014-10-17,MSFT,43.63
2014-10-20,AAPL,99.76
2014-10-20,MSFT,44.08
2014-10-21,AAPL,102.47
2014-10-21,MSFT,44.88
2014-10-22,AAPL,102.99
2014-10-22,MSFT,44.38
2014-10-23,AAPL,104.83
2014-10-23,MSFT,45.02
2014-10-24,AAPL,105.22
2014-10-24,MSFT,46.13
2014-10-27,AAPL,105.11
2014-10-27,MSFT,45.91
2014-10-28,AAPL,106.74
2014-10-28,MSFT,46.49
2014-10-29,AAPL,107.34
2014-10-29,MSFT,46.62
2014-10-30,AAPL,106.98
2014-10-30,MSFT,46.05
2014-10-31,AAPL,108.0
2014-10-31,MSFT,46.95
2014-11-03,AAPL,109.4
2014-11-03,MSFT,47.44
2014-11-04,AAPL,108.6
2014-11-04,MSFT,47.57
2014-11-05,AAPL,108.86
2014-11-05,MSFT,47.86
2014-11-06,AAPL,108.7
2014-11-06,MSFT,48.7
2014-11-07,AAPL,109.01
2014-11-07,MSFT,48.68
2014-11-10,AAPL,108.83
2014-11-10,MSFT,48.89
2014-11-11,AAPL,109.7
2014-11-11,MSFT,48.87
2014-11-12,AAPL,111.25
2014-11-12,MSFT,48.78
2014-11-13,AAPL,112.82
2014-11-13,MSFT,49.61
2014-11-14,AAPL,114.18
2014-11-14,MSFT,49.58
2014-11-17,AAPL,113.99
2014-11-17,MSFT,49.46
2014-11-18,AAPL,115.47
2014-11-18,MSFT,48.74
2014-11-19,AAPL,114.67
2014-11-19,MSFT,48.22
2014-11-20,AAPL,116.31
2014-11-20,MSFT,48.7
2014-11-21,AAPL,116.47
2014-11-21,MSFT,47.98
2014-11-24,AAPL,118.625
2014-11-24,MSFT,47.59
2014-11-25,AAPL,117.6
2014-11-25,MSFT,47.47
2014-11-26,AAPL,119.0
2014-11-26,MSFT,47.75
2014-11-28,AAPL,118.93
2014-11-28,MSFT,47.81
2014-12-01,AAPL,115.07
2014-12-01,MSFT,48.62
2014-12-02,AAPL,114.63
2014-12-02,MSFT,48.46
2014-12-03,AAPL,115.93
2014-12-03,MSFT,48.08
2014-12-04,AAPL,115.49
2014-12-04,MSFT,48.84
2014-12-05,AAPL,115.0
2014-12-05,MSFT,48.42
2014-12-08,AAPL,112.4
2014-12-08,MSFT,47.695
2014-12-09,AAPL,114.12
2014-12-09,MSFT,47.59
2014-12-10,AAPL,111.95
2014-12-10,MSFT,46.9
2014-12-11,AAPL,111.62
2014-12-11,MSFT,47.17
2014-12-12,AAPL,109.73
2014-12-12,MSFT,46.95
2014-12-15,AAPL,108.225
2014-12-15,MSFT,46.67
2014-12-16,AAPL,106.745
2014-12-16,MSFT,45.16
2014-12-17,AAPL,109.41
2014-12-17,MSFT,45.74
2014-12-18,AAPL,112.65
2014-12-18,MSFT,47.52
2014-12-19,AAPL,111.78
2014-12-19,MSFT,47.66
2014-12-22,AAPL,112.94
2014-12-22,MSFT,47.98
2014-12-23,AAPL,112.54
2014-12-23,MSFT,48.45
2014-12-24,AAPL,112.01
2014-12-24,MSFT,48.14
2014-12-26,AAPL,113.99
2014-12-26,MSFT,47.88
2014-12-29,AAPL,113.91
2014-12-29,MSFT,47.45
2014-12-30,AAPL,112.52
2014-12-30,MSFT,47.02
2014-12-31,AAPL,110.38
2014-12-31,MSFT,46.45
2015-01-02,AAPL,109.33
2015-01-02,MSFT,46.76
2015-01-05,AAPL,106.25
2015-01-05,MSFT,46.325
2015-01-06,AAPL,106.26
2015-01-06,MSFT,45.65
2015-01-07,AAPL,107.75
2015-01-07,MSFT,46.23
2015-01-08,AAPL,111.89
2015-01-08,MSFT,47.59
2015-01-09,AAPL,112.01
2015-01-09,MSFT,47.19
2015-01-12,AAPL,109.25
2015-01-12,MSFT,46.6
2015-01-13,AAPL,110.22
2015-01-13,MSFT,46.355
2015-01-14,AAPL,109.8
2015-01-14,MSFT,45.955
2015-01-15,AAPL,106.82
2015-01-15,MSFT,45.48
2015-01-16,AAPL,105.99
2015-01-16,MSFT,46.24
2015-01-20,AAPL,108.72
2015-01-20,MSFT,46.39
2015-01-21,AAPL,109.55
2015-01-21,MSFT,45.92
2015-01-22,AAPL,112.4
2015-01-22,MSFT,47.13
2015-01-23,AAPL,112.98
2015-01-23,MSFT,47.18
2015-01-26,AAPL,113.1
2015-01-26,MSFT,47.01
2015-01-27,AAPL,109.14
2015-01-27,MSFT,42.66
2015-01-28,AAPL,115.31
2015-01-28,MSFT,41.19
2015-01-29,AAPL,118.9
2015-01-29,MSFT,42.01
2015-01-30,AAPL,117.16
2015-01-30,MSFT,40.4
2015-02-02,AAPL,118.63
2015-02-02,MSFT,41.28
2015-02-03,AAPL,118.65
2015-02-03,MSFT,41.6
2015-02-04,AAPL,119.56
2015-02-04,MSFT,41.84
2015-02-05,AAPL,119.94
2015-02-05,MSFT,42.45
2015-02-06,AAPL,118.93
2015-02-06,MSFT,42.41
2015-02-09,AAPL,119.72
2015-02-09,MSFT,42.36
2015-02-10,AAPL,122.02
2015-02-10,MSFT,42.6
2015-02-11,AAPL,124.88
2015-02-11,MSFT,42.38
2015-02-12,AAPL,126.46
2015-02-12,MSFT,43.09
2015-02-13,AAPL,127.08
2015-02-13,MSFT,43.87
2015-02-17,AAPL,127.83
2015-02-17,MSFT,43.58
2015-02-18,AAPL,128.715
2015-02-18,MSFT,43.53
2015-02-19,AAPL,128.45
2015-02-19,MSFT,43.5
2015-02-20,AAPL,129.495
2015-02-20,MSFT,43.855
2015-02-23,AAPL,133.0
2015-02-23,MSFT,44.15
2015-02-24,AAPL,132.17
2015-02-24,MSFT,44.09
2015-02-25,AAPL,128.78999
2015-02-25,MSFT,43.99
2015-02-26,AAPL,130.41499
2015-02-26,MSFT,44.055
2015-02-27,AAPL,128.46001
2015-02-27,MSFT,43.85
2015-03-02,AAPL,129.09
2015-03-02,MSFT,43.88
2015-03-03,AAPL,129.36
2015-03-03,MSFT,43.28
2015-03-04,AAPL,128.53999
2015-03-04,MSFT,43.055
2015-03-05,AAPL,126.41
2015-03-05,MSFT,43.11
2015-03-06,AAPL,126.6
2015-03-06,MSFT,42.36
2015-03-09,AAPL,127.14
2015-03-09,MSFT,42.85
2015-03-10,AAPL,124.51
2015-03-10,MSFT,42.03
2015-03-11,AAPL,122.24
2015-03-11,MSFT,41.98
2015-03-12,AAPL,124.45
2015-03-12,MSFT,41.02
2015-03-13,AAPL,123.59
2015-03-13,MSFT,41.38
2015-03-16,AAPL,124.95
2015-03-16,MSFT,41.56
2015-03-17,AAPL,127.04
2015-03-17,MSFT,41.695
2015-03-18,AAPL,128.47
2015-03-18,MSFT,42.5
2015-03-19,AAPL,127.495
2015-03-19,MSFT,42.285
2015-03-20,AAPL,125.9
2015-03-20,MSFT,42.88
2015-03-23,AAPL,127.21
2015-03-23,MSFT,42.855
2015-03-24,AAPL,126.69
2015-03-24,MSFT,42.9
2015-03-25,AAPL,123.38
2015-03-25,MSFT,41.46
2015-03-26,AAPL,124.24
2015-03-26,MSFT,41.21
2015-03-27,AAPL,123.25
2015-03-27,MSFT,40.97
2015-03-30,AAPL,126.37
2015-03-30,MSFT,40.96
2015-03-31,AAPL,124.43
2015-03-31,MSFT,40.655
2015-04-01,AAPL,124.25
2015-04-01,MSFT,40.72
2015-04-02,AAPL,125.32
2015-04-02,MSFT,40.29
2015-04-06,AAPL,127.35
2015-04-06,MSFT,41.545
2015-04-07,AAPL,126.01
2015-04-07,MSFT,41.53
2015-04-08,AAPL,125.6
2015-04-08,MSFT,41.42
2015-04-09,AAPL,126.56
2015-04-09,MSFT,41.48
2015-04-10,AAPL,127.1
2015-04-10,MSFT,41.72
2015-04-13,AAPL,126.85
2015-04-13,MSFT,41.76
2015-04-14,AAPL,126.3
2015-04-14,MSFT,41.65
2015-04-15,AAPL,126.78
2015-04-15,MSFT,42.255
2015-04-16,AAPL,126.17
2015-04-16,MSFT,42.16
2015-04-17,AAPL,124.75
2015-04-17,MSFT,41.615
2015-04-20,AAPL,127.6
2015-04-20,MSFT,42.905
2015-04-21,AAPL,126.91
2015-04-21,MSFT,42.635
2015-04-22,AAPL,128.62
2015-04-22,MSFT,42.985
2015-04-23,AAPL,129.67
2015-04-23,MSFT,43.34
2015-04-24,AAPL,130.28
2015-04-24,MSFT,47.87
2015-04-27,AAPL,132.64999
2015-04-27,MSFT,48.03
2015-04-28,AAPL,130.56
2015-04-28,MSFT,49.155
2015-04-29,AAPL,128.64
2015-04-29,MSFT,49.06
2015-04-30,AAPL,125.15
2015-04-30,MSFT,48.64
2015-05-01,AAPL,128.95
2015-05-01,MSFT,48.655
2015-05-04,AAPL,128.7
2015-05-04,MSFT,48.24
2015-05-05,AAPL,125.8
2015-05-05,MSFT,47.6
2015-05-06,AAPL,125.01
2015-05-06,MSFT,46.28
2015-05-07,AAPL,125.26
2015-05-07,MSFT,46.7
2015-05-08,AAPL,127.62
2015-05-08,MSFT,47.75
2015-05-11,AAPL,126.32
2015-05-11,MSFT,47.37
2015-05-12,AAPL,125.865
2015-05-12,MSFT,47.35
2015-05-13,AAPL,126.01
2015-05-13,MSFT,47.625
2015-05-14,AAPL,128.95
2015-05-14,MSFT,48.72
2015-05-15,AAPL,128.77
2015-05-15,MSFT,48.295
2015-05-18,AAPL,130.19
2015-05-18,MSFT,48.01
2015-05-19,AAPL,130.07001
2015-05-19,MSFT,47.58
2015-05-20,AAPL,130.06
2015-05-20,MSFT,47.58
2015-05-21,AAPL,131.39
2015-05-21,MSFT,47.42
2015-05-22,AAPL,132.53999
2015-05-22,MSFT,46.9
2015-05-26,AAPL,129.62
2015-05-26,MSFT,46.59
2015-05-27,AAPL,132.045
2015-05-27,MSFT,47.61
2015-05-28,AAPL,131.78
2015-05-28,MSFT,47.45
2015-05-29,AAPL,130.28
2015-05-29,MSFT,46.86
2015-06-01,AAPL,130.535
2015-06-01,MSFT,47.23
2015-06-02,AAPL,129.96001
2015-06-02,MSFT,46.92
2015-06-03,AAPL,130.12
2015-06-03,MSFT,46.85
2015-06-04,AAPL,129.36
2015-06-04,MSFT,46.36
2015-06-05,AAPL,128.64999
2015-06-05,MSFT,46.14
2015-06-08,AAPL,127.8
2015-06-08,MSFT,45.73
2015-06-09,AAPL,127.42
2015-06-09,MSFT,45.65
2015-06-10,AAPL,128.88
2015-06-10,MSFT,46.61
2015-06-11,AAPL,128.59
2015-06-11,MSFT,46.44
2015-06-12,AAPL,127.17
2015-06-12,MSFT,45.97
2015-06-15,AAPL,126.92
2015-06-15,MSFT,45.475
2015-06-16,AAPL,127.6
2015-06-16,MSFT,45.83
2015-06-17,AAPL,127.3
2015-06-17,MSFT,45.97
2015-06-18,AAPL,127.88
2015-06-18,MSFT,46.72
2015-06-19,AAPL,126.6
2015-06-19,MSFT,46.1
2015-06-22,AAPL,127.61
2015-06-22,MSFT,46.23
2015-06-23,AAPL,127.03
2015-06-23,MSFT,45.91
2015-06-24,AAPL,128.11
2015-06-24,MSFT,45.635
2015-06-25,AAPL,127.5
2015-06-25,MSFT,45.65
2015-06-26,AAPL,126.75
2015-06-26,MSFT,45.26
2015-06-29,AAPL,124.53
2015-06-29,MSFT,44.37
2015-06-30,AAPL,125.425
2015-06-30,MSFT,44.15
2015-07-01,AAPL,126.6
2015-07-01,MSFT,44.445
2015-07-02,AAPL,126.44
2015-07-02,MSFT,44.4
2015-07-06,AAPL,126.0
2015-07-06,MSFT,44.39
2015-07-07,AAPL,125.69
2015-07-07,MSFT,44.3
2015-07-08,AAPL,122.57
2015-07-08,MSFT,44.24
2015-07-09,AAPL,120.07
2015-07-09,MSFT,44.52
2015-07-10,AAPL,123.28
2015-07-10,MSFT,44.61
2015-07-13,AAPL,125.66
2015-07-13,MSFT,45.54
2015-07-14,AAPL,125.61
2015-07-14,MSFT,45.62
2015-07-15,AAPL,126.82
2015-07-15,MSFT,45.76
2015-07-16,AAPL,128.50999
2015-07-16,MSFT,46.66
2015-07-17,AAPL,129.62
2015-07-17,MSFT,46.62
2015-07-20,AAPL,132.07001
2015-07-20,MSFT,46.92
2015-07-21,AAPL,130.75
2015-07-21,MSFT,47.28
2015-07-22,AAPL,125.22
2015-07-22,MSFT,45.54
2015-07-23,AAPL,125.16
2015-07-23,MSFT,46.11
2015-07-24,AAPL,124.5
2015-07-24,MSFT,45.94
2015-07-27,AAPL,122.77
2015-07-27,MSFT,45.35
2015-07-28,AAPL,123.38
2015-07-28,MSFT,45.34
2015-07-29,AAPL,122.99
2015-07-29,MSFT,46.29
2015-07-30,AAPL,122.37
2015-07-30,MSFT,46.88
2015-07-31,AAPL,121.3
2015-07-31,MSFT,46.7
2015-08-03,AAPL,118.44
2015-08-03,MSFT,46.81
2015-08-04,AAPL,114.64
2015-08-04,MSFT,47.54
2015-08-05,AAPL,115.4
2015-08-05,MSFT,47.58
2015-08-06,AAPL,115.13
2015-08-06,MSFT,46.62
2015-08-07,AAPL,115.52
2015-08-07,MSFT,46.74
2015-08-10,AAPL,119.72
2015-08-10,MSFT,47.33
2015-08-11,AAPL,113.49
2015-08-11,MSFT,46.41
2015-08-12,AAPL,115.24
2015-08-12,MSFT,46.74
2015-08-13,AAPL,115.15
2015-08-13,MSFT,46.73
2015-08-14,AAPL,115.96
2015-08-14,MSFT,47.0
2015-08-17,AAPL,117.16
2015-08-17,MSFT,47.32
2015-08-18,AAPL,116.5
2015-08-18,MSFT,47.27
2015-08-19,AAPL,115.01
2015-08-19,MSFT,46.61
2015-08-20,AAPL,112.65
2015-08-20,MSFT,45.66
2015-08-21,AAPL,105.76
2015-08-21,MSFT,43.07
2015-08-24,AAPL,103.12
2015-08-24,MSFT,41.68
2015-08-25,AAPL,103.74
2015-08-25,MSFT,40.47
2015-08-26,AAPL,109.69
2015-08-26,MSFT,42.71
2015-08-27,AAPL,112.92
2015-08-27,MSFT,43.9
2015-08-28,AAPL,113.29
2015-08-28,MSFT,43.93
2015-08-31,AAPL,112.76
2015-08-31,MSFT,43.52
2015-09-01,AAPL,107.72
2015-09-01,MSFT,41.82
2015-09-02,AAPL,112.34
2015-09-02,MSFT,43.36
2015-09-03,AAPL,110.37
2015-09-03,MSFT,43.5
2015-09-04,AAPL,109.27
2015-09-04,MSFT,42.61
2015-09-08,AAPL,112.31
2015-09-08,MSFT,43.89
2015-09-09,AAPL,110.15
2015-09-09,MSFT,43.07
2015-09-10,AAPL,112.57
2015-09-10,MSFT,43.29
2015-09-11,AAPL,114.21
2015-09-11,MSFT,43.48
2015-09-14,AAPL,115.31
2015-09-14,MSFT,43.04
2015-09-15,AAPL,116.28
2015-09-15,MSFT,43.98
2015-09-16,AAPL,116.41
2015-09-16,MSFT,44.3
2015-09-17,AAPL,113.92
2015-09-17,MSFT,44.25
2015-09-18,AAPL,113.45
2015-09-18,MSFT,43.48
2015-09-21,AAPL,115.21
2015-09-21,MSFT,44.11
2015-09-22,AAPL,113.4
2015-09-22,MSFT,43.9
2015-09-23,AAPL,114.32
2015-09-23,MSFT,43.87
2015-09-24,AAPL,115.0
2015-09-24,MSFT,43.91
2015-09-25,AAPL,114.71
2015-09-25,MSFT,43.94
2015-09-28,AAPL,112.44
2015-09-28,MSFT,43.29
2015-09-29,AAPL,109.06
2015-09-29,MSFT,43.44
2015-09-30,AAPL,110.3
2015-09-30,MSFT,44.26
2015-10-01,AAPL,109.58
2015-10-01,MSFT,44.61
2015-10-02,AAPL,110.38
2015-10-02,MSFT,45.57
2015-10-05,AAPL,110.78
2015-10-05,MSFT,46.63
2015-10-06,AAPL,111.31
2015-10-06,MSFT,46.75
2015-10-07,AAPL,110.78
2015-10-07,MSFT,46.8
2015-10-08,AAPL,109.5
2015-10-08,MSFT,47.45
2015-10-09,AAPL,112.12
2015-10-09,MSFT,47.11
2015-10-12,AAPL,111.6
2015-10-12,MSFT,47.0
2015-10-13,AAPL,111.79
2015-10-13,MSFT,46.89
2015-10-14,AAPL,110.21
2015-10-14,MSFT,46.68
2015-10-15,AAPL,111.86
2015-10-15,MSFT,47.01
2015-10-16,AAPL,111.04
2015-10-16,MSFT,47.51
2015-10-19,AAPL,111.73
2015-10-19,MSFT,47.62
2015-10-20,AAPL,113.77
2015-10-20,MSFT,47.77
2015-10-21,AAPL,113.76
2015-10-21,MSFT,47.2
2015-10-22,AAPL,115.5
2015-10-22,MSFT,48.03
2015-10-23,AAPL,119.08
2015-10-23,MSFT,52.87
2015-10-26,AAPL,115.28
2015-10-26,MSFT,54.25
2015-10-27,AAPL,114.55
2015-10-27,MSFT,53.69
2015-10-28,AAPL,119.27
2015-10-28,MSFT,53.98
2015-10-29,AAPL,120.53
2015-10-29,MSFT,53.36
2015-10-30,AAPL,119.5
2015-10-30,MSFT,52.64
2015-11-02,AAPL,121.18
2015-11-02,MSFT,53.24
2015-11-03,AAPL,122.57
2015-11-03,MSFT,54.15
2015-11-04,AAPL,122.0
2015-11-04,MSFT,54.4
2015-11-05,AAPL,120.92
2015-11-05,MSFT,54.38
2015-11-06,AAPL,121.06
2015-11-06,MSFT,54.92
2015-11-09,AAPL,120.57
2015-11-09,MSFT,54.16
2015-11-10,AAPL,116.77
2015-11-10,MSFT,53.51
2015-11-11,AAPL,116.11
2015-11-11,MSFT,53.65
2015-11-12,AAPL,115.72
2015-11-12,MSFT,53.32
2015-11-13,AAPL,112.34
2015-11-13,MSFT,52.84
2015-11-16,AAPL,114.175
2015-11-16,MSFT,53.765
2015-11-17,AAPL,113.69
2015-11-17,MSFT,52.97
2015-11-18,AAPL,117.29
2015-11-18,MSFT,53.85
2015-11-19,AAPL,118.78
2015-11-19,MSFT,53.94
2015-11-20,AAPL,119.3
2015-11-20,MSFT,54.19
2015-11-23,AAPL,117.75
2015-11-23,MSFT,54.19
2015-11-24,AAPL,118.88
2015-11-24,MSFT,54.25
2015-11-25,AAPL,118.03
2015-11-25,MSFT,53.69
2015-11-27,AAPL,117.81
2015-11-27,MSFT,53.93
2015-11-30,AAPL,118.3
2015-11-30,MSFT,54.35
2015-12-01,AAPL,117.34
2015-12-01,MSFT,55.22
2015-12-02,AAPL,116.28
2015-12-02,MSFT,55.21
2015-12-03,AAPL,115.2
2015-12-03,MSFT,54.2
2015-12-04,AAPL,119.03
2015-12-04,MSFT,55.91
2015-12-07,AAPL,118.28
2015-12-07,MSFT,55.81
2015-12-08,AAPL,118.23
2015-12-08,MSFT,55.79
2015-12-09,AAPL,115.62
2015-12-09,MSFT,54.98
2015-12-10,AAPL,116.17
2015-12-10,MSFT,55.27
2015-12-11,AAPL,113.18
2015-12-11,MSFT,54.06
2015-12-14,AAPL,112.48
2015-12-14,MSFT,55.14
2015-12-15,AAPL,110.49
2015-12-15,MSFT,55.2
2015-12-16,AAPL,111.34
2015-12-16,MSFT,56.13
2015-12-17,AAPL,108.98
2015-12-17,MSFT,55.7
2015-12-18,AAPL,106.03
2015-12-18,MSFT,54.13
2015-12-21,AAPL,107.33
2015-12-21,MSFT,54.83
2015-12-22,AAPL,107.23
2015-12-22,MSFT,55.35
2015-12-23,AAPL,108.61
2015-12-23,MSFT,55.82
2015-12-24,AAPL,108.03
2015-12-24,MSFT,55.67
2015-12-28,AAPL,106.82
2015-12-28,MSFT,55.95
2015-12-29,AAPL,108.74
2015-12-29,MSFT,56.55
2015-12-30,AAPL,107.32
2015-12-30,MSFT,56.31
2015-12-31,AAPL,105.26
2015-12-31,MSFT,55.48
2016-01-04,AAPL,105.35
2016-01-04,MSFT,54.8
2016-01-05,AAPL,102.71
2016-01-05,MSFT,55.05
2016-01-06,AAPL,100.7
2016-01-06,MSFT,54.05
2016-01-07,AAPL,96.45
2016-01-07,MSFT,52.17
2016-01-08,AAPL,96.96
2016-01-08,MSFT,52.33
2016-01-11,AAPL,98.53
2016-01-11,MSFT,52.3
2016-01-12,AAPL,99.96
2016-01-12,MSFT,52.78
2016-01-13,AAPL,97.39
2016-01-13,MSFT,51.64
2016-01-14,AAPL,99.52
2016-01-14,MSFT,53.11
2016-01-15,AAPL,97.13
2016-01-15,MSFT,50.99
2016-01-19,AAPL,96.66
2016-01-19,MSFT,50.56
2016-01-20,AAPL,96.79
2016-01-20,MSFT,50.79
2016-01-21,AAPL,96.3
2016-01-21,MSFT,50.48
2016-01-22,AAPL,101.42
2016-01-22,MSFT,52.29
2016-01-25,AAPL,99.44
2016-01-25,MSFT,51.79
2016-01-26,AAPL,99.99
2016-01-26,MSFT,52.17
2016-01-27,AAPL,93.42
2016-01-27,MSFT,51.22
2016-01-28,AAPL,94.09
2016-01-28,MSFT,52.055
2016-01-29,AAPL,97.34
2016-01-29,MSFT,55.09
2016-02-01,AAPL,96.43
2016-02-01,MSFT,54.71
2016-02-02,AAPL,94.48
2016-02-02,MSFT,53.0
2016-02-03,AAPL,96.35
2016-02-03,MSFT,52.16
2016-02-04,AAPL,96.6
2016-02-04,MSFT,52.0
2016-02-05,AAPL,94.02
2016-02-05,MSFT,50.16
2016-02-08,AAPL,95.01
2016-02-08,MSFT,49.41
2016-02-09,AAPL,94.99
2016-02-09,MSFT,49.28
2016-02-10,AAPL,94.27
2016-02-10,MSFT,49.71
2016-02-11,AAPL,93.7
2016-02-11,MSFT,49.69
2016-02-12,AAPL,93.99
2016-02-12,MSFT,50.5
2016-02-16,AAPL,96.64
2016-02-16,MSFT,51.09
2016-02-17,AAPL,98.12
2016-02-17,MSFT,52.42
2016-02-18,AAPL,96.26
2016-02-18,MSFT,52.19
2016-02-19,AAPL,96.04
2016-02-19,MSFT,51.82
2016-02-22,AAPL,96.88
2016-02-22,MSFT,52.65
2016-02-23,AAPL,94.69
2016-02-23,MSFT,51.18
2016-02-24,AAPL,96.1
2016-02-24,MSFT,51.36
2016-02-25,AAPL,96.76
2016-02-25,MSFT,52.1
2016-02-26,AAPL,96.91
2016-02-26,MSFT,51.3
2016-02-29,AAPL,96.69
2016-02-29,MSFT,50.88
2016-03-01,AAPL,100.53
2016-03-01,MSFT,52.58
2016-03-02,AAPL,100.75
2016-03-02,MSFT,52.95
2016-03-03,AAPL,101.5
2016-03-03,MSFT,52.35
2016-03-04,AAPL,103.01
2016-03-04,MSFT,52.03
2016-03-07,AAPL,101.87
2016-03-07,MSFT,51.03
2016-03-08,AAPL,101.03
2016-03-08,MSFT,51.65
2016-03-09,AAPL,101.12
2016-03-09,MSFT,52.84
2016-03-10,AAPL,101.17
2016-03-10,MSFT,52.05
2016-03-11,AAPL,102.26
2016-03-11,MSFT,53.07
2016-03-14,AAPL,102.52
2016-03-14,MSFT,53.17
2016-03-15,AAPL,104.58
2016-03-15,MSFT,53.59
2016-03-16,AAPL,105.97
2016-03-16,MSFT,54.35
2016-03-17,AAPL,105.8
2016-03-17,MSFT,54.66
2016-03-18,AAPL,105.92
2016-03-18,MSFT,53.49
2016-03-21,AAPL,105.91
2016-03-21,MSFT,53.86
2016-03-22,AAPL,106.72
2016-03-22,MSFT,54.07
2016-03-23,AAPL,106.13
2016-03-23,MSFT,53.97
2016-03-24,AAPL,105.67
2016-03-24,MSFT,54.21
2016-03-28,AAPL,105.19
2016-03-28,MSFT,53.54
2016-03-29,AAPL,107.68
2016-03-29,MSFT,54.71
2016-03-30,AAPL,109.56
2016-03-30,MSFT,55.05
2016-03-31,AAPL,108.99
2016-03-31,MSFT,55.23
2016-04-01,AAPL,109.99
2016-04-01,MSFT,55.57
2016-04-04,AAPL,111.12
2016-04-04,MSFT,55.43
2016-04-05,AAPL,109.81
2016-04-05,MSFT,54.56
2016-04-06,AAPL,110.96
2016-04-06,MSFT,55.12
2016-04-07,AAPL,108.54
2016-04-07,MSFT,54.46
2016-04-08,AAPL,108.66
2016-04-08,MSFT,54.42
2016-04-11,AAPL,109.02
2016-04-11,MSFT,54.31
2016-04-12,AAPL,110.44
2016-04-12,MSFT,54.65
2016-04-13,AAPL,112.04
2016-04-13,MSFT,55.35
2016-04-14,AAPL,112.1
2016-04-14,MSFT,55.36
2016-04-15,AAPL,109.85
2016-04-15,MSFT,55.65
2016-04-18,AAPL,107.48
2016-04-18,MSFT,56.46
2016-04-19,AAPL,106.91
2016-04-19,MSFT,56.39
2016-04-20,AAPL,107.13
2016-04-20,MSFT,55.59
2016-04-21,AAPL,105.97
2016-04-21,MSFT,55.78
2016-04-22,AAPL,105.68
2016-04-22,MSFT,51.78
2016-04-25,AAPL,105.08
2016-04-25,MSFT,52.11
2016-04-26,AAPL,104.35
2016-04-26,MSFT,51.44
2016-04-27,AAPL,97.82
2016-04-27,MSFT,50.94
2016-04-28,AAPL,94.83
2016-04-28,MSFT,49.9
2016-04-29,AAPL,93.74
2016-04-29,MSFT,49.87
2016-05-02,AAPL,93.64
2016-05-02,MSFT,50.61
2016-05-03,AAPL,95.18
2016-05-03,MSFT,49.78
2016-05-04,AAPL,94.19
2016-05-04,MSFT,49.87
2016-05-05,AAPL,93.24
2016-05-05,MSFT,49.94
2016-05-06,AAPL,92.72
2016-05-06,MSFT,50.39
2016-05-09,AAPL,92.79
2016-05-09,MSFT,50.07
2016-05-10,AAPL,93.42
2016-05-10,MSFT,51.02
2016-05-11,AAPL,92.51
2016-05-11,MSFT,51.05
2016-05-12,AAPL,90.34
2016-05-12,MSFT,51.51
2016-05-13,AAPL,90.52
2016-05-13,MSFT,51.08
2016-05-16,AAPL,93.88
2016-05-16,MSFT,51.83
2016-05-17,AAPL,93.49
2016-05-17,MSFT,50.51
2016-05-18,AAPL,94.56
2016-05-18,MSFT,50.81
2016-05-19,AAPL,94.2
2016-05-19,MSFT,50.32
2016-05-20,AAPL,95.22
2016-05-20,MSFT,50.62
2016-05-23,AAPL,96.43
2016-05-23,MSFT,50.03
2016-05-24,AAPL,97.9
2016-05-24,MSFT,51.59
2016-05-25,AAPL,99.62
2016-05-25,MSFT,52.12
2016-05-26,AAPL,100.41
2016-05-26,MSFT,51.89
2016-05-27,AAPL,100.35
2016-05-27,MSFT,52.32
2016-05-31,AAPL,99.86
2016-05-31,MSFT,53.0
2016-06-01,AAPL,98.46
2016-06-01,MSFT,52.85
2016-06-02,AAPL,97.72
2016-06-02,MSFT,52.48
2016-06-03,AAPL,97.92
2016-06-03,MSFT,51.79
2016-06-06,AAPL,98.63
2016-06-06,MSFT,52.13
2016-06-07,AAPL,99.03
2016-06-07,MSFT,52.1
2016-06-08,AAPL,98.94
2016-06-08,MSFT,52.04
2016-06-09,AAPL,99.65
2016-06-09,MSFT,51.62
2016-06-10,AAPL,98.83
2016-06-10,MSFT,51.48
2016-06-13,AAPL,97.34
2016-06-13,MSFT,50.14
2016-06-14,AAPL,97.46
2016-06-14,MSFT,49.83
2016-06-15,AAPL,97.14
2016-06-15,MSFT,49.69
2016-06-16,AAPL,97.55
2016-06-16,MSFT,50.39
2016-06-17,AAPL,95.33
2016-06-17,MSFT,50.13
2016-06-20,AAPL,95.1
2016-06-20,MSFT,50.07
2016-06-21,AAPL,95.91
2016-06-21,MSFT,51.19
2016-06-22,AAPL,95.55
2016-06-22,MSFT,50.99
2016-06-23,AAPL,96.1
2016-06-23,MSFT,51.91
2016-06-24,AAPL,93.4
2016-06-24,MSFT,49.83
2016-06-27,AAPL,92.04
2016-06-27,MSFT,48.43
2016-06-28,AAPL,93.59
2016-06-28,MSFT,49.44
2016-06-29,AAPL,94.4
2016-06-29,MSFT,50.54
2016-06-30,AAPL,95.6
2016-06-30,MSFT,51.17
2016-07-01,AAPL,95.89
2016-07-01,MSFT,51.16
2016-07-05,AAPL,94.99
2016-07-05,MSFT,51.17
2016-07-06,AAPL,95.53
2016-07-06,MSFT,51.38
2016-07-07,AAPL,95.94
2016-07-07,MSFT,51.38
2016-07-08,AAPL,96.68
2016-07-08,MSFT,52.3
2016-07-11,AAPL,96.98
2016-07-11,MSFT,52.59
2016-07-12,AAPL,97.42
2016-07-12,MSFT,53.21
2016-07-13,AAPL,96.87
2016-07-13,MSFT,53.51
2016-07-14,AAPL,98.79
2016-07-14,MSFT,53.74
2016-07-15,AAPL,98.78
2016-07-15,MSFT,53.7
2016-07-18,AAPL,99.83
2016-07-18,MSFT,53.96
2016-07-19,AAPL,99.87
2016-07-19,MSFT,53.09
2016-07-20,AAPL,99.96
2016-07-20,MSFT,55.91
2016-07-21,AAPL,99.43
2016-07-21,MSFT,55.8
2016-07-22,AAPL,98.66
2016-07-22,MSFT,56.57
2016-07-25,AAPL,97.34
2016-07-25,MSFT,56.73
2016-07-26,AAPL,96.67
2016-07-26,MSFT,56.76
2016-07-27,AAPL,102.95
2016-07-27,MSFT,56.19
2016-07-28,AAPL,104.34
2016-07-28,MSFT,56.21
2016-07-29,AAPL,104.21
2016-07-29,MSFT,56.68
2016-08-01,AAPL,106.05
2016-08-01,MSFT,56.58
2016-08-02,AAPL,104.48
2016-08-02,MSFT,56.58
2016-08-03,AAPL,105.79
2016-08-03,MSFT,56.97
2016-08-04,AAPL,105.87
2016-08-04,MSFT,57.39
2016-08-05,AAPL,107.48
2016-08-05,MSFT,57.96
2016-08-08,AAPL,108.37
2016-08-08,MSFT,58.06
2016-08-09,AAPL,108.81
2016-08-09,MSFT,58.2
2016-08-10,AAPL,108.0
2016-08-10,MSFT,58.02
2016-08-11,AAPL,107.93
2016-08-11,MSFT,58.3
2016-08-12,AAPL,108.18
2016-08-12,MSFT,57.94
2016-08-15,AAPL,109.48
2016-08-15,MSFT,58.12
2016-08-16,AAPL,109.38
2016-08-16,MSFT,57.44
2016-08-17,AAPL,109.22
2016-08-17,MSFT,57.56
2016-08-18,AAPL,109.08
2016-08-18,MSFT,57.6
2016-08-19,AAPL,109.36
2016-08-19,MSFT,57.62
2016-08-22,AAPL,108.51
2016-08-22,MSFT,57.67
2016-08-23,AAPL,108.85
2016-08-23,MSFT,57.89
2016-08-24,AAPL,108.03
2016-08-24,MSFT,57.95
2016-08-25,AAPL,107.57
2016-08-25,MSFT,58.17
2016-08-26,AAPL,106.94
2016-08-26,MSFT,58.03
2016-08-29,AAPL,106.82
2016-08-29,MSFT,58.1
2016-08-30,AAPL,106.0
2016-08-30,MSFT,57.89
2016-08-31,AAPL,106.1
2016-08-31,MSFT,57.46
2016-09-01,AAPL,106.73
2016-09-01,MSFT,57.59
2016-09-02,AAPL,107.73
2016-09-02,MSFT,57.67
2016-09-06,AAPL,107.7
2016-09-06,MSFT,57.61
2016-09-07,AAPL,108.36
2016-09-07,MSFT,57.66
2016-09-08,AAPL,105.52
2016-09-08,MSFT,57.43
2016-09-09,AAPL,103.13
2016-09-09,MSFT,56.21
2016-09-12,AAPL,105.44
2016-09-12,MSFT,57.05
2016-09-13,AAPL,107.95
2016-09-13,MSFT,56.53
2016-09-14,AAPL,111.77
2016-09-14,MSFT,56.26
2016-09-15,AAPL,115.57
2016-09-15,MSFT,57.19
2016-09-16,AAPL,114.92
2016-09-16,MSFT,57.25
2016-09-19,AAPL,113.58
2016-09-19,MSFT,56.93
2016-09-20,AAPL,113.57
2016-09-20,MSFT,56.81
2016-09-21,AAPL,113.55
2016-09-21,MSFT,57.76
2016-09-22,AAPL,114.62
2016-09-22,MSFT,57.82
2016-09-23,AAPL,112.71
2016-09-23,MSFT,57.43
2016-09-26,AAPL,112.88
2016-09-26,MSFT,56.9
2016-09-27,AAPL,113.09
2016-09-27,MSFT,57.95
2016-09-28,AAPL,113.95
2016-09-28,MSFT,58.03
2016-09-29,AAPL,112.18
2016-09-29,MSFT,57.4
2016-09-30,AAPL,113.05
2016-09-30,MSFT,57.6
2016-10-03,AAPL,112.52
2016-10-03,MSFT,57.42
2016-10-04,AAPL,113.0
2016-10-04,MSFT,57.24
2016-10-05,AAPL,113.05
2016-10-05,MSFT,57.64
2016-10-06,AAPL,113.89
2016-10-06,MSFT,57.74
2016-10-07,AAPL,114.06
2016-10-07,MSFT,57.8
2016-10-10,AAPL,116.05
2016-10-10,MSFT,58.04
2016-10-11,AAPL,116.3
2016-10-11,MSFT,57.19
2016-10-12,AAPL,117.34
2016-10-12,MSFT,57.11
2016-10-13,AAPL,116.98
2016-10-13,MSFT,56.92
2016-10-14,AAPL,117.63
2016-10-14,MSFT,57.42
2016-10-17,AAPL,117.55
2016-10-17,MSFT,57.22
2016-10-18,AAPL,117.47
2016-10-18,MSFT,57.66
2016-10-19,AAPL,117.12
2016-10-19,MSFT,57.53
2016-10-20,AAPL,117.06
2016-10-20,MSFT,57.25
2016-10-21,AAPL,116.6
2016-10-21,MSFT,59.66
2016-10-24,AAPL,117.65
2016-10-24,MSFT,61.0
2016-10-25,AAPL,118.25
2016-10-25,MSFT,60.99
2016-10-26,AAPL,115.59
2016-10-26,MSFT,60.63
2016-10-27,AAPL,114.48
2016-10-27,MSFT,60.1
2016-10-28,AAPL,113.72
2016-10-28,MSFT,59.87
2016-10-31,AAPL,113.54
2016-10-31,MSFT,59.92
2016-11-01,AAPL,111.49
2016-11-01,MSFT,59.8
2016-11-02,AAPL,111.59
2016-11-02,MSFT,59.43
2016-11-03,AAPL,109.83
2016-11-03,MSFT,59.21
2016-11-04,AAPL,108.84
2016-11-04,MSFT,58.71
2016-11-07,AAPL,110.41
2016-11-07,MSFT,60.42
2016-11-08,AAPL,111.06
2016-11-08,MSFT,60.47
2016-11-09,AAPL,110.88
2016-11-09,MSFT,60.17
2016-11-10,AAPL,107.79
2016-11-10,MSFT,58.7
2016-11-11,AAPL,108.43
2016-11-11,MSFT,59.02
2016-11-14,AAPL,105.71
2016-11-14,MSFT,58.12
2016-11-15,AAPL,107.11
2016-11-15,MSFT,58.87
2016-11-16,AAPL,109.99
2016-11-16,MSFT,59.65
2016-11-17,AAPL,109.95
2016-11-17,MSFT,60.64
2016-11-18,AAPL,110.06
2016-11-18,MSFT,60.35
2016-11-21,AAPL,111.73
2016-11-21,MSFT,60.86
2016-11-22,AAPL,111.8
2016-11-22,MSFT,61.12
2016-11-23,AAPL,111.23
2016-11-23,MSFT,60.4
2016-11-25,AAPL,111.79
2016-11-25,MSFT,60.53
2016-11-28,AAPL,111.57
2016-11-28,MSFT,60.61
2016-11-29,AAPL,111.46
2016-11-29,MSFT,61.09
2016-11-30,AAPL,110.52
2016-11-30,MSFT,60.26
2016-12-01,AAPL,109.49
2016-12-01,MSFT,59.2
2016-12-02,AAPL,109.9
2016-12-02,MSFT,59.25
2016-12-05,AAPL,109.11
2016-12-05,MSFT,60.22
2016-12-06,AAPL,109.95
2016-12-06,MSFT,59.95
2016-12-07,AAPL,111.03
2016-12-07,MSFT,61.37
2016-12-08,AAPL,112.12
2016-12-08,MSFT,61.01
2016-12-09,AAPL,113.95
2016-12-09,MSFT,61.97
2016-12-12,AAPL,113.3
2016-12-12,MSFT,62.17
2016-12-13,AAPL,115.19
2016-12-13,MSFT,62.98
2016-12-14,AAPL,115.19
2016-12-14,MSFT,62.68
2016-12-15,AAPL,115.82
2016-12-15,MSFT,62.58
2016-12-16,AAPL,115.97
2016-12-16,MSFT,62.3
2016-12-19,AAPL,116.64
2016-12-19,MSFT,63.62
2016-12-20,AAPL,116.95
2016-12-20,MSFT,63.54
2016-12-21,AAPL,117.06
2016-12-21,MSFT,63.54
2016-12-22,AAPL,116.29
2016-12-22,MSFT,63.55
2016-12-23,AAPL,116.52
2016-12-23,MSFT,63.24
2016-12-27,AAPL,117.26
2016-12-27,MSFT,63.28
2016-12-28,AAPL,116.76
2016-12-28,MSFT,62.99
2016-12-29,AAPL,116.73
2016-12-29,MSFT,62.9
2016-12-30,AAPL,115.82
2016-12-30,MSFT,62.14
2017-01-03,AAPL,116.15
2017-01-03,MSFT,62.58
2017-01-04,AAPL,116.02
2017-01-04,MSFT,62.3
2017-01-05,AAPL,116.61
2017-01-05,MSFT,62.3
2017-01-06,AAPL,117.91
2017-01-06,MSFT,62.84
2017-01-09,AAPL,118.99
2017-01-09,MSFT,62.64
2017-01-10,AAPL,119.11
2017-01-10,MSFT,62.62
2017-01-11,AAPL,119.75
2017-01-11,MSFT,63.19
2017-01-12,AAPL,119.25
2017-01-12,MSFT,62.61
2017-01-13,AAPL,119.04
2017-01-13,MSFT,62.7
2017-01-17,AAPL,120.0
2017-01-17,MSFT,62.53
2017-01-18,AAPL,119.99
2017-01-18,MSFT,62.5
2017-01-19,AAPL,119.78
2017-01-19,MSFT,62.3
2017-01-20,AAPL,120.0
2017-01-20,MSFT,62.74
2017-01-23,AAPL,120.08
2017-01-23,MSFT,62.96
2017-01-24,AAPL,119.97
2017-01-24,MSFT,63.52
2017-01-25,AAPL,121.88
2017-01-25,MSFT,63.68
2017-01-26,AAPL,121.94
2017-01-26,MSFT,64.27
2017-01-27,AAPL,121.95
2017-01-27,MSFT,65.78
2017-01-30,AAPL,121.63
2017-01-30,MSFT,65.13
2017-01-31,AAPL,121.35
2017-01-31,MSFT,64.65
2017-02-01,AAPL,128.75
2017-02-01,MSFT,63.58
2017-02-02,AAPL,128.53
2017-02-02,MSFT,63.17
2017-02-03,AAPL,129.08
2017-02-03,MSFT,63.68
2017-02-06,AAPL,130.28999
2017-02-06,MSFT,63.64
2017-02-07,AAPL,131.53
2017-02-07,MSFT,63.43
2017-02-08,AAPL,132.03999
2017-02-08,MSFT,63.34
2017-02-09,AAPL,132.42
2017-02-09,MSFT,64.06
2017-02-10,AAPL,132.12
2017-02-10,MSFT,64.0
2017-02-13,AAPL,133.28999
2017-02-13,MSFT,64.72
2017-02-14,AAPL,135.02
2017-02-14,MSFT,64.57
2017-02-15,AAPL,135.50999
2017-02-15,MSFT,64.53
2017-02-16,AAPL,135.345
2017-02-16,MSFT,64.52
2017-02-17,AAPL,135.72
2017-02-17,MSFT,64.62
2017-02-21,AAPL,136.7
2017-02-21,MSFT,64.49
2017-02-22,AAPL,137.11
2017-02-22,MSFT,64.36
2017-02-23,AAPL,136.53
2017-02-23,MSFT,64.62
2017-02-24,AAPL,136.66
2017-02-24,MSFT,64.62
2017-02-27,AAPL,136.92999
2017-02-27,MSFT,64.23
2017-02-28,AAPL,136.99001
2017-02-28,MSFT,63.98
2017-03-01,AAPL,139.78999
2017-03-01,MSFT,64.94
2017-03-02,AAPL,138.96001
2017-03-02,MSFT,64.01
2017-03-03,AAPL,139.78
2017-03-03,MSFT,64.25
2017-03-06,AAPL,139.34
2017-03-06,MSFT,64.27
2017-03-07,AAPL,139.52
2017-03-07,MSFT,64.4
2017-03-08,AAPL,139.0
2017-03-08,MSFT,64.99
2017-03-09,AAPL,138.67999
2017-03-09,MSFT,64.73
2017-03-10,AAPL,139.14
2017-03-10,MSFT,64.93
2017-03-13,AAPL,139.2
2017-03-13,MSFT,64.71
2017-03-14,AAPL,138.99001
2017-03-14,MSFT,64.41
2017-03-15,AAPL,140.46001
2017-03-15,MSFT,64.75
2017-03-16,AAPL,140.69
2017-03-16,MSFT,64.64
2017-03-17,AAPL,139.99001
2017-03-17,MSFT,64.87
2017-03-20,AAPL,141.46001
2017-03-20,MSFT,64.93
2017-03-21,AAPL,139.84
2017-03-21,MSFT,64.21
2017-03-22,AAPL,141.42
2017-03-22,MSFT,65.03
2017-03-23,AAPL,140.92
2017-03-23,MSFT,64.87
2017-03-24,AAPL,140.64
2017-03-24,MSFT,64.98
2017-03-27,AAPL,140.88
2017-03-27,MSFT,65.1
2017-03-28,AAPL,143.8
2017-03-28,MSFT,65.29
2017-03-29,AAPL,144.12
2017-03-29,MSFT,65.47
2017-03-30,AAPL,143.92999
2017-03-30,MSFT,65.71
2017-03-31,AAPL,143.66
2017-03-31,MSFT,65.86
2017-04-03,AAPL,143.7
2017-04-03,MSFT,65.55
2017-04-04,AAPL,144.77
2017-04-04,MSFT,65.73
2017-04-05,AAPL,144.02
2017-04-05,MSFT,65.56
2017-04-06,AAPL,143.66
2017-04-06,MSFT,65.73
2017-04-07,AAPL,143.34
2017-04-07,MSFT,65.68
2017-04-10,AAPL,143.17
2017-04-10,MSFT,65.53
2017-04-11,AAPL,141.63
2017-04-11,MSFT,65.48
2017-04-12,AAPL,141.8
2017-04-12,MSFT,65.23
2017-04-13,AAPL,141.05
2017-04-13,MSFT,64.95
2017-04-17,AAPL,141.83
2017-04-17,MSFT,65.48
2017-04-18,AAPL,141.2
2017-04-18,MSFT,65.39
2017-04-19,AAPL,140.67999
2017-04-19,MSFT,65.04
2017-04-20,AAPL,142.44
2017-04-20,MSFT,65.5
2017-04-21,AAPL,142.27
2017-04-21,MSFT,66.4
2017-04-24,AAPL,143.64
2017-04-24,MSFT,67.53
2017-04-25,AAPL,144.53
2017-04-25,MSFT,67.92
2017-04-26,AAPL,143.67999
2017-04-26,MSFT,67.83
2017-04-27,AAPL,143.78999
2017-04-27,MSFT,68.27
2017-04-28,AAPL,143.64999
2017-04-28,MSFT,68.46
2017-05-01,AAPL,146.58
2017-05-01,MSFT,69.41
2017-05-02,AAPL,147.50999
2017-05-02,MSFT,69.3
2017-05-03,AAPL,147.06
2017-05-03,MSFT,69.08
2017-05-04,AAPL,146.53
2017-05-04,MSFT,68.81
2017-05-05,AAPL,148.96001
2017-05-05,MSFT,69.0
2017-05-08,AAPL,153.00999
2017-05-08,MSFT,68.94
2017-05-09,AAPL,153.99001
2017-05-09,MSFT,69.04
2017-05-10,AAPL,153.25999
2017-05-10,MSFT,69.31
2017-05-11,AAPL,153.95
2017-05-11,MSFT,68.46
2017-05-12,AAPL,156.10001
2017-05-12,MSFT,68.38
2017-05-15,AAPL,155.7
2017-05-15,MSFT,68.43
2017-05-16,AAPL,155.47
2017-05-16,MSFT,69.41
2017-05-17,AAPL,150.25
2017-05-17,MSFT,67.48
2017-05-18,AAPL,152.53999
2017-05-18,MSFT,67.71
2017-05-19,AAPL,153.06
2017-05-19,MSFT,67.69
2017-05-22,AAPL,153.99001
2017-05-22,MSFT,68.45
2017-05-23,AAPL,153.8
2017-05-23,MSFT,68.68
2017-05-24,AAPL,153.34
2017-05-24,MSFT,68.77
2017-05-25,AAPL,153.87
2017-05-25,MSFT,69.62
2017-05-26,AAPL,153.61
2017-05-26,MSFT,69.96
2017-05-30,AAPL,153.67
2017-05-30,MSFT,70.41
2017-05-31,AAPL,152.75999
2017-05-31,MSFT,69.84
2017-06-01,AAPL,153.17999
2017-06-01,MSFT,70.1
2017-06-02,AAPL,155.45
2017-06-02,MSFT,71.76
2017-06-05,AAPL,153.92999
2017-06-05,MSFT,72.28
2017-06-06,AAPL,154.45
2017-06-06,MSFT,72.52
2017-06-07,AAPL,155.37
2017-06-07,MSFT,72.39
2017-06-08,AAPL,154.99001
2017-06-08,MSFT,71.95
2017-06-09,AAPL,148.98
2017-06-09,MSFT,70.32
2017-06-12,AAPL,145.42
2017-06-12,MSFT,69.78
2017-06-13,AAPL,146.59
2017-06-13,MSFT,70.65
2017-06-14,AAPL,145.16
2017-06-14,MSFT,70.27
2017-06-15,AAPL,144.28999
2017-06-15,MSFT,69.9
2017-06-16,AAPL,142.27
2017-06-16,MSFT,70.0
2017-06-19,AAPL,146.34
2017-06-19,MSFT,70.87
2017-06-20,AAPL,145.00999
2017-06-20,MSFT,69.91
2017-06-21,AAPL,145.87
2017-06-21,MSFT,70.27
2017-06-22,AAPL,145.63
2017-06-22,MSFT,70.26
2017-06-23,AAPL,146.28
2017-06-23,MSFT,71.21
2017-06-26,AAPL,145.82001
2017-06-26,MSFT,70.53
2017-06-27,AAPL,143.73
2017-06-27,MSFT,69.21
2017-06-28,AAPL,145.83
2017-06-28,MSFT,69.8
2017-06-29,AAPL,143.67999
2017-06-29,MSFT,68.49
2017-06-30,AAPL,144.02
2017-06-30,MSFT,68.93
2017-07-03,AAPL,143.5
2017-07-03,MSFT,68.17
2017-07-05,AAPL,144.09
2017-07-05,MSFT,69.08
2017-07-06,AAPL,142.73
2017-07-06,MSFT,68.57
2017-07-07,AAPL,144.17999
2017-07-07,MSFT,69.46
2017-07-10,AAPL,145.06
2017-07-10,MSFT,69.98
2017-07-11,AAPL,145.53
2017-07-11,MSFT,69.99
2017-07-12,AAPL,145.74001
2017-07-12,MSFT,71.15
2017-07-13,AAPL,147.77
2017-07-13,MSFT,71.77
2017-07-14,AAPL,149.03999
2017-07-14,MSFT,72.78
2017-07-17,AAPL,149.56
2017-07-17,MSFT,73.35
2017-07-18,AAPL,150.08
2017-07-18,MSFT,73.3
2017-07-19,AAPL,151.02
2017-07-19,MSFT,73.86
2017-07-20,AAPL,150.34
2017-07-20,MSFT,74.22
2017-07-21,AAPL,150.27
2017-07-21,MSFT,73.79
2017-07-24,AAPL,152.09
2017-07-24,MSFT,73.6
2017-07-25,AAPL,152.74001
2017-07-25,MSFT,74.19
2017-07-26,AAPL,153.46001
2017-07-26,MSFT,74.05
2017-07-27,AAPL,150.56
2017-07-27,MSFT,73.16
2017-07-28,AAPL,149.5
2017-07-28,MSFT,73.04
2017-07-31,AAPL,148.73
2017-07-31,MSFT,72.7
2017-08-01,AAPL,150.05
2017-08-01,MSFT,72.58
2017-08-02,AAPL,157.14
2017-08-02,MSFT,72.26
2017-08-03,AAPL,155.57001
2017-08-03,MSFT,72.15
2017-08-04,AAPL,156.39
2017-08-04,MSFT,72.68
2017-08-07,AAPL,158.81
2017-08-07,MSFT,72.4
2017-08-08,AAPL,160.08
2017-08-08,MSFT,72.79
2017-08-09,AAPL,161.06
2017-08-09,MSFT,72.47
2017-08-10,AAPL,155.32001
2017-08-10,MSFT,71.41
2017-08-11,AAPL,157.48
2017-08-11,MSFT,72.5
2017-08-14,AAPL,159.85001
2017-08-14,MSFT,73.59
2017-08-15,AAPL,161.60001
2017-08-15,MSFT,73.22
2017-08-16,AAPL,160.95
2017-08-16,MSFT,73.65
2017-08-17,AAPL,157.86
2017-08-17,MSFT,72.4
2017-08-18,AAPL,157.5
2017-08-18,MSFT,72.49
2017-08-21,AAPL,157.21001
2017-08-21,MSFT,72.15
2017-08-22,AAPL,159.78
2017-08-22,MSFT,73.16
2017-08-23,AAPL,159.98
2017-08-23,MSFT,72.72
2017-08-24,AAPL,159.27
2017-08-24,MSFT,72.69
2017-08-25,AAPL,159.86
2017-08-25,MSFT,72.82
2017-08-28,AAPL,161.47
2017-08-28,MSFT,72.83
2017-08-29,AAPL,162.91
2017-08-29,MSFT,73.05
2017-08-30,AAPL,163.35001
2017-08-30,MSFT,74.01
2017-08-31,AAPL,164.0
2017-08-31,MSFT,74.77
2017-09-01,AAPL,164.05
2017-09-01,MSFT,73.94
2017-09-05,AAPL,162.08
2017-09-05,MSFT,73.61
2017-09-06,AAPL,161.91
2017-09-06,MSFT,73.4
2017-09-07,AAPL,161.25999
2017-09-07,MSFT,74.34
2017-09-08,AAPL,158.63
2017-09-08,MSFT,73.98
2017-09-11,AAPL,161.5
2017-09-11,MSFT,74.76
2017-09-12,AAPL,160.86
2017-09-12,MSFT,74.68
2017-09-13,AAPL,159.64999
2017-09-13,MSFT,75.21
2017-09-14,AAPL,158.28
2017-09-14,MSFT,74.77
2017-09-15,AAPL,159.88
2017-09-15,MSFT,75.31
2017-09-18,AAPL,158.67
2017-09-18,MSFT,75.16
2017-09-19,AAPL,158.73
2017-09-19,MSFT,75.44
2017-09-20,AAPL,156.07001
2017-09-20,MSFT,74.94
2017-09-21,AAPL,153.39
2017-09-21,MSFT,74.21
2017-09-22,AAPL,151.89
2017-09-22,MSFT,74.41
2017-09-25,AAPL,150.55
2017-09-25,MSFT,73.26
2017-09-26,AAPL,153.14
2017-09-26,MSFT,73.26
2017-09-27,AAPL,154.23
2017-09-27,MSFT,73.85
2017-09-28,AAPL,153.28
2017-09-28,MSFT,73.87
2017-09-29,AAPL,154.12
2017-09-29,MSFT,74.49
2017-10-02,AAPL,153.81
2017-10-02,MSFT,74.61
2017-10-03,AAPL,154.48
2017-10-03,MSFT,74.26
2017-10-04,AAPL,153.48
2017-10-04,MSFT,74.69
2017-10-05,AAPL,155.39
2017-10-05,MSFT,75.97
2017-10-06,AAPL,155.3
2017-10-06,MSFT,76.0
2017-10-09,AAPL,155.84
2017-10-09,MSFT,76.29
2017-10-10,AAPL,155.89999
2017-10-10,MSFT,76.29
2017-10-11,AAPL,156.55
2017-10-11,MSFT,76.42
2017-10-12,AAPL,156.0
2017-10-12,MSFT,77.12
2017-10-13,AAPL,156.99001
2017-10-13,MSFT,77.49
2017-10-16,AAPL,159.88
2017-10-16,MSFT,77.65
2017-10-17,AAPL,160.47
2017-10-17,MSFT,77.59
2017-10-18,AAPL,159.75999
2017-10-18,MSFT,77.61
2017-10-19,AAPL,155.98
2017-10-19,MSFT,77.91
2017-10-20,AAPL,156.25
2017-10-20,MSFT,78.81
2017-10-23,AAPL,156.17
2017-10-23,MSFT,78.83
2017-10-24,AAPL,157.10001
2017-10-24,MSFT,78.86
2017-10-25,AAPL,156.41
2017-10-25,MSFT,78.63
2017-10-26,AAPL,157.41
2017-10-26,MSFT,78.76
2017-10-27,AAPL,163.05
2017-10-27,MSFT,83.81
2017-10-30,AAPL,166.72
2017-10-30,MSFT,83.89
2017-10-31,AAPL,169.03999
2017-10-31,MSFT,83.18
2017-11-01,AAPL,166.89
2017-11-01,MSFT,83.18
2017-11-02,AAPL,168.11
2017-11-02,MSFT,84.05
2017-11-03,AAPL,172.5
2017-11-03,MSFT,84.14
2017-11-06,AAPL,174.25
2017-11-06,MSFT,84.47
2017-11-07,AAPL,174.81
2017-11-07,MSFT,84.27
2017-11-08,AAPL,176.24001
2017-11-08,MSFT,84.56
2017-11-09,AAPL,175.88
2017-11-09,MSFT,84.09
2017-11-10,AAPL,174.67
2017-11-10,MSFT,83.87
2017-11-13,AAPL,173.97
2017-11-13,MSFT,83.93
2017-11-14,AAPL,171.34
2017-11-14,MSFT,84.05
2017-11-15,AAPL,169.08
2017-11-15,MSFT,82.98
2017-11-16,AAPL,171.10001
2017-11-16,MSFT,83.2
2017-11-17,AAPL,170.14999
2017-11-17,MSFT,82.4
2017-11-20,AAPL,169.98
2017-11-20,MSFT,82.53
2017-11-21,AAPL,173.14
2017-11-21,MSFT,83.72
2017-11-22,AAPL,174.96001
2017-11-22,MSFT,83.11
2017-11-24,AAPL,174.97
2017-11-24,MSFT,83.26
2017-11-27,AAPL,174.09
2017-11-27,MSFT,83.87
2017-11-28,AAPL,173.07001
2017-11-28,MSFT,84.88
2017-11-29,AAPL,169.48
2017-11-29,MSFT,83.34
2017-11-30,AAPL,171.85001
2017-11-30,MSFT,84.17
2017-12-01,AAPL,171.05
2017-12-01,MSFT,84.26
2017-12-04,AAPL,169.8
2017-12-04,MSFT,81.08
2017-12-05,AAPL,169.64
2017-12-05,MSFT,81.59
2017-12-06,AAPL,169.00999
2017-12-06,MSFT,82.78
2017-12-07,AAPL,169.32001
2017-12-07,MSFT,82.49
2017-12-08,AAPL,169.37
2017-12-08,MSFT,84.16
2017-12-11,AAPL,172.67
2017-12-11,MSFT,85.23
2017-12-12,AAPL,171.7
2017-12-12,MSFT,85.58
2017-12-13,AAPL,172.27
2017-12-13,MSFT,85.35
2017-12-14,AAPL,172.22
2017-12-14,MSFT,84.69
2017-12-15,AAPL,173.97
2017-12-15,MSFT,86.85
2017-12-18,AAPL,176.42
2017-12-18,MSFT,86.38
2017-12-19,AAPL,174.53999
2017-12-19,MSFT,85.83
2017-12-20,AAPL,174.35001
2017-12-20,MSFT,85.52
2017-12-21,AAPL,175.00999
2017-12-21,MSFT,85.5
2017-12-22,AAPL,175.00999
2017-12-22,MSFT,85.51
2017-12-26,AAPL,170.57001
2017-12-26,MSFT,85.4
2017-12-27,AAPL,170.60001
2017-12-27,MSFT,85.71
2017-12-28,AAPL,171.08
2017-12-28,MSFT,85.72
2017-12-29,AAPL,169.23
2017-12-29,MSFT,85.54
2018-01-02,AAPL,172.25999
2018-01-02,MSFT,85.95
2018-01-03,AAPL,172.23
2018-01-03,MSFT,86.35
2018-01-04,AAPL,173.03
2018-01-04,MSFT,87.11
2018-01-05,AAPL,175.0
2018-01-05,MSFT,88.19
2018-01-08,AAPL,174.35001
2018-01-08,MSFT,88.28
2018-01-09,AAPL,174.33
2018-01-09,MSFT,88.22
2018-01-10,AAPL,174.28999
2018-01-10,MSFT,87.82
2018-01-11,AAPL,175.28
2018-01-11,MSFT,88.08
2018-01-12,AAPL,177.09
2018-01-12,MSFT,89.6
2018-01-16,AAPL,176.19
2018-01-16,MSFT,88.35
2018-01-17,AAPL,179.10001
2018-01-17,MSFT,90.14
2018-01-18,AAPL,179.25999
2018-01-18,MSFT,90.1
2018-01-19,AAPL,178.46001
2018-01-19,MSFT,90.0
2018-01-22,AAPL,177.0
2018-01-22,MSFT,91.61
2018-01-23,AAPL,177.03999
2018-01-23,MSFT,91.9
2018-01-24,AAPL,174.22
2018-01-24,MSFT,91.82
2018-01-25,AAPL,171.11
2018-01-25,MSFT,92.33
2018-01-26,AAPL,171.50999
2018-01-26,MSFT,94.06
2018-01-29,AAPL,167.96001
2018-01-29,MSFT,93.92
2018-01-30,AAPL,166.97
2018-01-30,MSFT,92.74
2018-01-31,AAPL,167.42999
2018-01-31,MSFT,95.01
2018-02-01,AAPL,167.78
2018-02-01,MSFT,94.26
2018-02-02,AAPL,160.5
2018-02-02,MSFT,91.78
2018-02-05,AAPL,156.49001
2018-02-05,MSFT,88.0
2018-02-06,AAPL,163.03
2018-02-06,MSFT,91.33
2018-02-07,AAPL,159.53999
2018-02-07,MSFT,89.61
2018-02-08,AAPL,155.14999
2018-02-08,MSFT,85.01
2018-02-09,AAPL,156.41
2018-02-09,MSFT,88.18
2018-02-12,AAPL,162.71001
2018-02-12,MSFT,89.13
2018-02-13,AAPL,164.34
2018-02-13,MSFT,89.83
2018-02-14,AAPL,167.37
2018-02-14,MSFT,90.81
2018-02-15,AAPL,172.99001
2018-02-15,MSFT,92.66
2018-02-16,AAPL,172.42999
2018-02-16,MSFT,92.0
2018-02-20,AAPL,171.85001
2018-02-20,MSFT,92.72
2018-02-21,AAPL,171.07001
2018-02-21,MSFT,91.49
2018-02-22,AAPL,172.5
2018-02-22,MSFT,91.73
2018-02-23,AAPL,175.5
2018-02-23,MSFT,94.06
2018-02-26,AAPL,178.97
2018-02-26,MSFT,95.42
2018-02-27,AAPL,178.39
2018-02-27,MSFT,94.2
2018-02-28,AAPL,178.12
2018-02-28,MSFT,93.77
2018-03-01,AAPL,175.0
2018-03-01,MSFT,92.85
2018-03-02,AAPL,176.21001
2018-03-02,MSFT,93.05
2018-03-05,AAPL,176.82001
2018-03-05,MSFT,93.64
2018-03-06,AAPL,176.67
2018-03-06,MSFT,93.32
2018-03-07,AAPL,175.03
2018-03-07,MSFT,93.86
2018-03-08,AAPL,176.94
2018-03-08,MSFT,94.43
2018-03-09,AAPL,179.98
2018-03-09,MSFT,96.54
2018-03-12,AAPL,181.72
2018-03-12,MSFT,96.77
2018-03-13,AAPL,179.97
2018-03-13,MSFT,94.41
2018-03-14,AAPL,178.44
2018-03-14,MSFT,93.85
2018-03-15,AAPL,178.64999
2018-03-15,MSFT,94.18
2018-03-16,AAPL,178.02
2018-03-16,MSFT,94.6
2018-03-19,AAPL,175.3
2018-03-19,MSFT,92.89
2018-03-20,AAPL,175.24001
2018-03-20,MSFT,93.13
2018-03-21,AAPL,171.27
2018-03-21,MSFT,92.48
2018-03-22,AAPL,168.85001
2018-03-22,MSFT,89.79
2018-03-23,AAPL,164.94
2018-03-23,MSFT,87.18
2018-03-26,AAPL,172.77
2018-03-26,MSFT,93.78
2018-03-27,AAPL,168.34
2018-03-27,MSFT,89.47
2018-03-28,AAPL,166.48
2018-03-28,MSFT,89.39
2018-03-29,AAPL,167.78
2018-03-29,MSFT,91.27
2018-04-02,AAPL,166.67999
2018-04-02,MSFT,88.52
2018-04-03,AAPL,168.39
2018-04-03,MSFT,89.71
2018-04-04,AAPL,171.61
2018-04-04,MSFT,92.33
2018-04-05,AAPL,172.8
2018-04-05,MSFT,92.38
2018-04-06,AAPL,168.38
2018-04-06,MSFT,90.23
2018-04-09,AAPL,170.05
2018-04-09,MSFT,90.77
2018-04-10,AAPL,173.25
2018-04-10,MSFT,92.88
2018-04-11,AAPL,172.44
2018-04-11,MSFT,91.86
2018-04-12,AAPL,174.14
2018-04-12,MSFT,93.58
2018-04-13,AAPL,174.73
2018-04-13,MSFT,93.08
2018-04-16,AAPL,175.82001
2018-04-16,MSFT,94.17
2018-04-17,AAPL,178.24001
2018-04-17,MSFT,96.07
2018-04-18,AAPL,177.84
2018-04-18,MSFT,96.44
2018-04-19,AAPL,172.8
2018-04-19,MSFT,96.11
2018-04-20,AAPL,165.72
2018-04-20,MSFT,95.0
2018-04-23,AAPL,165.24001
2018-04-23,MSFT,95.35
2018-04-24,AAPL,162.94
2018-04-24,MSFT,93.12
2018-04-25,AAPL,163.64999
2018-04-25,MSFT,92.31
2018-04-26,AAPL,164.22
2018-04-26,MSFT,94.26
2018-04-27,AAPL,162.32001
2018-04-27,MSFT,95.82
2018-04-30,AAPL,165.25999
2018-04-30,MSFT,93.52
2018-05-01,AAPL,169.10001
2018-05-01,MSFT,95.0
2018-05-02,AAPL,176.57001
2018-05-02,MSFT,93.51
2018-05-03,AAPL,176.89
2018-05-03,MSFT,94.07
2018-05-04,AAPL,183.83
2018-05-04,MSFT,95.16
2018-05-07,AAPL,185.16
2018-05-07,MSFT,96.22
2018-05-08,AAPL,186.05
2018-05-08,MSFT,95.81
2018-05-09,AAPL,187.36
2018-05-09,MSFT,96.94
2018-05-10,AAPL,190.03999
2018-05-10,MSFT,97.91
2018-05-11,AAPL,188.59
2018-05-11,MSFT,97.7
2018-05-14,AAPL,188.14999
2018-05-14,MSFT,98.03
2018-05-15,AAPL,186.44
2018-05-15,MSFT,97.32
2018-05-16,AAPL,188.17999
2018-05-16,MSFT,97.15
2018-05-17,AAPL,186.99001
2018-05-17,MSFT,96.18
2018-05-18,AAPL,186.31
2018-05-18,MSFT,96.36
2018-05-21,AAPL,187.63
2018-05-21,MSFT,97.6
2018-05-22,AAPL,187.16
2018-05-22,MSFT,97.5
2018-05-23,AAPL,188.36
2018-05-23,MSFT,98.66
2018-05-24,AAPL,188.14999
2018-05-24,MSFT,98.31
2018-05-25,AAPL,188.58
2018-05-25,MSFT,98.36
2018-05-29,AAPL,187.89999
2018-05-29,MSFT,98.01
2018-05-30,AAPL,187.5
2018-05-30,MSFT,98.95
2018-05-31,AAPL,186.87
2018-05-31,MSFT,98.84
2018-06-01,AAPL,190.24001
2018-06-01,MSFT,100.79
2018-06-04,AAPL,191.83
2018-06-04,MSFT,101.67
2018-06-05,AAPL,193.31
2018-06-05,MSFT,102.19
2018-06-06,AAPL,193.98
2018-06-06,MSFT,102.49
2018-06-07,AAPL,193.46001
2018-06-07,MSFT,100.88
2018-06-08,AAPL,191.7
2018-06-08,MSFT,101.63
2018-06-11,AAPL,191.23
2018-06-11,MSFT,101.05
2018-06-12,AAPL,192.28
2018-06-12,MSFT,101.31
2018-06-13,AAPL,190.7
2018-06-13,MSFT,100.85
2018-06-14,AAPL,190.8
2018-06-14,MSFT,101.42
2018-06-15,AAPL,188.84
2018-06-15,MSFT,100.13
2018-06-18,AAPL,188.74001
2018-06-18,MSFT,100.86
2018-06-19,AAPL,185.69
2018-06-19,MSFT,100.86
2018-06-20,AAPL,186.5
2018-06-20,MSFT,101.87
2018-06-21,AAPL,185.46001
2018-06-21,MSFT,101.14
2018-06-22,AAPL,184.92
2018-06-22,MSFT,100.41
2018-06-25,AAPL,182.17
2018-06-25,MSFT,98.39
2018-06-26,AAPL,184.42999
2018-06-26,MSFT,99.08
2018-06-27,AAPL,184.16
2018-06-27,MSFT,97.54
2018-06-28,AAPL,185.5
2018-06-28,MSFT,98.63
2018-06-29,AAPL,185.11
2018-06-29,MSFT,98.61
2018-07-02,AAPL,187.17999
2018-07-02,MSFT,100.01
2018-07-03,AAPL,183.92
2018-07-03,MSFT,99.05
2018-07-05,AAPL,185.39999
2018-07-05,MSFT,99.76
2018-07-06,AAPL,187.97
2018-07-06,MSFT,101.16
2018-07-09,AAPL,190.58
2018-07-09,MSFT,101.85
2018-07-10,AAPL,190.35001
2018-07-10,MSFT,102.12
2018-07-11,AAPL,187.88
2018-07-11,MSFT,101.98
2018-07-12,AAPL,191.03
2018-07-12,MSFT,104.19
2018-07-13,AAPL,191.33
2018-07-13,MSFT,105.43
2018-07-16,AAPL,190.91
2018-07-16,MSFT,104.91
2018-07-17,AAPL,191.45
2018-07-17,MSFT,105.95
2018-07-18,AAPL,190.39999
2018-07-18,MSFT,105.12
2018-07-19,AAPL,191.88
2018-07-19,MSFT,104.4
2018-07-20,AAPL,191.44
2018-07-20,MSFT,106.27
2018-07-23,AAPL,191.61
2018-07-23,MSFT,107.97
2018-07-24,AAPL,193.0
2018-07-24,MSFT,107.66
2018-07-25,AAPL,194.82001
2018-07-25,MSFT,110.83
2018-07-26,AAPL,194.21001
2018-07-26,MSFT,109.62
2018-07-27,AAPL,190.98
2018-07-27,MSFT,107.68
2018-07-30,AAPL,189.91
2018-07-30,MSFT,105.37
2018-07-31,AAPL,190.28999
2018-07-31,MSFT,106.08
2018-08-01,AAPL,201.5
2018-08-01,MSFT,106.28
2018-08-02,AAPL,207.39
2018-08-02,MSFT,107.57
2018-08-03,AAPL,207.99001
2018-08-03,MSFT,108.04
2018-08-06,AAPL,209.07001
2018-08-06,MSFT,108.13
2018-08-07,AAPL,207.11
2018-08-07,MSFT,108.88
2018-08-08,AAPL,207.25
2018-08-08,MSFT,109.49
2018-08-09,AAPL,208.88
2018-08-09,MSFT,109.67
2018-08-10,AAPL,207.53
2018-08-10,MSFT,109.0
2018-08-13,AAPL,208.87
2018-08-13,MSFT,108.21
2018-08-14,AAPL,209.75
2018-08-14,MSFT,109.56
2018-08-15,AAPL,210.24001
2018-08-15,MSFT,107.66
2018-08-16,AAPL,213.32001
2018-08-16,MSFT,107.64
2018-08-17,AAPL,217.58
2018-08-17,MSFT,107.58
2018-08-20,AAPL,215.46001
2018-08-20,MSFT,106.87
2018-08-21,AAPL,215.03999
2018-08-21,MSFT,105.98
2018-08-22,AAPL,215.05
2018-08-22,MSFT,107.06
2018-08-23,AAPL,215.49001
2018-08-23,MSFT,107.56
2018-08-24,AAPL,216.16
2018-08-24,MSFT,108.4
2018-08-27,AAPL,217.94
2018-08-27,MSFT,109.6
2018-08-28,AAPL,219.7
2018-08-28,MSFT,110.26
2018-08-29,AAPL,222.98
2018-08-29,MSFT,112.02
2018-08-30,AAPL,225.03
2018-08-30,MSFT,111.95
2018-08-31,AAPL,227.63
2018-08-31,MSFT,112.33
2018-09-04,AAPL,228.36
2018-09-04,MSFT,111.71
2018-09-05,AAPL,226.87
2018-09-05,MSFT,108.49
2018-09-06,AAPL,223.10001
2018-09-06,MSFT,108.74
2018-09-07,AAPL,221.3
2018-09-07,MSFT,108.21
2018-09-10,AAPL,218.33
2018-09-10,MSFT,109.38
2018-09-11,AAPL,223.85001
2018-09-11,MSFT,111.24
2018-09-12,AAPL,221.07001
2018-09-12,MSFT,111.71
2018-09-13,AAPL,226.41
2018-09-13,MSFT,112.91
2018-09-14,AAPL,223.84
2018-09-14,MSFT,113.37
2018-09-17,AAPL,217.88
2018-09-17,MSFT,112.14
2018-09-18,AAPL,218.24001
2018-09-18,MSFT,113.21
2018-09-19,AAPL,218.37
2018-09-19,MSFT,111.7
2018-09-20,AAPL,220.03
2018-09-20,MSFT,113.57
2018-09-21,AAPL,217.66
2018-09-21,MSFT,114.26
2018-09-24,AAPL,220.78999
2018-09-24,MSFT,114.67
2018-09-25,AAPL,222.19
2018-09-25,MSFT,114.45
2018-09-26,AAPL,220.42
2018-09-26,MSFT,113.98
2018-09-27,AAPL,224.95
2018-09-27,MSFT,114.41
2018-09-28,AAPL,225.74001
2018-09-28,MSFT,114.37
2018-10-01,AAPL,227.25999
2018-10-01,MSFT,115.61
2018-10-02,AAPL,229.28
2018-10-02,MSFT,115.15
2018-10-03,AAPL,232.07001
2018-10-03,MSFT,115.17
2018-10-04,AAPL,227.99001
2018-10-04,MSFT,112.79
2018-10-05,AAPL,224.28999
2018-10-05,MSFT,112.13
2018-10-08,AAPL,223.77
2018-10-08,MSFT,110.85
2018-10-09,AAPL,226.87
2018-10-09,MSFT,112.26
2018-10-10,AAPL,216.36
2018-10-10,MSFT,106.16
2018-10-11,AAPL,214.45
2018-10-11,MSFT,105.91
2018-10-12,AAPL,222.11
2018-10-12,MSFT,109.57
2018-10-15,AAPL,217.36
2018-10-15,MSFT,107.6
2018-10-16,AAPL,222.14999
2018-10-16,MSFT,111.0
2018-10-17,AAPL,221.19
2018-10-17,MSFT,110.71
2018-10-18,AAPL,216.02
2018-10-18,MSFT,108.5
2018-10-19,AAPL,219.31
2018-10-19,MSFT,108.66
2018-10-22,AAPL,220.64999
2018-10-22,MSFT,109.63
2018-10-23,AAPL,222.73
2018-10-23,MSFT,108.1
2018-10-24,AAPL,215.09
2018-10-24,MSFT,102.32
2018-10-25,AAPL,219.8
2018-10-25,MSFT,108.3
2018-10-26,AAPL,216.3
2018-10-26,MSFT,106.96
2018-10-29,AAPL,212.24001
2018-10-29,MSFT,103.85
2018-10-30,AAPL,213.3
2018-10-30,MSFT,103.73
2018-10-31,AAPL,218.86
2018-10-31,MSFT,106.81
2018-11-01,AAPL,222.22
2018-11-01,MSFT,105.92
2018-11-02,AAPL,207.48
2018-11-02,MSFT,106.16
2018-11-05,AAPL,201.59
2018-11-05,MSFT,107.51
2018-11-06,AAPL,203.77
2018-11-06,MSFT,107.72
2018-11-07,AAPL,209.95
2018-11-07,MSFT,111.96
2018-11-08,AAPL,208.49001
2018-11-08,MSFT,111.75
2018-11-09,AAPL,204.47
2018-11-09,MSFT,109.57
2018-11-12,AAPL,194.17
2018-11-12,MSFT,106.87
2018-11-13,AAPL,192.23
2018-11-13,MSFT,106.94
2018-11-14,AAPL,186.8
2018-11-14,MSFT,104.97
2018-11-15,AAPL,191.41
2018-11-15,MSFT,107.28
2018-11-16,AAPL,193.53
2018-11-16,MSFT,108.29
2018-11-19,AAPL,185.86
2018-11-19,MSFT,104.62
2018-11-20,AAPL,176.98
2018-11-20,MSFT,101.71
2018-11-21,AAPL,176.78
2018-11-21,MSFT,103.11
2018-11-23,AAPL,172.28999
2018-11-23,MSFT,103.07
2018-11-26,AAPL,174.62
2018-11-26,MSFT,106.47
2018-11-27,AAPL,174.24001
2018-11-27,MSFT,107.14
2018-11-28,AAPL,180.94
2018-11-28,MSFT,111.12
2018-11-29,AAPL,179.55
2018-11-29,MSFT,110.19
2018-11-30,AAPL,178.58
2018-11-30,MSFT,110.89
2018-12-03,AAPL,184.82001
2018-12-03,MSFT,112.09
2018-12-04,AAPL,176.69
2018-12-04,MSFT,108.52
2018-12-06,AAPL,174.72
2018-12-06,MSFT,109.19
2018-12-07,AAPL,168.49001
2018-12-07,MSFT,104.82
2018-12-10,AAPL,169.60001
2018-12-10,MSFT,107.59
2018-12-11,AAPL,168.63
2018-12-11,MSFT,108.59
2018-12-12,AAPL,169.10001
2018-12-12,MSFT,109.08
2018-12-13,AAPL,170.95
2018-12-13,MSFT,109.45
2018-12-14,AAPL,165.48
2018-12-14,MSFT,106.03
2018-12-17,AAPL,163.94
2018-12-17,MSFT,102.89
2018-12-18,AAPL,166.07001
2018-12-18,MSFT,103.97
2018-12-19,AAPL,160.89
2018-12-19,MSFT,103.69
2018-12-20,AAPL,156.83
2018-12-20,MSFT,101.51
2018-12-21,AAPL,150.73
2018-12-21,MSFT,98.23
2018-12-24,AAPL,146.83
2018-12-24,MSFT,94.13
2018-12-26,AAPL,157.17
2018-12-26,MSFT,100.56
2018-12-27,AAPL,156.14999
2018-12-27,MSFT,101.18
2018-12-28,AAPL,156.23
2018-12-28,MSFT,100.39
2018-12-31,AAPL,157.74001
2018-12-31,MSFT,101.57
2019-01-02,AAPL,157.92
2019-01-02,MSFT,101.12
2019-01-03,AAPL,142.19
2019-01-03,MSFT,97.4
2019-01-04,AAPL,148.25999
2019-01-04,MSFT,101.93
2019-01-07,AAPL,147.92999
2019-01-07,MSFT,102.06
2019-01-08,AAPL,150.75
2019-01-08,MSFT,102.8
2019-01-09,AAPL,153.31
2019-01-09,MSFT,104.27
2019-01-10,AAPL,153.8
2019-01-10,MSFT,103.6
2019-01-11,AAPL,152.28999
2019-01-11,MSFT,102.8
2019-01-14,AAPL,150.0
2019-01-14,MSFT,102.05
2019-01-15,AAPL,153.07001
2019-01-15,MSFT,105.01
2019-01-16,AAPL,154.94
2019-01-16,MSFT,105.38
2019-01-17,AAPL,155.86
2019-01-17,MSFT,106.12
2019-01-18,AAPL,156.82001
2019-01-18,MSFT,107.71
2019-01-22,AAPL,153.3
2019-01-22,MSFT,105.68
2019-01-23,AAPL,153.92
2019-01-23,MSFT,106.71
2019-01-24,AAPL,152.7
2019-01-24,MSFT,106.2
2019-01-25,AAPL,157.75999
2019-01-25,MSFT,107.17
2019-01-28,AAPL,156.3
2019-01-28,MSFT,105.08
2019-01-29,AAPL,154.67999
2019-01-29,MSFT,102.94
2019-01-30,AAPL,165.25
2019-01-30,MSFT,106.38
2019-01-31,AAPL,166.44
2019-01-31,MSFT,104.43
2019-02-01,AAPL,166.52
2019-02-01,MSFT,102.78
2019-02-04,AAPL,171.25
2019-02-04,MSFT,105.74
2019-02-05,AAPL,174.17999
2019-02-05,MSFT,107.22
2019-02-06,AAPL,174.24001
2019-02-06,MSFT,106.03
2019-02-07,AAPL,170.94
2019-02-07,MSFT,105.27
2019-02-08,AAPL,170.41
2019-02-08,MSFT,105.67
2019-02-11,AAPL,169.42999
2019-02-11,MSFT,105.25
2019-02-12,AAPL,170.89
2019-02-12,MSFT,106.89
2019-02-13,AAPL,170.17999
2019-02-13,MSFT,106.81
2019-02-14,AAPL,170.8
2019-02-14,MSFT,106.9
2019-02-15,AAPL,170.42
2019-02-15,MSFT,108.22
2019-02-19,AAPL,170.92999
2019-02-19,MSFT,108.17
2019-02-20,AAPL,172.03
2019-02-20,MSFT,107.15
2019-02-21,AAPL,171.06
2019-02-21,MSFT,109.41
2019-02-22,AAPL,172.97
2019-02-22,MSFT,110.97
2019-02-25,AAPL,174.23
2019-02-25,MSFT,111.59
2019-02-26,AAPL,174.33
2019-02-26,MSFT,112.36
2019-02-27,AAPL,174.87
2019-02-27,MSFT,112.17
2019-02-28,AAPL,173.14999
2019-02-28,MSFT,112.03
2019-03-01,AAPL,174.97
2019-03-01,MSFT,112.53
2019-03-04,AAPL,175.85001
2019-03-04,MSFT,112.26
2019-03-05,AAPL,175.53
2019-03-05,MSFT,111.7
2019-03-06,AAPL,174.52
2019-03-06,MSFT,111.75
2019-03-07,AAPL,172.5
2019-03-07,MSFT,110.39
2019-03-08,AAPL,172.91
2019-03-08,MSFT,110.51
2019-03-11,AAPL,178.89999
2019-03-11,MSFT,112.83
2019-03-12,AAPL,180.91
2019-03-12,MSFT,113.62
2019-03-13,AAPL,181.71001
2019-03-13,MSFT,114.5
2019-03-14,AAPL,183.73
2019-03-14,MSFT,114.59
2019-03-15,AAPL,186.12
2019-03-15,MSFT,115.91
2019-03-18,AAPL,188.02
2019-03-18,MSFT,117.57
2019-03-19,AAPL,186.53
2019-03-19,MSFT,117.65
2019-03-20,AAPL,188.16
2019-03-20,MSFT,117.52
2019-03-21,AAPL,195.09
2019-03-21,MSFT,120.22
2019-03-22,AAPL,191.05
2019-03-22,MSFT,117.05
2019-03-25,AAPL,188.74001
2019-03-25,MSFT,117.66
2019-03-26,AAPL,186.78999
2019-03-26,MSFT,117.91
2019-03-27,AAPL,188.47
2019-03-27,MSFT,116.77
2019-03-28,AAPL,188.72
2019-03-28,MSFT,116.93
2019-03-29,AAPL,189.95
2019-03-29,MSFT,117.94
2019-04-01,AAPL,191.24001
2019-04-01,MSFT,119.02
2019-04-02,AAPL,194.02
2019-04-02,MSFT,119.19
2019-04-03,AAPL,195.35001
2019-04-03,MSFT,119.97
2019-04-04,AAPL,195.69
2019-04-04,MSFT,119.36
2019-04-05,AAPL,197.0
2019-04-05,MSFT,119.89
2019-04-08,AAPL,200.10001
2019-04-08,MSFT,119.93
2019-04-09,AAPL,199.5
2019-04-09,MSFT,119.28
2019-04-10,AAPL,200.62
2019-04-10,MSFT,120.19
2019-04-11,AAPL,198.95
2019-04-11,MSFT,120.33
2019-04-12,AAPL,198.87
2019-04-12,MSFT,120.95
2019-04-15,AAPL,199.23
2019-04-15,MSFT,121.05
2019-04-16,AAPL,199.25
2019-04-16,MSFT,120.77
2019-04-17,AAPL,203.13
2019-04-17,MSFT,121.77
2019-04-18,AAPL,203.86
2019-04-18,MSFT,123.37
2019-04-22,AAPL,204.53
2019-04-22,MSFT,123.76
2019-04-23,AAPL,207.48
2019-04-23,MSFT,125.44
2019-04-24,AAPL,207.16
2019-04-24,MSFT,125.01
2019-04-25,AAPL,205.28
2019-04-25,MSFT,129.14999
2019-04-26,AAPL,204.3
2019-04-26,MSFT,129.89
2019-04-29,AAPL,204.61
2019-04-29,MSFT,129.77
2019-04-30,AAPL,200.67
2019-04-30,MSFT,130.60001
2019-05-01,AAPL,210.52
2019-05-01,MSFT,127.88
2019-05-02,AAPL,209.14999
2019-05-02,MSFT,126.21
2019-05-03,AAPL,211.75
2019-05-03,MSFT,128.89999
2019-05-06,AAPL,208.48
2019-05-06,MSFT,128.14999
2019-05-07,AAPL,202.86
2019-05-07,MSFT,125.52
2019-05-08,AAPL,202.89999
2019-05-08,MSFT,125.51
2019-05-09,AAPL,200.72
2019-05-09,MSFT,125.5
2019-05-10,AAPL,197.17999
2019-05-10,MSFT,127.13
2019-05-13,AAPL,185.72
2019-05-13,MSFT,123.35
2019-05-14,AAPL,188.66
2019-05-14,MSFT,124.73
2019-05-15,AAPL,190.92
2019-05-15,MSFT,126.02
2019-05-16,AAPL,190.08
2019-05-16,MSFT,128.92999
2019-05-17,AAPL,189.0
2019-05-17,MSFT,128.07001
2019-05-20,AAPL,183.09
2019-05-20,MSFT,126.22
2019-05-21,AAPL,186.60001
2019-05-21,MSFT,126.9
2019-05-22,AAPL,182.78
2019-05-22,MSFT,127.67
2019-05-23,AAPL,179.66
2019-05-23,MSFT,126.18
2019-05-24,AAPL,178.97
2019-05-24,MSFT,126.24
2019-05-28,AAPL,178.23
2019-05-28,MSFT,126.16
2019-05-29,AAPL,177.38
2019-05-29,MSFT,124.94
2019-05-30,AAPL,178.3
2019-05-30,MSFT,125.73
2019-05-31,AAPL,175.07001
2019-05-31,MSFT,123.68
2019-06-03,AAPL,173.3
2019-06-03,MSFT,119.84
2019-06-04,AAPL,179.64
2019-06-04,MSFT,123.16
2019-06-05,AAPL,182.53999
2019-06-05,MSFT,125.83
2019-06-06,AAPL,185.22
2019-06-06,MSFT,127.82
2019-06-07,AAPL,190.14999
2019-06-07,MSFT,131.39999
2019-06-10,AAPL,192.58
2019-06-10,MSFT,132.60001
2019-06-11,AAPL,194.81
2019-06-11,MSFT,132.10001
2019-06-12,AAPL,194.19
2019-06-12,MSFT,131.49001
2019-06-13,AAPL,194.14999
2019-06-13,MSFT,132.32001
2019-06-14,AAPL,192.74001
2019-06-14,MSFT,132.45
2019-06-17,AAPL,193.89
2019-06-17,MSFT,132.85001
2019-06-18,AAPL,198.45
2019-06-18,MSFT,135.16
2019-06-19,AAPL,197.87
2019-06-19,MSFT,135.69
2019-06-20,AAPL,199.46001
2019-06-20,MSFT,136.95
2019-06-21,AAPL,198.78
2019-06-21,MSFT,136.97
2019-06-24,AAPL,198.58
2019-06-24,MSFT,137.78
2019-06-25,AAPL,195.57001
2019-06-25,MSFT,133.42999
2019-06-26,AAPL,199.8
2019-06-26,MSFT,133.92999
2019-06-27,AAPL,199.74001
2019-06-27,MSFT,134.14999
2019-06-28,AAPL,197.92
2019-06-28,MSFT,133.96001
2019-07-01,AAPL,201.55
2019-07-01,MSFT,135.67999
2019-07-02,AAPL,202.73
2019-07-02,MSFT,136.58
2019-07-03,AAPL,204.41
2019-07-03,MSFT,137.46001
2019-07-05,AAPL,204.23
2019-07-05,MSFT,137.06
2019-07-08,AAPL,200.02
2019-07-08,MSFT,136.96001
2019-07-09,AAPL,201.24001
2019-07-09,MSFT,136.46001
2019-07-10,AAPL,203.23
2019-07-10,MSFT,137.85001
2019-07-11,AAPL,201.75
2019-07-11,MSFT,138.39999
2019-07-12,AAPL,203.3
2019-07-12,MSFT,138.89999
2019-07-15,AAPL,205.21001
2019-07-15,MSFT,138.89999
2019-07-16,AAPL,204.5
2019-07-16,MSFT,137.08
2019-07-17,AAPL,203.35001
2019-07-17,MSFT,136.27
2019-07-18,AAPL,205.66
2019-07-18,MSFT,136.42
2019-07-19,AAPL,202.59
2019-07-19,MSFT,136.62
2019-07-22,AAPL,207.22
2019-07-22,MSFT,138.42999
2019-07-23,AAPL,208.84
2019-07-23,MSFT,139.28999
2019-07-24,AAPL,208.67
2019-07-24,MSFT,140.72
2019-07-25,AAPL,207.02
2019-07-25,MSFT,140.19
2019-07-26,AAPL,207.74001
2019-07-26,MSFT,141.34
2019-07-29,AAPL,209.67999
2019-07-29,MSFT,141.03
2019-07-30,AAPL,208.78
2019-07-30,MSFT,140.35001
2019-07-31,AAPL,213.03999
2019-07-31,MSFT,136.27
2019-08-01,AAPL,208.42999
2019-08-01,MSFT,138.06
2019-08-02,AAPL,204.02
2019-08-02,MSFT,136.89999
2019-08-05,AAPL,193.34
2019-08-05,MSFT,132.21001
2019-08-06,AAPL,197.0
2019-08-06,MSFT,134.69
2019-08-07,AAPL,199.03999
2019-08-07,MSFT,135.28
2019-08-08,AAPL,203.42999
2019-08-08,MSFT,138.89
2019-08-09,AAPL,200.99001
2019-08-09,MSFT,137.71001
2019-08-12,AAPL,200.48
2019-08-12,MSFT,135.78999
2019-08-13,AAPL,208.97
2019-08-13,MSFT,138.60001
2019-08-14,AAPL,202.75
2019-08-14,MSFT,133.98
2019-08-15,AAPL,201.74001
2019-08-15,MSFT,133.67999
2019-08-16,AAPL,206.5
2019-08-16,MSFT,136.13
2019-08-19,AAPL,210.35001
2019-08-19,MSFT,138.41
2019-08-20,AAPL,210.36
2019-08-20,MSFT,137.25999
2019-08-21,AAPL,212.64
2019-08-21,MSFT,138.78999
2019-08-22,AAPL,212.46001
2019-08-22,MSFT,137.78
2019-08-23,AAPL,202.64
2019-08-23,MSFT,133.39
2019-08-26,AAPL,206.49001
2019-08-26,MSFT,135.45
2019-08-27,AAPL,204.16
2019-08-27,MSFT,135.74001
2019-08-28,AAPL,205.53
2019-08-28,MSFT,135.56
2019-08-29,AAPL,209.00999
2019-08-29,MSFT,138.12
2019-08-30,AAPL,208.74001
2019-08-30,MSFT,137.86
2019-09-03,AAPL,205.7
2019-09-03,MSFT,136.03999
2019-09-04,AAPL,209.19
2019-09-04,MSFT,137.63
2019-09-05,AAPL,213.28
2019-09-05,MSFT,140.05
2019-09-06,AAPL,213.25999
2019-09-06,MSFT,139.10001
2019-09-09,AAPL,214.17
2019-09-09,MSFT,137.52
2019-09-10,AAPL,216.7
2019-09-10,MSFT,136.08
2019-09-11,AAPL,223.59
2019-09-11,MSFT,136.12
2019-09-12,AAPL,223.08501
2019-09-12,MSFT,137.52
2019-09-13,AAPL,218.75
2019-09-13,MSFT,137.32001
2019-09-16,AAPL,219.89999
2019-09-16,MSFT,136.33
2019-09-17,AAPL,220.7
2019-09-17,MSFT,137.39
2019-09-18,AAPL,222.77
2019-09-18,MSFT,138.52
2019-09-19,AAPL,220.96001
2019-09-19,MSFT,141.07001
2019-09-20,AAPL,217.73
2019-09-20,MSFT,139.44
2019-09-23,AAPL,218.72
2019-09-23,MSFT,139.14
2019-09-24,AAPL,217.67999
2019-09-24,MSFT,137.38
2019-09-25,AAPL,221.03
2019-09-25,MSFT,139.36
2019-09-26,AAPL,219.89
2019-09-26,MSFT,139.53999
2019-09-27,AAPL,218.82001
2019-09-27,MSFT,137.73
2019-09-30,AAPL,223.97
2019-09-30,MSFT,139.03
2019-10-01,AAPL,224.59
2019-10-01,MSFT,137.07001
2019-10-02,AAPL,218.96001
2019-10-02,MSFT,134.64999
2019-10-03,AAPL,220.82001
2019-10-03,MSFT,136.28
2019-10-04,AAPL,227.00999
2019-10-04,MSFT,138.12
2019-10-07,AAPL,227.06
2019-10-07,MSFT,137.12
2019-10-08,AAPL,224.39999
2019-10-08,MSFT,135.67
2019-10-09,AAPL,227.03
2019-10-09,MSFT,138.24001
2019-10-10,AAPL,230.09
2019-10-10,MSFT,139.10001
2019-10-11,AAPL,236.21001
2019-10-11,MSFT,139.67999
2019-10-14,AAPL,235.87
2019-10-14,MSFT,139.55
2019-10-15,AAPL,235.32001
2019-10-15,MSFT,141.575
2019-10-16,AAPL,234.37
2019-10-16,MSFT,140.41
2019-10-17,AAPL,235.28
2019-10-17,MSFT,139.69
2019-10-18,AAPL,236.41
2019-10-18,MSFT,137.41
2019-10-21,AAPL,240.50999
2019-10-21,MSFT,138.42999
2019-10-22,AAPL,239.96001
2019-10-22,MSFT,136.37
2019-10-23,AAPL,243.17999
2019-10-23,MSFT,137.24001
2019-10-24,AAPL,243.58
2019-10-24,MSFT,139.94
2019-10-25,AAPL,246.58
2019-10-25,MSFT,140.73
2019-10-28,AAPL,249.05
2019-10-28,MSFT,144.19
2019-10-29,AAPL,243.28999
2019-10-29,MSFT,142.83
2019-10-30,AAPL,243.25999
2019-10-30,MSFT,144.61
2019-10-31,AAPL,248.75999
2019-10-31,MSFT,143.37
2019-11-01,AAPL,255.82001
2019-11-01,MSFT,143.72
2019-11-04,AAPL,257.5
2019-11-04,MSFT,144.55
2019-11-05,AAPL,257.13
2019-11-05,MSFT,144.46001
2019-11-06,AAPL,257.23999
2019-11-06,MSFT,144.06
2019-11-07,AAPL,259.42999
2019-11-07,MSFT,144.25999
2019-11-08,AAPL,260.14001
2019-11-08,MSFT,145.96001
2019-11-11,AAPL,262.20001
2019-11-11,MSFT,146.11
2019-11-12,AAPL,261.95999
2019-11-12,MSFT,147.07001
2019-11-13,AAPL,264.47
2019-11-13,MSFT,147.31
2019-11-14,AAPL,262.64001
2019-11-14,MSFT,148.06
2019-11-15,AAPL,265.76001
2019-11-15,MSFT,149.97
2019-11-18,AAPL,267.10001
2019-11-18,MSFT,150.34
2019-11-19,AAPL,266.29001
2019-11-19,MSFT,150.39
2019-11-20,AAPL,263.19
2019-11-20,MSFT,149.62
2019-11-21,AAPL,262.01001
2019-11-21,MSFT,149.48
2019-11-22,AAPL,261.78
2019-11-22,MSFT,149.59
2019-11-25,AAPL,266.37
2019-11-25,MSFT,151.23
2019-11-26,AAPL,264.29001
2019-11-26,MSFT,152.03
2019-11-27,AAPL,267.84
2019-11-27,MSFT,152.32001
2019-11-29,AAPL,267.25
2019-11-29,MSFT,151.38
2019-12-02,AAPL,264.16
2019-12-02,MSFT,149.55
2019-12-03,AAPL,259.45001
2019-12-03,MSFT,149.31
2019-12-04,AAPL,261.73999
2019-12-04,MSFT,149.85001
2019-12-05,AAPL,265.57999
2019-12-05,MSFT,149.92999
2019-12-06,AAPL,270.70999
2019-12-06,MSFT,151.75
2019-12-09,AAPL,266.92001
2019-12-09,MSFT,151.36
2019-12-10,AAPL,268.48001
2019-12-10,MSFT,151.13
2019-12-11,AAPL,270.76999
2019-12-11,MSFT,151.7
2019-12-12,AAPL,271.45999
2019-12-12,MSFT,153.24001
2019-12-13,AAPL,275.14999
2019-12-13,MSFT,154.53
2019-12-16,AAPL,279.85999
2019-12-16,MSFT,155.53
2019-12-17,AAPL,280.41
2019-12-17,MSFT,154.69
2019-12-18,AAPL,279.73999
2019-12-18,MSFT,154.37
2019-12-19,AAPL,280.01999
2019-12-19,MSFT,155.71001
2019-12-20,AAPL,279.44
2019-12-20,MSFT,157.41
2019-12-23,AAPL,284.0
2019-12-23,MSFT,157.41
2019-12-24,AAPL,284.26999
2019-12-24,MSFT,157.38
2019-12-26,AAPL,289.91
2019-12-26,MSFT,158.67
2019-12-27,AAPL,289.79999
2019-12-27,MSFT,158.96001
2019-12-30,AAPL,291.51999
2019-12-30,MSFT,157.59
2019-12-31,AAPL,293.64999
2019-12-31,MSFT,157.7
2020-01-02,AAPL,300.35001
2020-01-02,MSFT,160.62
2020-01-03,AAPL,297.42999
2020-01-03,MSFT,158.62
2020-01-06,AAPL,299.79999
2020-01-06,MSFT,159.03
2020-01-07,AAPL,298.39001
2020-01-07,MSFT,157.58
2020-01-08,AAPL,303.19
2020-01-08,MSFT,160.09
2020-01-09,AAPL,309.63
2020-01-09,MSFT,162.09
2020-01-10,AAPL,310.32999
2020-01-10,MSFT,161.34
2020-01-13,AAPL,316.95999
2020-01-13,MSFT,163.28
2020-01-14,AAPL,312.67999
2020-01-14,MSFT,162.13
2020-01-15,AAPL,311.34
2020-01-15,MSFT,163.17999
2020-01-16,AAPL,315.23999
2020-01-16,MSFT,166.17
2020-01-17,AAPL,318.73001
2020-01-17,MSFT,167.10001
2020-01-21,AAPL,316.57001
2020-01-21,MSFT,166.5
2020-01-22,AAPL,317.70001
2020-01-22,MSFT,165.7
2020-01-23,AAPL,319.23001
2020-01-23,MSFT,166.72
2020-01-24,AAPL,318.31
2020-01-24,MSFT,165.03999
2020-01-27,AAPL,308.95001
2020-01-27,MSFT,162.28
2020-01-28,AAPL,317.69
2020-01-28,MSFT,165.46001
2020-01-29,AAPL,324.34
2020-01-29,MSFT,168.03999
2020-01-30,AAPL,323.87
2020-01-30,MSFT,172.78
2020-01-31,AAPL,309.51001
2020-01-31,MSFT,170.23
2020-02-03,AAPL,308.66
2020-02-03,MSFT,174.38
2020-02-04,AAPL,318.85001
2020-02-04,MSFT,180.12
2020-02-05,AAPL,321.45001
2020-02-05,MSFT,179.89999
2020-02-06,AAPL,325.20999
2020-02-06,MSFT,183.63
2020-02-07,AAPL,320.03
2020-02-07,MSFT,183.89
2020-02-10,AAPL,321.54999
2020-02-10,MSFT,188.7
2020-02-11,AAPL,319.60999
2020-02-11,MSFT,184.44
2020-02-12,AAPL,327.20001
2020-02-12,MSFT,184.71001
2020-02-13,AAPL,324.87
2020-02-13,MSFT,183.71001
2020-02-14,AAPL,324.95001
2020-02-14,MSFT,185.35001
2020-02-18,AAPL,319.0
2020-02-18,MSFT,187.23
2020-02-19,AAPL,323.62
2020-02-19,MSFT,187.28
2020-02-20,AAPL,320.29999
2020-02-20,MSFT,184.42
2020-02-21,AAPL,313.04999
2020-02-21,MSFT,178.59
2020-02-24,AAPL,298.17999
2020-02-24,MSFT,170.89
2020-02-25,AAPL,288.07999
2020-02-25,MSFT,168.07001
2020-02-26,AAPL,292.64999
2020-02-26,MSFT,170.17
2020-02-27,AAPL,273.51999
2020-02-27,MSFT,158.17999
2020-02-28,AAPL,273.35999
2020-02-28,MSFT,162.00999
2020-03-02,AAPL,298.81
2020-03-02,MSFT,172.78999
2020-03-03,AAPL,289.32001
2020-03-03,MSFT,164.50999
2020-03-04,AAPL,302.73999
2020-03-04,MSFT,170.55
2020-03-05,AAPL,292.92001
2020-03-05,MSFT,166.27
2020-03-06,AAPL,289.03
2020-03-06,MSFT,161.57001
2020-03-09,AAPL,266.17001
2020-03-09,MSFT,150.62
2020-03-10,AAPL,285.34
2020-03-10,MSFT,160.92
2020-03-11,AAPL,275.42999
2020-03-11,MSFT,153.63
2020-03-12,AAPL,248.23
2020-03-12,MSFT,139.06
2020-03-13,AAPL,277.97
2020-03-13,MSFT,158.83
2020-03-16,AAPL,242.21001
2020-03-16,MSFT,135.42
2020-03-17,AAPL,252.86
2020-03-17,MSFT,146.57001
2020-03-18,AAPL,246.67
2020-03-18,MSFT,140.39999
2020-03-19,AAPL,244.78
2020-03-19,MSFT,142.71001
2020-03-20,AAPL,229.24001
2020-03-20,MSFT,137.35001
2020-03-23,AAPL,224.37
2020-03-23,MSFT,135.98
2020-03-24,AAPL,246.88
2020-03-24,MSFT,148.34
2020-03-25,AAPL,245.52
2020-03-25,MSFT,146.92
2020-03-26,AAPL,258.44
2020-03-26,MSFT,156.11
2020-03-27,AAPL,247.74001
2020-03-27,MSFT,149.7
2020-03-30,AAPL,254.81
2020-03-30,MSFT,160.23
2020-03-31,AAPL,254.28999
2020-03-31,MSFT,157.71001
2020-04-01,AAPL,240.91
2020-04-01,MSFT,152.11
2020-04-02,AAPL,244.92999
2020-04-02,MSFT,155.25999
2020-04-03,AAPL,241.41
2020-04-03,MSFT,153.83
2020-04-06,AAPL,262.47
2020-04-06,MSFT,165.27
2020-04-07,AAPL,259.42999
2020-04-07,MSFT,163.49001
2020-04-08,AAPL,266.07001
2020-04-08,MSFT,165.13
2020-04-09,AAPL,267.98999
2020-04-09,MSFT,165.14
2020-04-13,AAPL,273.25
2020-04-13,MSFT,165.50999
2020-04-14,AAPL,287.04999
2020-04-14,MSFT,173.7
2020-04-15,AAPL,284.42999
2020-04-15,MSFT,171.88
2020-04-16,AAPL,286.69
2020-04-16,MSFT,177.03999
2020-04-17,AAPL,282.79999
2020-04-17,MSFT,178.60001
2020-04-20,AAPL,276.92999
2020-04-20,MSFT,175.06
2020-04-21,AAPL,268.37
2020-04-21,MSFT,167.82001
2020-04-22,AAPL,276.10001
2020-04-22,MSFT,173.52
2020-04-23,AAPL,275.03
2020-04-23,MSFT,171.42
2020-04-24,AAPL,282.97
2020-04-24,MSFT,174.55
2020-04-27,AAPL,283.17001
2020-04-27,MSFT,174.05
2020-04-28,AAPL,278.57999
2020-04-28,MSFT,169.81
2020-04-29,AAPL,287.73001
2020-04-29,MSFT,177.42999
2020-04-30,AAPL,293.79999
2020-04-30,MSFT,179.21001
2020-05-01,AAPL,289.07001
2020-05-01,MSFT,174.57001
2020-05-04,AAPL,293.16
2020-05-04,MSFT,178.84
2020-05-05,AAPL,297.56
2020-05-05,MSFT,180.75999
2020-05-06,AAPL,300.63
2020-05-06,MSFT,182.53999
2020-05-07,AAPL,303.73999
2020-05-07,MSFT,183.60001
2020-05-08,AAPL,310.13
2020-05-08,MSFT,184.67999
2020-05-11,AAPL,315.01001
2020-05-11,MSFT,186.74001
2020-05-12,AAPL,311.41
2020-05-12,MSFT,182.50999
2020-05-13,AAPL,307.64999
2020-05-13,MSFT,179.75
2020-05-14,AAPL,309.54001
2020-05-14,MSFT,180.53
2020-05-15,AAPL,307.70999
2020-05-15,MSFT,183.16
2020-05-18,AAPL,314.95999
2020-05-18,MSFT,184.91
2020-05-19,AAPL,313.14001
2020-05-19,MSFT,183.63
2020-05-20,AAPL,319.23001
2020-05-20,MSFT,185.66
2020-05-21,AAPL,316.85001
2020-05-21,MSFT,183.42999
2020-05-22,AAPL,318.89001
2020-05-22,MSFT,183.50999
2020-05-26,AAPL,316.73001
2020-05-26,MSFT,181.57001
2020-05-27,AAPL,318.10999
2020-05-27,MSFT,181.81
2020-05-28,AAPL,318.25
2020-05-28,MSFT,181.39999
2020-05-29,AAPL,317.94
2020-05-29,MSFT,183.25
2020-06-01,AAPL,321.85001
2020-06-01,MSFT,182.83
2020-06-02,AAPL,323.34
2020-06-02,MSFT,184.91
2020-06-03,AAPL,325.12
2020-06-03,MSFT,185.36
2020-06-04,AAPL,322.32001
2020-06-04,MSFT,182.92
2020-06-05,AAPL,331.5
2020-06-05,MSFT,187.2
2020-06-08,AAPL,333.45999
2020-06-08,MSFT,188.36
2020-06-09,AAPL,343.98999
2020-06-09,MSFT,189.8
2020-06-10,AAPL,352.84
2020-06-10,MSFT,196.84
2020-06-11,AAPL,335.89999
2020-06-11,MSFT,186.27
2020-06-12,AAPL,338.79999
2020-06-12,MSFT,187.74001
2020-06-15,AAPL,342.98999
2020-06-15,MSFT,188.94
2020-06-16,AAPL,352.07999
2020-06-16,MSFT,193.57001
2020-06-17,AAPL,351.59
2020-06-17,MSFT,194.24001
2020-06-18,AAPL,351.73001
2020-06-18,MSFT,196.32001
2020-06-19,AAPL,349.72
2020-06-19,MSFT,195.14999
2020-06-22,AAPL,358.87
2020-06-22,MSFT,200.57001
2020-06-23,AAPL,366.53
2020-06-23,MSFT,201.91
2020-06-24,AAPL,360.06
2020-06-24,MSFT,197.84
2020-06-25,AAPL,364.84
2020-06-25,MSFT,200.34
2020-06-26,AAPL,353.63
2020-06-26,MSFT,196.33
2020-06-29,AAPL,361.78
2020-06-29,MSFT,198.44
2020-06-30,AAPL,364.79999
2020-06-30,MSFT,203.50999
2020-07-01,AAPL,364.10999
2020-07-01,MSFT,204.7
2020-07-02,AAPL,364.10999
2020-07-02,MSFT,206.25999
2020-07-06,AAPL,373.85001
2020-07-06,MSFT,210.7
2020-07-07,AAPL,372.69
2020-07-07,MSFT,208.25
2020-07-08,AAPL,381.37
2020-07-08,MSFT,212.83
2020-07-09,AAPL,382.73001
2020-07-09,MSFT,214.32001
2020-07-10,AAPL,383.67999
2020-07-10,MSFT,213.67
2020-07-13,AAPL,381.91
2020-07-13,MSFT,207.07001
2020-07-14,AAPL,388.23001
2020-07-14,MSFT,208.35001
2020-07-15,AAPL,390.89999
2020-07-15,MSFT,208.03999
2020-07-16,AAPL,386.09
2020-07-16,MSFT,203.92
2020-07-17,AAPL,385.31
2020-07-17,MSFT,202.88
2020-07-20,AAPL,393.42999
2020-07-20,MSFT,211.60001
2020-07-21,AAPL,388.0
2020-07-21,MSFT,208.75
2020-07-22,AAPL,389.09
2020-07-22,MSFT,211.75
2020-07-23,AAPL,371.38
2020-07-23,MSFT,202.53999
2020-07-24,AAPL,370.45999
2020-07-24,MSFT,201.3
2020-07-27,AAPL,379.23999
2020-07-27,MSFT,203.85001
2020-07-28,AAPL,373.01001
2020-07-28,MSFT,202.02
2020-07-29,AAPL,380.16
2020-07-29,MSFT,204.06
2020-07-30,AAPL,384.76001
2020-07-30,MSFT,203.89999
2020-07-31,AAPL,425.04001
2020-07-31,MSFT,205.00999
2020-08-03,AAPL,435.75
2020-08-03,MSFT,216.53999
2020-08-04,AAPL,438.66
2020-08-04,MSFT,213.28999
2020-08-05,AAPL,440.25
2020-08-05,MSFT,212.94
2020-08-06,AAPL,455.60999
2020-08-06,MSFT,216.35001
2020-08-07,AAPL,444.45001
2020-08-07,MSFT,212.48
2020-08-10,AAPL,450.91
2020-08-10,MSFT,208.25
2020-08-11,AAPL,437.5
2020-08-11,MSFT,203.38
2020-08-12,AAPL,452.04001
2020-08-12,MSFT,209.19
2020-08-13,AAPL,460.04001
2020-08-13,MSFT,208.7
2020-08-14,AAPL,459.63
2020-08-14,MSFT,208.89999
2020-08-17,AAPL,458.42999
2020-08-17,MSFT,210.28
2020-08-18,AAPL,462.25
2020-08-18,MSFT,211.49001
2020-08-19,AAPL,462.82999
2020-08-19,MSFT,209.7
2020-08-20,AAPL,473.10001
2020-08-20,MSFT,214.58
2020-08-21,AAPL,497.48001
2020-08-21,MSFT,213.02
2020-08-24,AAPL,503.42999
2020-08-24,MSFT,213.69
2020-08-25,AAPL,499.29999
2020-08-25,MSFT,216.47
2020-08-26,AAPL,506.09
2020-08-26,MSFT,221.14999
2020-08-27,AAPL,500.04001
2020-08-27,MSFT,226.58
2020-08-28,AAPL,499.23001
2020-08-28,MSFT,228.91
2020-08-31,AAPL,129.03999
2020-08-31,MSFT,225.53
2020-09-01,AAPL,134.17999
2020-09-01,MSFT,227.27
2020-09-02,AAPL,131.39999
2020-09-02,MSFT,231.64999
2020-09-03,AAPL,120.88
2020-09-03,MSFT,217.3
2020-09-04,AAPL,120.96
2020-09-04,MSFT,214.25
2020-09-08,AAPL,112.82
2020-09-08,MSFT,202.66
2020-09-09,AAPL,117.32
2020-09-09,MSFT,211.28999
2020-09-10,AAPL,113.49
2020-09-10,MSFT,205.37
2020-09-11,AAPL,112.0
2020-09-11,MSFT,204.03
2020-09-14,AAPL,115.355
2020-09-14,MSFT,205.41
2020-09-15,AAPL,115.54
2020-09-15,MSFT,208.78
2020-09-16,AAPL,112.13
2020-09-16,MSFT,205.05
2020-09-17,AAPL,110.34
2020-09-17,MSFT,202.91
2020-09-18,AAPL,106.84
2020-09-18,MSFT,200.39
2020-09-21,AAPL,110.08
2020-09-21,MSFT,202.53999
2020-09-22,AAPL,111.81
2020-09-22,MSFT,207.42
2020-09-23,AAPL,107.12
2020-09-23,MSFT,200.59
2020-09-24,AAPL,108.22
2020-09-24,MSFT,203.19
2020-09-25,AAPL,112.28
2020-09-25,MSFT,207.82001
2020-09-28,AAPL,114.96
2020-09-28,MSFT,209.44
2020-09-29,AAPL,114.09
2020-09-29,MSFT,207.25999
2020-09-30,AAPL,115.81
2020-09-30,MSFT,210.33
2020-10-01,AAPL,116.79
2020-10-01,MSFT,212.46001
2020-10-02,AAPL,113.02
2020-10-02,MSFT,206.19
2020-10-05,AAPL,116.5
2020-10-05,MSFT,210.38
2020-10-06,AAPL,113.16
2020-10-06,MSFT,205.91
2020-10-07,AAPL,115.08
2020-10-07,MSFT,209.83
2020-10-08,AAPL,114.97
2020-10-08,MSFT,210.58
2020-10-09,AAPL,116.97
2020-10-09,MSFT,215.81
2020-10-12,AAPL,124.4
2020-10-12,MSFT,221.39999
2020-10-13,AAPL,121.1
2020-10-13,MSFT,222.86
2020-10-14,AAPL,121.19
2020-10-14,MSFT,220.86
2020-10-15,AAPL,120.71
2020-10-15,MSFT,219.66
2020-10-16,AAPL,119.02
2020-10-16,MSFT,219.66
2020-10-19,AAPL,115.98
2020-10-19,MSFT,214.22
2020-10-20,AAPL,117.51
2020-10-20,MSFT,214.64999
2020-10-21,AAPL,116.87
2020-10-21,MSFT,214.8
2020-10-22,AAPL,115.75
2020-10-22,MSFT,214.89
2020-10-23,AAPL,115.04
2020-10-23,MSFT,216.23
2020-10-26,AAPL,115.05
2020-10-26,MSFT,210.08
2020-10-27,AAPL,116.6
2020-10-27,MSFT,213.25
2020-10-28,AAPL,111.2
2020-10-28,MSFT,202.67999
2020-10-29,AAPL,115.32
2020-10-29,MSFT,204.72
2020-10-30,AAPL,108.86
2020-10-30,MSFT,202.47
2020-11-02,AAPL,108.77
2020-11-02,MSFT,202.33
2020-11-03,AAPL,110.44
2020-11-03,MSFT,206.42999
2020-11-04,AAPL,114.95
2020-11-04,MSFT,216.39
2020-11-05,AAPL,119.03
2020-11-05,MSFT,223.28999
2020-11-06,AAPL,118.69
2020-11-06,MSFT,223.72
2020-11-09,AAPL,116.32
2020-11-09,MSFT,218.39
2020-11-10,AAPL,115.97
2020-11-10,MSFT,211.00999
2020-11-11,AAPL,119.49
2020-11-11,MSFT,216.55
2020-11-12,AAPL,119.21
2020-11-12,MSFT,215.44
2020-11-13,AAPL,119.26
2020-11-13,MSFT,216.50999
2020-11-16,AAPL,120.3
2020-11-16,MSFT,217.23
2020-11-17,AAPL,119.39
2020-11-17,MSFT,214.46001
2020-11-18,AAPL,118.03
2020-11-18,MSFT,211.08
2020-11-19,AAPL,118.64
2020-11-19,MSFT,212.42
2020-11-20,AAPL,117.34
2020-11-20,MSFT,210.39
2020-11-23,AAPL,113.85
2020-11-23,MSFT,210.11
2020-11-24,AAPL,115.17
2020-11-24,MSFT,213.86
2020-11-25,AAPL,116.03
2020-11-25,MSFT,213.87
2020-11-27,AAPL,116.59
2020-11-27,MSFT,215.23
2020-11-30,AAPL,119.05
2020-11-30,MSFT,214.07001
2020-12-01,AAPL,122.72
2020-12-01,MSFT,216.21001
2020-12-02,AAPL,123.08
2020-12-02,MSFT,215.37
2020-12-03,AAPL,122.94
2020-12-03,MSFT,214.24001
2020-12-04,AAPL,122.25
2020-12-04,MSFT,214.36
2020-12-07,AAPL,123.75
2020-12-07,MSFT,214.28999
2020-12-08,AAPL,124.38
2020-12-08,MSFT,216.00999
2020-12-09,AAPL,121.78
2020-12-09,MSFT,211.8
2020-12-10,AAPL,123.24
2020-12-10,MSFT,210.52
2020-12-11,AAPL,122.41
2020-12-11,MSFT,213.25999
2020-12-14,AAPL,121.78
2020-12-14,MSFT,214.2
2020-12-15,AAPL,127.88
2020-12-15,MSFT,214.13
2020-12-16,AAPL,127.81
2020-12-16,MSFT,219.28
2020-12-17,AAPL,128.7
2020-12-17,MSFT,219.42
2020-12-18,AAPL,126.655
2020-12-18,MSFT,218.59
2020-12-21,AAPL,128.23
2020-12-21,MSFT,222.59
2020-12-22,AAPL,131.88
2020-12-22,MSFT,223.94
2020-12-23,AAPL,130.96001
2020-12-23,MSFT,221.02
2020-12-24,AAPL,131.97
2020-12-24,MSFT,222.75
2020-12-28,AAPL,136.69
2020-12-28,MSFT,224.96001
2020-12-29,AAPL,134.87
2020-12-29,MSFT,224.14999
2020-12-30,AAPL,133.72
2020-12-30,MSFT,221.67999
2020-12-31,AAPL,132.69
2020-12-31,MSFT,222.42
2021-01-04,AAPL,129.41
2021-01-04,MSFT,217.69
2021-01-05,AAPL,131.00999
2021-01-05,MSFT,217.89999
2021-01-06,AAPL,126.6
2021-01-06,MSFT,212.25
2021-01-07,AAPL,130.92
2021-01-07,MSFT,218.28999
2021-01-08,AAPL,132.05
2021-01-08,MSFT,219.62
2021-01-11,AAPL,128.98
2021-01-11,MSFT,217.49001
2021-01-12,AAPL,128.8
2021-01-12,MSFT,214.92999
2021-01-13,AAPL,130.89
2021-01-13,MSFT,216.34
2021-01-14,AAPL,128.91
2021-01-14,MSFT,213.02
2021-01-15,AAPL,127.14
2021-01-15,MSFT,212.64999
2021-01-19,AAPL,127.83
2021-01-19,MSFT,216.44
2021-01-20,AAPL,132.03
2021-01-20,MSFT,224.34
2021-01-21,AAPL,136.87
2021-01-21,MSFT,224.97
2021-01-22,AAPL,139.07001
2021-01-22,MSFT,225.95
2021-01-25,AAPL,142.92
2021-01-25,MSFT,229.53
2021-01-26,AAPL,143.16
2021-01-26,MSFT,232.33
2021-01-27,AAPL,142.06
2021-01-27,MSFT,232.89999
2021-01-28,AAPL,137.09
2021-01-28,MSFT,238.92999
2021-01-29,AAPL,131.96001
2021-01-29,MSFT,231.96001
2021-02-01,AAPL,134.14
2021-02-01,MSFT,239.64999
2021-02-02,AAPL,134.99001
2021-02-02,MSFT,239.50999
2021-02-03,AAPL,133.94
2021-02-03,MSFT,243.0
2021-02-04,AAPL,137.39
2021-02-04,MSFT,242.00999
2021-02-05,AAPL,136.75999
2021-02-05,MSFT,242.2
2021-02-08,AAPL,136.91
2021-02-08,MSFT,242.47
2021-02-09,AAPL,136.00999
2021-02-09,MSFT,243.77
2021-02-10,AAPL,135.39
2021-02-10,MSFT,242.82001
2021-02-11,AAPL,135.13
2021-02-11,MSFT,244.49001
2021-02-12,AAPL,135.37
2021-02-12,MSFT,244.99001
2021-02-16,AAPL,133.19
2021-02-16,MSFT,243.7
2021-02-17,AAPL,130.84
2021-02-17,MSFT,244.2
2021-02-18,AAPL,129.71001
2021-02-18,MSFT,243.78999
2021-02-19,AAPL,129.87
2021-02-19,MSFT,240.97
2021-02-22,AAPL,126.0
2021-02-22,MSFT,234.50999
2021-02-23,AAPL,125.86
2021-02-23,MSFT,233.27
2021-02-24,AAPL,125.35
2021-02-24,MSFT,234.55
2021-02-25,AAPL,120.99
2021-02-25,MSFT,228.99001
2021-02-26,AAPL,121.26
2021-02-26,MSFT,232.38
2021-03-01,AAPL,127.79
2021-03-01,MSFT,236.94
2021-03-02,AAPL,125.12
2021-03-02,MSFT,233.87
2021-03-03,AAPL,122.06
2021-03-03,MSFT,227.56
2021-03-04,AAPL,120.13
2021-03-04,MSFT,226.73
2021-03-05,AAPL,121.42
2021-03-05,MSFT,231.60001
2021-03-08,AAPL,116.36
2021-03-08,MSFT,227.39
2021-03-09,AAPL,121.085
2021-03-09,MSFT,233.78
2021-03-10,AAPL,119.98
2021-03-10,MSFT,232.42
2021-03-11,AAPL,121.96
2021-03-11,MSFT,237.13
2021-03-12,AAPL,121.03
2021-03-12,MSFT,235.75
2021-03-15,AAPL,123.99
2021-03-15,MSFT,234.81
2021-03-16,AAPL,125.57
2021-03-16,MSFT,237.71001
2021-03-17,AAPL,124.76
2021-03-17,MSFT,237.03999
2021-03-18,AAPL,120.53
2021-03-18,MSFT,230.72
2021-03-19,AAPL,119.99
2021-03-19,MSFT,230.35001
2021-03-22,AAPL,123.39
2021-03-22,MSFT,235.99001
2021-03-23,AAPL,122.54
2021-03-23,MSFT,237.58
2021-03-24,AAPL,120.09
2021-03-24,MSFT,235.46001
2021-03-25,AAPL,120.59
2021-03-25,MSFT,232.34
2021-03-26,AAPL,121.21
2021-03-26,MSFT,236.48
2021-03-29,AAPL,121.39
2021-03-29,MSFT,235.24001
2021-03-30,AAPL,119.9
2021-03-30,MSFT,231.85001
2021-03-31,AAPL,122.15
2021-03-31,MSFT,235.77
2021-04-01,AAPL,123.0
2021-04-01,MSFT,242.35001
2021-04-05,AAPL,125.9
2021-04-05,MSFT,249.07001
2021-04-06,AAPL,126.21
2021-04-06,MSFT,247.86
2021-04-07,AAPL,127.9
2021-04-07,MSFT,249.89999
2021-04-08,AAPL,130.36
2021-04-08,MSFT,253.25
2021-04-09,AAPL,132.995
2021-04-09,MSFT,255.85001
2021-04-12,AAPL,131.24001
2021-04-12,MSFT,255.91
2021-04-13,AAPL,134.42999
2021-04-13,MSFT,258.48999
2021-04-14,AAPL,132.03
2021-04-14,MSFT,255.59
2021-04-15,AAPL,134.5
2021-04-15,MSFT,259.5
2021-04-16,AAPL,134.16
2021-04-16,MSFT,260.73999
2021-04-19,AAPL,134.84
2021-04-19,MSFT,258.73999
2021-04-20,AAPL,133.11
2021-04-20,MSFT,258.26001
2021-04-21,AAPL,133.5
2021-04-21,MSFT,260.57999
2021-04-22,AAPL,131.94
2021-04-22,MSFT,257.17001
2021-04-23,AAPL,134.32001
2021-04-23,MSFT,261.14999
2021-04-26,AAPL,134.72
2021-04-26,MSFT,261.54999
2021-04-27,AAPL,134.39
2021-04-27,MSFT,261.97
2021-04-28,AAPL,133.58
2021-04-28,MSFT,254.56
2021-04-29,AAPL,133.48
2021-04-29,MSFT,252.50999
2021-04-30,AAPL,131.46001
2021-04-30,MSFT,252.17999
2021-05-03,AAPL,132.53999
2021-05-03,MSFT,251.86
2021-05-04,AAPL,127.85
2021-05-04,MSFT,247.78999
2021-05-05,AAPL,128.10001
2021-05-05,MSFT,246.47
2021-05-06,AAPL,129.74001
2021-05-06,MSFT,249.73
2021-05-07,AAPL,130.21001
2021-05-07,MSFT,252.46001
2021-05-10,AAPL,126.85
2021-05-10,MSFT,247.17999
2021-05-11,AAPL,125.91
2021-05-11,MSFT,246.23
2021-05-12,AAPL,122.77
2021-05-12,MSFT,239.0
2021-05-13,AAPL,124.97
2021-05-13,MSFT,243.03
2021-05-14,AAPL,127.45
2021-05-14,MSFT,248.14999
2021-05-17,AAPL,126.27
2021-05-17,MSFT,245.17999
2021-05-18,AAPL,124.85
2021-05-18,MSFT,243.08
2021-05-19,AAPL,124.69
2021-05-19,MSFT,243.12
2021-05-20,AAPL,127.31
2021-05-20,MSFT,246.48
2021-05-21,AAPL,125.43
2021-05-21,MSFT,245.17
2021-05-24,AAPL,127.1
2021-05-24,MSFT,250.78
2021-05-25,AAPL,126.9
2021-05-25,MSFT,251.72
2021-05-26,AAPL,126.85
2021-05-26,MSFT,251.49001
2021-05-27,AAPL,125.28
2021-05-27,MSFT,249.31
2021-05-28,AAPL,124.61
2021-05-28,MSFT,249.67999
2021-06-01,AAPL,124.28
2021-06-01,MSFT,247.39999
2021-06-02,AAPL,125.06
2021-06-02,MSFT,247.3
2021-06-03,AAPL,123.54
2021-06-03,MSFT,245.71001
2021-06-04,AAPL,125.89
2021-06-04,MSFT,250.78999
2021-06-07,AAPL,125.9
2021-06-07,MSFT,253.81
2021-06-08,AAPL,126.74
2021-06-08,MSFT,252.57001
2021-06-09,AAPL,127.13
2021-06-09,MSFT,253.59
2021-06-10,AAPL,126.11
2021-06-10,MSFT,257.23999
2021-06-11,AAPL,127.35
2021-06-11,MSFT,257.89001
2021-06-14,AAPL,130.48
2021-06-14,MSFT,259.89001
2021-06-15,AAPL,129.64
2021-06-15,MSFT,258.35999
2021-06-16,AAPL,130.14999
2021-06-16,MSFT,257.38
2021-06-17,AAPL,131.78999
2021-06-17,MSFT,260.89999
2021-06-18,AAPL,130.46001
2021-06-18,MSFT,259.42999
2021-06-21,AAPL,132.3
2021-06-21,MSFT,262.63
2021-06-22,AAPL,133.98
2021-06-22,MSFT,265.51001
2021-06-23,AAPL,133.7
2021-06-23,MSFT,265.27499
2021-06-24,AAPL,133.41
2021-06-24,MSFT,266.69
2021-06-25,AAPL,133.11
2021-06-25,MSFT,265.01999
2021-06-28,AAPL,134.78
2021-06-28,MSFT,268.72
2021-06-29,AAPL,136.33
2021-06-29,MSFT,271.39999
2021-06-30,AAPL,136.96001
2021-06-30,MSFT,270.89999
2021-07-01,AAPL,137.27
2021-07-01,MSFT,271.60001
2021-07-02,AAPL,139.96001
2021-07-02,MSFT,277.64999
2021-07-06,AAPL,142.02
2021-07-06,MSFT,277.66
2021-07-07,AAPL,144.57001
2021-07-07,MSFT,279.92999
2021-07-08,AAPL,143.24001
2021-07-08,MSFT,277.42001
2021-07-09,AAPL,145.11
2021-07-09,MSFT,277.94
2021-07-12,AAPL,144.5
2021-07-12,MSFT,277.32001
2021-07-13,AAPL,145.64
2021-07-13,MSFT,280.98001
2021-07-14,AAPL,149.14999
2021-07-14,MSFT,282.51001
2021-07-15,AAPL,148.48
2021-07-15,MSFT,281.03
2021-07-16,AAPL,146.39
2021-07-16,MSFT,280.75
2021-07-19,AAPL,142.45
2021-07-19,MSFT,277.01001
2021-07-20,AAPL,146.14999
2021-07-20,MSFT,279.32001
2021-07-21,AAPL,145.39999
2021-07-21,MSFT,281.39999
2021-07-22,AAPL,146.8
2021-07-22,MSFT,286.14001
2021-07-23,AAPL,148.56
2021-07-23,MSFT,289.67001
2021-07-26,AAPL,148.99001
2021-07-26,MSFT,289.04999
2021-07-27,AAPL,146.77
2021-07-27,MSFT,286.54001
2021-07-28,AAPL,144.98
2021-07-28,MSFT,286.22
2021-07-29,AAPL,145.64
2021-07-29,MSFT,286.5
2021-07-30,AAPL,145.86
2021-07-30,MSFT,284.91
2021-08-02,AAPL,145.52
2021-08-02,MSFT,284.82001
2021-08-03,AAPL,147.36
2021-08-03,MSFT,287.12
2021-08-04,AAPL,146.95
2021-08-04,MSFT,286.51001
2021-08-05,AAPL,147.06
2021-08-05,MSFT,289.51999
2021-08-06,AAPL,146.14
2021-08-06,MSFT,289.45999
2021-08-09,AAPL,146.09
2021-08-09,MSFT,288.32999
2021-08-10,AAPL,145.60001
2021-08-10,MSFT,286.44
2021-08-11,AAPL,145.86
2021-08-11,MSFT,286.95001
2021-08-12,AAPL,148.89
2021-08-12,MSFT,289.81
2021-08-13,AAPL,149.10001
2021-08-13,MSFT,292.85001
2021-08-16,AAPL,151.12
2021-08-16,MSFT,294.60001
2021-08-17,AAPL,150.19
2021-08-17,MSFT,293.07999
2021-08-18,AAPL,146.36
2021-08-18,MSFT,290.73001
2021-08-19,AAPL,146.7
2021-08-19,MSFT,296.76999
2021-08-20,AAPL,148.19
2021-08-20,MSFT,304.35999
2021-08-23,AAPL,149.71001
2021-08-23,MSFT,304.64999
2021-08-24,AAPL,149.62
2021-08-24,MSFT,302.62
2021-08-25,AAPL,148.36
2021-08-25,MSFT,302.01001
2021-08-26,AAPL,147.53999
2021-08-26,MSFT,299.09
2021-08-27,AAPL,148.60001
2021-08-27,MSFT,299.72
2021-08-30,AAPL,153.12
2021-08-30,MSFT,303.59
2021-08-31,AAPL,151.83
2021-08-31,MSFT,301.88
2021-09-01,AAPL,152.50999
2021-09-01,MSFT,301.82999
2021-09-02,AAPL,153.64999
2021-09-02,MSFT,301.14999
2021-09-03,AAPL,154.3
2021-09-03,MSFT,301.14001
2021-09-07,AAPL,156.69
2021-09-07,MSFT,300.17999
2021-09-08,AAPL,155.11
2021-09-08,MSFT,300.20999
2021-09-09,AAPL,154.07001
2021-09-09,MSFT,297.25
2021-09-10,AAPL,148.97
2021-09-10,MSFT,295.70999
2021-09-13,AAPL,149.55
2021-09-13,MSFT,296.98999
2021-09-14,AAPL,148.12
2021-09-14,MSFT,299.79001
2021-09-15,AAPL,149.03
2021-09-15,MSFT,304.82001
2021-09-16,AAPL,148.78999
2021-09-16,MSFT,305.22
2021-09-17,AAPL,146.06
2021-09-17,MSFT,299.87
2021-09-20,AAPL,142.94
2021-09-20,MSFT,294.29999
2021-09-21,AAPL,143.42999
2021-09-21,MSFT,294.79999
2021-09-22,AAPL,145.85001
2021-09-22,MSFT,298.57999
2021-09-23,AAPL,146.83
2021-09-23,MSFT,299.56
2021-09-24,AAPL,146.92
2021-09-24,MSFT,299.35001
2021-09-27,AAPL,145.37
2021-09-27,MSFT,294.17001
2021-09-28,AAPL,141.91
2021-09-28,MSFT,283.51999
2021-09-29,AAPL,142.83
2021-09-29,MSFT,284.0
2021-09-30,AAPL,141.5
2021-09-30,MSFT,281.92001
2021-10-01,AAPL,142.64999
2021-10-01,MSFT,289.10001
2021-10-04,AAPL,139.14
2021-10-04,MSFT,283.10999
2021-10-05,AAPL,141.11
2021-10-05,MSFT,288.76001
2021-10-06,AAPL,142.0
2021-10-06,MSFT,293.10999
2021-10-07,AAPL,143.28999
2021-10-07,MSFT,294.85001
2021-10-08,AAPL,142.89999
2021-10-08,MSFT,294.85001
2021-10-11,AAPL,142.81
2021-10-11,MSFT,294.23001
2021-10-12,AAPL,141.50999
2021-10-12,MSFT,292.88
2021-10-13,AAPL,140.91
2021-10-13,MSFT,296.31
2021-10-14,AAPL,143.75999
2021-10-14,MSFT,302.75
2021-10-15,AAPL,144.84
2021-10-15,MSFT,304.20999
2021-10-18,AAPL,146.55
2021-10-18,MSFT,307.29001
2021-10-19,AAPL,148.75999
2021-10-19,MSFT,308.23001
2021-10-20,AAPL,149.25999
2021-10-20,MSFT,307.41
2021-10-21,AAPL,149.48
2021-10-21,MSFT,310.76001
2021-10-22,AAPL,148.69
2021-10-22,MSFT,309.16
2021-10-25,AAPL,148.64
2021-10-25,MSFT,308.13
2021-10-26,AAPL,149.32001
2021-10-26,MSFT,310.10999
2021-10-27,AAPL,148.85001
2021-10-27,MSFT,323.17001
2021-10-28,AAPL,152.57001
2021-10-28,MSFT,324.35001
2021-10-29,AAPL,149.8
2021-10-29,MSFT,331.62
2021-11-01,AAPL,148.96001
2021-11-01,MSFT,329.37
2021-11-02,AAPL,150.02
2021-11-02,MSFT,333.13
2021-11-03,AAPL,151.49001
2021-11-03,MSFT,334.0
2021-11-04,AAPL,150.96001
2021-11-04,MSFT,336.44
2021-11-05,AAPL,151.28
2021-11-05,MSFT,336.06
2021-11-08,AAPL,150.44
2021-11-08,MSFT,336.98999
2021-11-09,AAPL,150.81
2021-11-09,MSFT,335.95001
2021-11-10,AAPL,147.92
2021-11-10,MSFT,330.79999
2021-11-11,AAPL,147.87
2021-11-11,MSFT,332.42999
2021-11-12,AAPL,149.99001
2021-11-12,MSFT,336.72
2021-11-15,AAPL,150.0
2021-11-15,MSFT,336.07001
2021-11-16,AAPL,151.0
2021-11-16,MSFT,339.51001
2021-11-17,AAPL,153.49001
2021-11-17,MSFT,339.12
2021-11-18,AAPL,157.87
2021-11-18,MSFT,341.26999
2021-11-19,AAPL,160.55
2021-11-19,MSFT,343.10999
2021-11-22,AAPL,161.02
2021-11-22,MSFT,339.82999
2021-11-23,AAPL,161.41
2021-11-23,MSFT,337.67999
2021-11-24,AAPL,161.94
2021-11-24,MSFT,337.91
2021-11-26,AAPL,156.81
2021-11-26,MSFT,329.67999
2021-11-29,AAPL,160.24001
2021-11-29,MSFT,336.63
2021-11-30,AAPL,165.3
2021-11-30,MSFT,330.59
2021-12-01,AAPL,164.77
2021-12-01,MSFT,330.07999
2021-12-02,AAPL,163.75999
2021-12-02,MSFT,329.48999
2021-12-03,AAPL,161.84
2021-12-03,MSFT,323.01001
2021-12-06,AAPL,165.32001
2021-12-06,MSFT,326.19
2021-12-07,AAPL,171.17999
2021-12-07,MSFT,334.92001
2021-12-08,AAPL,175.08
2021-12-08,MSFT,334.97
2021-12-09,AAPL,174.56
2021-12-09,MSFT,333.10001
2021-12-10,AAPL,179.45
2021-12-10,MSFT,342.54001
2021-12-13,AAPL,175.74001
2021-12-13,MSFT,339.39999
2021-12-14,AAPL,174.33
2021-12-14,MSFT,328.34
2021-12-15,AAPL,179.3
2021-12-15,MSFT,334.64999
2021-12-16,AAPL,172.25999
2021-12-16,MSFT,324.89999
2021-12-17,AAPL,171.14
2021-12-17,MSFT,323.79999
2021-12-20,AAPL,169.75
2021-12-20,MSFT,319.91
2021-12-21,AAPL,172.99001
2021-12-21,MSFT,327.29001
2021-12-22,AAPL,175.64
2021-12-22,MSFT,333.20001
2021-12-23,AAPL,176.28
2021-12-23,MSFT,334.69
2021-12-27,AAPL,180.33
2021-12-27,MSFT,342.45001
2021-12-28,AAPL,179.28999
2021-12-28,MSFT,341.25
2021-12-29,AAPL,179.38
2021-12-29,MSFT,341.95001
2021-12-30,AAPL,178.2
2021-12-30,MSFT,339.32001
2021-12-31,AAPL,177.57001
2021-12-31,MSFT,336.32001
2022-01-03,AAPL,182.00999
2022-01-03,MSFT,334.75
2022-01-04,AAPL,179.7
2022-01-04,MSFT,329.01001
2022-01-05,AAPL,174.92
2022-01-05,MSFT,316.38
2022-01-06,AAPL,172.0
2022-01-06,MSFT,313.88
2022-01-07,AAPL,172.17
2022-01-07,MSFT,314.04001
2022-01-10,AAPL,172.19
2022-01-10,MSFT,314.26999
2022-01-11,AAPL,175.08
2022-01-11,MSFT,314.98001
2022-01-12,AAPL,175.53
2022-01-12,MSFT,318.26999
2022-01-13,AAPL,172.19
2022-01-13,MSFT,304.79999
2022-01-14,AAPL,173.07001
2022-01-14,MSFT,310.20001
2022-01-18,AAPL,169.8
2022-01-18,MSFT,302.64999
2022-01-19,AAPL,166.23
2022-01-19,MSFT,303.32999
2022-01-20,AAPL,164.50999
2022-01-20,MSFT,301.60001
2022-01-21,AAPL,162.41
2022-01-21,MSFT,296.03
2022-01-24,AAPL,161.62
2022-01-24,MSFT,296.37
2022-01-25,AAPL,159.78
2022-01-25,MSFT,288.48999
2022-01-26,AAPL,159.69
2022-01-26,MSFT,296.70999
2022-01-27,AAPL,159.22
2022-01-27,MSFT,299.84
2022-01-28,AAPL,170.33
2022-01-28,MSFT,308.26001
2022-01-31,AAPL,174.78
2022-01-31,MSFT,310.98001
2022-02-01,AAPL,174.61
2022-02-01,MSFT,308.76001
2022-02-02,AAPL,175.84
2022-02-02,MSFT,313.45999
2022-02-03,AAPL,172.89999
2022-02-03,MSFT,301.25
2022-02-04,AAPL,172.39
2022-02-04,MSFT,305.94
2022-02-07,AAPL,171.66
2022-02-07,MSFT,300.95001
2022-02-08,AAPL,174.83
2022-02-08,MSFT,304.56
2022-02-09,AAPL,176.28
2022-02-09,MSFT,311.20999
2022-02-10,AAPL,172.12
2022-02-10,MSFT,302.38
2022-02-11,AAPL,168.64
2022-02-11,MSFT,295.04001
2022-02-14,AAPL,168.88
2022-02-14,MSFT,295.0
2022-02-15,AAPL,172.78999
2022-02-15,MSFT,300.47
2022-02-16,AAPL,172.55
2022-02-16,MSFT,299.5
2022-02-17,AAPL,168.88
2022-02-17,MSFT,290.73001
2022-02-18,AAPL,167.3
2022-02-18,MSFT,287.92999
2022-02-22,AAPL,164.32001
2022-02-22,MSFT,287.72
2022-02-23,AAPL,160.07001
2022-02-23,MSFT,280.26999
2022-02-24,AAPL,162.74001
2022-02-24,MSFT,294.59
2022-02-25,AAPL,164.85001
2022-02-25,MSFT,297.31
2022-02-28,AAPL,165.12
2022-02-28,MSFT,298.79001
2022-03-01,AAPL,163.2
2022-03-01,MSFT,294.95001
2022-03-02,AAPL,166.56
2022-03-02,MSFT,300.19
2022-03-03,AAPL,166.23
2022-03-03,MSFT,295.92001
2022-03-04,AAPL,163.17
2022-03-04,MSFT,289.85999
2022-03-07,AAPL,159.3
2022-03-07,MSFT,278.91
2022-03-08,AAPL,157.44
2022-03-08,MSFT,275.85001
2022-03-09,AAPL,162.95
2022-03-09,MSFT,288.5
2022-03-10,AAPL,158.52
2022-03-10,MSFT,285.59
2022-03-11,AAPL,154.73
2022-03-11,MSFT,280.07001
2022-03-14,AAPL,150.62
2022-03-14,MSFT,276.44
2022-03-15,AAPL,155.09
2022-03-15,MSFT,287.14999
2022-03-16,AAPL,159.59
2022-03-16,MSFT,294.39001
2022-03-17,AAPL,160.62
2022-03-17,MSFT,295.22
2022-03-18,AAPL,163.98
2022-03-18,MSFT,300.42999
2022-03-21,AAPL,165.38
2022-03-21,MSFT,299.16
2022-03-22,AAPL,168.82001
2022-03-22,MSFT,304.06
2022-03-23,AAPL,170.21001
2022-03-23,MSFT,299.48999
2022-03-24,AAPL,174.07001
2022-03-24,MSFT,304.10001
2022-03-25,AAPL,174.72
2022-03-25,MSFT,303.67999
2022-03-28,AAPL,175.60001
2022-03-28,MSFT,310.70001
2022-03-29,AAPL,178.96001
2022-03-29,MSFT,315.41
2022-03-30,AAPL,177.77
2022-03-30,MSFT,313.85999
2022-03-31,AAPL,174.61
2022-03-31,MSFT,308.31
2022-04-01,AAPL,174.31
2022-04-01,MSFT,309.42001
2022-04-04,AAPL,178.44
2022-04-04,MSFT,314.97
2022-04-05,AAPL,175.06
2022-04-05,MSFT,310.88
2022-04-06,AAPL,171.83
2022-04-06,MSFT,299.5
2022-04-07,AAPL,172.14
2022-04-07,MSFT,301.37
2022-04-08,AAPL,170.09
2022-04-08,MSFT,296.97
2022-04-11,AAPL,165.75
2022-04-11,MSFT,285.26001
2022-04-12,AAPL,167.66
2022-04-12,MSFT,282.06
2022-04-13,AAPL,170.39999
2022-04-13,MSFT,287.62
2022-04-14,AAPL,165.28999
2022-04-14,MSFT,279.82999
2022-04-18,AAPL,165.07001
2022-04-18,MSFT,280.51999
2022-04-19,AAPL,167.39999
2022-04-19,MSFT,285.29999
2022-04-20,AAPL,167.23
2022-04-20,MSFT,286.35999
2022-04-21,AAPL,166.42
2022-04-21,MSFT,280.81
2022-04-22,AAPL,161.78999
2022-04-22,MSFT,274.03
2022-04-25,AAPL,162.88
2022-04-25,MSFT,280.72
2022-04-26,AAPL,156.8
2022-04-26,MSFT,270.22
2022-04-27,AAPL,156.57001
2022-04-27,MSFT,283.22
2022-04-28,AAPL,163.64
2022-04-28,MSFT,289.63
2022-04-29,AAPL,157.64999
2022-04-29,MSFT,277.51999
2022-05-02,AAPL,157.96001
2022-05-02,MSFT,284.47
2022-05-03,AAPL,159.48
2022-05-03,MSFT,281.78
2022-05-04,AAPL,166.02
2022-05-04,MSFT,289.98001
2022-05-05,AAPL,156.77
2022-05-05,MSFT,277.35001
2022-05-06,AAPL,157.28
2022-05-06,MSFT,274.73001
2022-05-09,AAPL,152.06
2022-05-09,MSFT,264.57999
2022-05-10,AAPL,154.50999
2022-05-10,MSFT,269.5
2022-05-11,AAPL,146.5
2022-05-11,MSFT,260.54999
2022-05-12,AAPL,142.56
2022-05-12,MSFT,255.35001
2022-05-13,AAPL,147.11
2022-05-13,MSFT,261.12
2022-05-16,AAPL,145.53999
2022-05-16,MSFT,261.5
2022-05-17,AAPL,149.24001
2022-05-17,MSFT,266.82001
2022-05-18,AAPL,140.82001
2022-05-18,MSFT,254.08
2022-05-19,AAPL,137.35001
2022-05-19,MSFT,253.14
2022-05-20,AAPL,137.59
2022-05-20,MSFT,252.56
2022-05-23,AAPL,143.11
2022-05-23,MSFT,260.64999
2022-05-24,AAPL,140.36
2022-05-24,MSFT,259.62
2022-05-25,AAPL,140.52
2022-05-25,MSFT,262.51999
2022-05-26,AAPL,143.78
2022-05-26,MSFT,265.89999
2022-05-27,AAPL,149.64
2022-05-27,MSFT,273.23999
2022-05-31,AAPL,148.84
2022-05-31,MSFT,271.87
2022-06-01,AAPL,148.71001
2022-06-01,MSFT,272.42001
2022-06-02,AAPL,151.21001
2022-06-02,MSFT,274.57999
2022-06-03,AAPL,145.38
2022-06-03,MSFT,270.01999
2022-06-06,AAPL,146.14
2022-06-06,MSFT,268.75
2022-06-07,AAPL,148.71001
2022-06-07,MSFT,272.5
2022-06-08,AAPL,147.96001
2022-06-08,MSFT,270.41
2022-06-09,AAPL,142.64
2022-06-09,MSFT,264.79001
2022-06-10,AAPL,137.13
2022-06-10,MSFT,252.99001
2022-06-13,AAPL,131.88
2022-06-13,MSFT,242.25999
2022-06-14,AAPL,132.75999
2022-06-14,MSFT,244.49001
2022-06-15,AAPL,135.42999
2022-06-15,MSFT,251.75999
2022-06-16,AAPL,130.06
2022-06-16,MSFT,244.97
2022-06-17,AAPL,131.56
2022-06-17,MSFT,247.64999
2022-06-21,AAPL,135.87
2022-06-21,MSFT,253.74001
2022-06-22,AAPL,135.35001
2022-06-22,MSFT,253.13
2022-06-23,AAPL,138.27
2022-06-23,MSFT,258.85999
2022-06-24,AAPL,141.66
2022-06-24,MSFT,267.70001
2022-06-27,AAPL,141.66
2022-06-27,MSFT,264.89001
2022-06-28,AAPL,137.44
2022-06-28,MSFT,256.48001
2022-06-29,AAPL,139.23
2022-06-29,MSFT,260.26001
2022-06-30,AAPL,136.72
2022-06-30,MSFT,256.82999
2022-07-01,AAPL,138.92999
2022-07-01,MSFT,259.57999
2022-07-05,AAPL,141.56
2022-07-05,MSFT,262.85001
2022-07-06,AAPL,142.92
2022-07-06,MSFT,266.20999
2022-07-07,AAPL,146.35001
2022-07-07,MSFT,268.39999
2022-07-08,AAPL,147.03999
2022-07-08,MSFT,267.66
2022-07-11,AAPL,144.87
2022-07-11,MSFT,264.51001
2022-07-12,AAPL,145.86
2022-07-12,MSFT,253.67
2022-07-13,AAPL,145.49001
2022-07-13,MSFT,252.72
2022-07-14,AAPL,148.47
2022-07-14,MSFT,254.08
2022-07-15,AAPL,150.17
2022-07-15,MSFT,256.72
2022-07-18,AAPL,147.07001
2022-07-18,MSFT,254.25
2022-07-19,AAPL,151.0
2022-07-19,MSFT,259.53
2022-07-20,AAPL,153.03999
2022-07-20,MSFT,262.26999
2022-07-21,AAPL,155.35001
2022-07-21,MSFT,264.84
2022-07-22,AAPL,154.09
2022-07-22,MSFT,260.35999
2022-07-25,AAPL,152.95
2022-07-25,MSFT,258.82999
2022-07-26,AAPL,151.60001
2022-07-26,MSFT,251.89999
2022-07-27,AAPL,156.78999
2022-07-27,MSFT,268.73999
2022-07-28,AAPL,157.35001
2022-07-28,MSFT,276.41
2022-07-29,AAPL,162.50999
2022-07-29,MSFT,280.73999
2022-08-01,AAPL,161.50999
2022-08-01,MSFT,278.01001
2022-08-02,AAPL,160.00999
2022-08-02,MSFT,274.82001
2022-08-03,AAPL,166.13
2022-08-03,MSFT,282.47
2022-08-04,AAPL,165.81
2022-08-04,MSFT,283.64999
2022-08-05,AAPL,165.35001
2022-08-05,MSFT,282.91
2022-08-08,AAPL,164.87
2022-08-08,MSFT,280.32001
2022-08-09,AAPL,164.92
2022-08-09,MSFT,282.29999
2022-08-10,AAPL,169.24001
2022-08-10,MSFT,289.16
2022-08-11,AAPL,168.49001
2022-08-11,MSFT,287.01999
2022-08-12,AAPL,172.10001
2022-08-12,MSFT,291.91
2022-08-15,AAPL,173.19
2022-08-15,MSFT,293.47
2022-08-16,AAPL,173.03
2022-08-16,MSFT,292.70999
2022-08-17,AAPL,174.55
2022-08-17,MSFT,291.32001
2022-08-18,AAPL,174.14999
2022-08-18,MSFT,290.17001
2022-08-19,AAPL,171.52
2022-08-19,MSFT,286.14999
2022-08-22,AAPL,167.57001
2022-08-22,MSFT,277.75
2022-08-23,AAPL,167.23
2022-08-23,MSFT,276.44
2022-08-24,AAPL,167.53
2022-08-24,MSFT,275.79001
2022-08-25,AAPL,170.03
2022-08-25,MSFT,278.85001
2022-08-26,AAPL,163.62
2022-08-26,MSFT,268.09
2022-08-29,AAPL,161.38
2022-08-29,MSFT,265.23001
2022-08-30,AAPL,158.91
2022-08-30,MSFT,262.97
2022-08-31,AAPL,157.22
2022-08-31,MSFT,261.47
2022-09-01,AAPL,157.96001
2022-09-01,MSFT,260.39999
2022-09-02,AAPL,155.81
2022-09-02,MSFT,256.06
2022-09-06,AAPL,154.53
2022-09-06,MSFT,253.25
2022-09-07,AAPL,155.96001
2022-09-07,MSFT,258.09
2022-09-08,AAPL,154.46001
2022-09-08,MSFT,258.51999
2022-09-09,AAPL,157.37
2022-09-09,MSFT,264.45999
2022-09-12,AAPL,163.42999
2022-09-12,MSFT,266.64999
2022-09-13,AAPL,153.84
2022-09-13,MSFT,251.99001
2022-09-14,AAPL,155.31
2022-09-14,MSFT,252.22
2022-09-15,AAPL,152.37
2022-09-15,MSFT,245.38
2022-09-16,AAPL,150.7
2022-09-16,MSFT,244.74001
2022-09-19,AAPL,154.48
2022-09-19,MSFT,244.52
2022-09-20,AAPL,156.89999
2022-09-20,MSFT,242.45
2022-09-21,AAPL,153.72
2022-09-21,MSFT,238.95
2022-09-22,AAPL,152.74001
2022-09-22,MSFT,240.98
2022-09-23,AAPL,150.42999
2022-09-23,MSFT,237.92
2022-09-26,AAPL,150.77
2022-09-26,MSFT,237.45
2022-09-27,AAPL,151.75999
2022-09-27,MSFT,236.41
2022-09-28,AAPL,149.84
2022-09-28,MSFT,241.07001
2022-09-29,AAPL,142.48
2022-09-29,MSFT,237.5
2022-09-30,AAPL,138.2
2022-09-30,MSFT,232.89999
2022-10-03,AAPL,142.45
2022-10-03,MSFT,240.74001
2022-10-04,AAPL,146.10001
2022-10-04,MSFT,248.88
2022-10-05,AAPL,146.39999
2022-10-05,MSFT,249.2
2022-10-06,AAPL,145.42999
2022-10-06,MSFT,246.78999
2022-10-07,AAPL,140.09
2022-10-07,MSFT,234.24001
2022-10-10,AAPL,140.42
2022-10-10,MSFT,229.25
2022-10-11,AAPL,138.98
2022-10-11,MSFT,225.41
2022-10-12,AAPL,138.34
2022-10-12,MSFT,225.75
2022-10-13,AAPL,142.99001
2022-10-13,MSFT,234.24001
2022-10-14,AAPL,138.38
2022-10-14,MSFT,228.56
2022-10-17,AAPL,142.41
2022-10-17,MSFT,237.53
2022-10-18,AAPL,143.75
2022-10-18,MSFT,238.5
2022-10-19,AAPL,143.86
2022-10-19,MSFT,236.48
2022-10-20,AAPL,143.39
2022-10-20,MSFT,236.14999
2022-10-21,AAPL,147.27
2022-10-21,MSFT,242.12
2022-10-24,AAPL,149.45
2022-10-24,MSFT,247.25
2022-10-25,AAPL,152.34
2022-10-25,MSFT,250.66
2022-10-26,AAPL,149.35001
2022-10-26,MSFT,231.32001
2022-10-27,AAPL,144.8
2022-10-27,MSFT,226.75
2022-10-28,AAPL,155.74001
2022-10-28,MSFT,235.87
2022-10-31,AAPL,153.34
2022-10-31,MSFT,232.13
2022-11-01,AAPL,150.64999
2022-11-01,MSFT,228.17
2022-11-02,AAPL,145.03
2022-11-02,MSFT,220.10001
2022-11-03,AAPL,138.88
2022-11-03,MSFT,214.25
2022-11-04,AAPL,138.38
2022-11-04,MSFT,221.39
2022-11-07,AAPL,138.92
2022-11-07,MSFT,227.87
2022-11-08,AAPL,139.5
2022-11-08,MSFT,228.87
2022-11-09,AAPL,134.87
2022-11-09,MSFT,224.50999
2022-11-10,AAPL,146.87
2022-11-10,MSFT,242.98
2022-11-11,AAPL,149.7
2022-11-11,MSFT,247.11
2022-11-14,AAPL,148.28
2022-11-14,MSFT,241.55
2022-11-15,AAPL,150.03999
2022-11-15,MSFT,241.97
2022-11-16,AAPL,148.78999
2022-11-16,MSFT,241.73
2022-11-17,AAPL,150.72
2022-11-17,MSFT,241.67999
2022-11-18,AAPL,151.28999
2022-11-18,MSFT,241.22
2022-11-21,AAPL,148.00999
2022-11-21,MSFT,242.05
2022-11-22,AAPL,150.17999
2022-11-22,MSFT,245.03
2022-11-23,AAPL,151.07001
2022-11-23,MSFT,247.58
2022-11-25,AAPL,148.11
2022-11-25,MSFT,247.49001
2022-11-28,AAPL,144.22
2022-11-28,MSFT,241.75999
2022-11-29,AAPL,141.17
2022-11-29,MSFT,240.33
2022-11-30,AAPL,148.03
2022-11-30,MSFT,255.14
2022-12-01,AAPL,148.31
2022-12-01,MSFT,254.69
2022-12-02,AAPL,147.81
2022-12-02,MSFT,255.02
2022-12-05,AAPL,146.63
2022-12-05,MSFT,250.2
2022-12-06,AAPL,142.91
2022-12-06,MSFT,245.12
2022-12-07,AAPL,140.94
2022-12-07,MSFT,244.37
2022-12-08,AAPL,142.64999
2022-12-08,MSFT,247.39999
2022-12-09,AAPL,142.16
2022-12-09,MSFT,245.42
2022-12-12,AAPL,144.49001
2022-12-12,MSFT,252.50999
2022-12-13,AAPL,145.47
2022-12-13,MSFT,256.92001
2022-12-14,AAPL,143.21001
2022-12-14,MSFT,257.22
2022-12-15,AAPL,136.5
2022-12-15,MSFT,249.00999
2022-12-16,AAPL,134.50999
2022-12-16,MSFT,244.69
2022-12-19,AAPL,132.37
2022-12-19,MSFT,240.45
2022-12-20,AAPL,132.3
2022-12-20,MSFT,241.8
2022-12-21,AAPL,135.45
2022-12-21,MSFT,244.42999
2022-12-22,AAPL,132.23
2022-12-22,MSFT,238.19
2022-12-23,AAPL,131.86
2022-12-23,MSFT,238.73
2022-12-27,AAPL,130.03
2022-12-27,MSFT,236.96001
2022-12-28,AAPL,126.04
2022-12-28,MSFT,234.53
2022-12-29,AAPL,129.61
2022-12-29,MSFT,241.00999
2022-12-30,AAPL,129.92999
2022-12-30,MSFT,239.82001
2023-01-03,AAPL,125.07
2023-01-03,MSFT,239.58
2023-01-04,AAPL,126.36
2023-01-04,MSFT,229.10001
2023-01-05,AAPL,125.02
2023-01-05,MSFT,222.31
2023-01-06,AAPL,129.62
2023-01-06,MSFT,224.92999
2023-01-09,AAPL,130.14999
2023-01-09,MSFT,227.12
2023-01-10,AAPL,130.73
2023-01-10,MSFT,228.85001
2023-01-11,AAPL,133.49001
2023-01-11,MSFT,235.77
2023-01-12,AAPL,133.41
2023-01-12,MSFT,238.50999
2023-01-13,AAPL,134.75999
2023-01-13,MSFT,239.23
2023-01-17,AAPL,135.94
2023-01-17,MSFT,240.35001
2023-01-18,AAPL,135.21001
2023-01-18,MSFT,235.81
2023-01-19,AAPL,135.27
2023-01-19,MSFT,231.92999
2023-01-20,AAPL,137.87
2023-01-20,MSFT,240.22
2023-01-23,AAPL,141.11
2023-01-23,MSFT,242.58
2023-01-24,AAPL,142.53
2023-01-24,MSFT,242.03999
2023-01-25,AAPL,141.86
2023-01-25,MSFT,240.61
2023-01-26,AAPL,143.96001
2023-01-26,MSFT,248.0
2023-01-27,AAPL,145.92999
2023-01-27,MSFT,248.16
2023-01-30,AAPL,143.0
2023-01-30,MSFT,242.71001
2023-01-31,AAPL,144.28999
2023-01-31,MSFT,247.81
2023-02-01,AAPL,145.42999
2023-02-01,MSFT,252.75
2023-02-02,AAPL,150.82001
2023-02-02,MSFT,264.60001
2023-02-03,AAPL,154.5
2023-02-03,MSFT,258.35001
2023-02-06,AAPL,151.73
2023-02-06,MSFT,256.76999
2023-02-07,AAPL,154.64999
2023-02-07,MSFT,267.56
2023-02-08,AAPL,151.92
2023-02-08,MSFT,266.73001
2023-02-09,AAPL,150.87
2023-02-09,MSFT,263.62
2023-02-10,AAPL,151.00999
2023-02-10,MSFT,263.10001
2023-02-13,AAPL,153.85001
2023-02-13,MSFT,271.32001
2023-02-14,AAPL,153.2
2023-02-14,MSFT,272.17001
2023-02-15,AAPL,155.33
2023-02-15,MSFT,269.32001
2023-02-16,AAPL,153.71001
2023-02-16,MSFT,262.14999
2023-02-17,AAPL,152.55
2023-02-17,MSFT,258.06
2023-02-21,AAPL,148.48
2023-02-21,MSFT,252.67
2023-02-22,AAPL,148.91
2023-02-22,MSFT,251.50999
2023-02-23,AAPL,149.39999
2023-02-23,MSFT,254.77
2023-02-24,AAPL,146.71001
2023-02-24,MSFT,249.22
2023-02-27,AAPL,147.92
2023-02-27,MSFT,250.16
2023-02-28,AAPL,147.41
2023-02-28,MSFT,249.42
2023-03-01,AAPL,145.31
2023-03-01,MSFT,246.27
2023-03-02,AAPL,145.91
2023-03-02,MSFT,251.11
2023-03-03,AAPL,151.03
2023-03-03,MSFT,255.28999
2023-03-06,AAPL,153.83
2023-03-06,MSFT,256.87
2023-03-07,AAPL,151.60001
2023-03-07,MSFT,254.14999
2023-03-08,AAPL,152.87
2023-03-08,MSFT,253.7
2023-03-09,AAPL,150.59
2023-03-09,MSFT,252.32001
2023-03-10,AAPL,148.5
2023-03-10,MSFT,248.59
2023-03-13,AAPL,150.47
2023-03-13,MSFT,253.92
2023-03-14,AAPL,152.59
2023-03-14,MSFT,260.79001
2023-03-15,AAPL,152.99001
2023-03-15,MSFT,265.44
2023-03-16,AAPL,155.85001
2023-03-16,MSFT,276.20001
2023-03-17,AAPL,155.0
2023-03-17,MSFT,279.42999
2023-03-20,AAPL,157.39999
2023-03-20,MSFT,272.23001
2023-03-21,AAPL,159.28
2023-03-21,MSFT,273.78
2023-03-22,AAPL,157.83
2023-03-22,MSFT,272.29001
2023-03-23,AAPL,158.92999
2023-03-23,MSFT,277.66
2023-03-24,AAPL,160.25
2023-03-24,MSFT,280.57001
2023-03-27,AAPL,158.28
2023-03-27,MSFT,276.38
2023-03-28,AAPL,157.64999
2023-03-28,MSFT,275.23001
2023-03-29,AAPL,160.77
2023-03-29,MSFT,280.51001
2023-03-30,AAPL,162.36
2023-03-30,MSFT,284.04999
2023-03-31,AAPL,164.89999
2023-03-31,MSFT,288.29999
2023-04-03,AAPL,166.17
2023-04-03,MSFT,287.23001
2023-04-04,AAPL,165.63
2023-04-04,MSFT,287.17999
2023-04-05,AAPL,163.75999
2023-04-05,MSFT,284.34
2023-04-06,AAPL,164.66
2023-04-06,MSFT,291.60001
2023-04-10,AAPL,162.03
2023-04-10,MSFT,289.39001
2023-04-11,AAPL,160.8
2023-04-11,MSFT,282.82999
2023-04-12,AAPL,160.10001
2023-04-12,MSFT,283.48999
2023-04-13,AAPL,165.56
2023-04-13,MSFT,289.84
2023-04-14,AAPL,165.21001
2023-04-14,MSFT,286.14001
2023-04-17,AAPL,165.23
2023-04-17,MSFT,288.79999
2023-04-18,AAPL,166.47
2023-04-18,MSFT,288.37
2023-04-19,AAPL,167.63
2023-04-19,MSFT,288.45001
2023-04-20,AAPL,166.64999
2023-04-20,MSFT,286.10999
2023-04-21,AAPL,165.02
2023-04-21,MSFT,285.76001
2023-04-24,AAPL,165.33
2023-04-24,MSFT,281.76999
2023-04-25,AAPL,163.77
2023-04-25,MSFT,275.42001
2023-04-26,AAPL,163.75999
2023-04-26,MSFT,295.37
2023-04-27,AAPL,168.41
2023-04-27,MSFT,304.82999
2023-04-28,AAPL,169.67999
2023-04-28,MSFT,307.26001
2023-05-01,AAPL,169.59
2023-05-01,MSFT,305.56
2023-05-02,AAPL,168.53999
2023-05-02,MSFT,305.41
2023-05-03,AAPL,167.45
2023-05-03,MSFT,304.39999
2023-05-04,AAPL,165.78999
2023-05-04,MSFT,305.41
2023-05-05,AAPL,173.57001
2023-05-05,MSFT,310.64999
2023-05-08,AAPL,173.5
2023-05-08,MSFT,308.64999
2023-05-09,AAPL,171.77
2023-05-09,MSFT,307.0
2023-05-10,AAPL,173.55499
2023-05-10,MSFT,312.31
2023-05-11,AAPL,173.75
2023-05-11,MSFT,310.10999
2023-05-12,AAPL,172.57001
2023-05-12,MSFT,308.97
2023-05-15,AAPL,172.07001
2023-05-15,MSFT,309.45999
2023-05-16,AAPL,172.07001
2023-05-16,MSFT,311.73999
2023-05-17,AAPL,172.69
2023-05-17,MSFT,314.0
2023-05-18,AAPL,175.05
2023-05-18,MSFT,318.51999
2023-05-19,AAPL,175.16
2023-05-19,MSFT,318.34
2023-05-22,AAPL,174.2
2023-05-22,MSFT,321.17999
2023-05-23,AAPL,171.56
2023-05-23,MSFT,315.26001
2023-05-24,AAPL,171.84
2023-05-24,MSFT,313.85001
2023-05-25,AAPL,172.99001
2023-05-25,MSFT,325.92001
2023-05-26,AAPL,175.42999
2023-05-26,MSFT,332.89001
2023-05-30,AAPL,177.3
2023-05-30,MSFT,331.20999
2023-05-31,AAPL,177.25
2023-05-31,MSFT,328.39001
2023-06-01,AAPL,180.09
2023-06-01,MSFT,332.57999
2023-06-02,AAPL,180.95
2023-06-02,MSFT,335.39999
2023-06-05,AAPL,179.58
2023-06-05,MSFT,335.94
2023-06-06,AAPL,179.21001
2023-06-06,MSFT,333.67999
2023-06-07,AAPL,177.82001
2023-06-07,MSFT,323.38
2023-06-08,AAPL,180.57001
2023-06-08,MSFT,325.26001
2023-06-09,AAPL,180.96001
2023-06-09,MSFT,326.79001
2023-06-12,AAPL,183.78999
2023-06-12,MSFT,331.85001
2023-06-13,AAPL,183.31
2023-06-13,MSFT,334.29001
2023-06-14,AAPL,183.95
2023-06-14,MSFT,337.34
2023-06-15,AAPL,186.00999
2023-06-15,MSFT,348.10001
2023-06-16,AAPL,184.92
2023-06-16,MSFT,342.32999
2023-06-20,AAPL,185.00999
2023-06-20,MSFT,338.04999
2023-06-21,AAPL,183.96001
2023-06-21,MSFT,333.56
2023-06-22,AAPL,187.0
2023-06-22,MSFT,339.70999
2023-06-23,AAPL,186.67999
2023-06-23,MSFT,335.01999
2023-06-26,AAPL,185.27
2023-06-26,MSFT,328.60001
2023-06-27,AAPL,188.06
2023-06-27,MSFT,334.57001
2023-06-28,AAPL,189.25
2023-06-28,MSFT,335.85001
2023-06-29,AAPL,189.59
2023-06-29,MSFT,335.04999
2023-06-30,AAPL,193.97
2023-06-30,MSFT,340.54001
2023-07-03,AAPL,192.46001
2023-07-03,MSFT,337.98999
2023-07-05,AAPL,191.33
2023-07-05,MSFT,338.14999
2023-07-06,AAPL,191.81
2023-07-06,MSFT,341.26999
2023-07-07,AAPL,190.67999
2023-07-07,MSFT,337.22
2023-07-10,AAPL,188.61
2023-07-10,MSFT,331.82999
2023-07-11,AAPL,188.08
2023-07-11,MSFT,332.47
2023-07-12,AAPL,189.77
2023-07-12,MSFT,337.20001
2023-07-13,AAPL,190.53999
2023-07-13,MSFT,342.66
2023-07-14,AAPL,190.69
2023-07-14,MSFT,345.23999
2023-07-17,AAPL,193.99001
2023-07-17,MSFT,345.73001
2023-07-18,AAPL,193.73
2023-07-18,MSFT,359.48999
2023-07-19,AAPL,195.10001
2023-07-19,MSFT,355.07999
2023-07-20,AAPL,193.13
2023-07-20,MSFT,346.87
2023-07-21,AAPL,191.94
2023-07-21,MSFT,343.76999
2023-07-24,AAPL,192.75
2023-07-24,MSFT,345.10999
2023-07-25,AAPL,193.62
2023-07-25,MSFT,350.98001
2023-07-26,AAPL,194.5
2023-07-26,MSFT,337.76999
2023-07-27,AAPL,193.22
2023-07-27,MSFT,330.72
2023-07-28,AAPL,195.83
2023-07-28,MSFT,338.37
2023-07-31,AAPL,196.45
2023-07-31,MSFT,335.92001
2023-08-01,AAPL,195.605
2023-08-01,MSFT,336.34
2023-08-02,AAPL,192.58
2023-08-02,MSFT,327.5
2023-08-03,AAPL,191.17
2023-08-03,MSFT,326.66
2023-08-04,AAPL,181.99001
2023-08-04,MSFT,327.78
2023-08-07,AAPL,178.85001
2023-08-07,MSFT,330.10999
2023-08-08,AAPL,179.8
2023-08-08,MSFT,326.04999
2023-08-09,AAPL,178.19
2023-08-09,MSFT,322.23001
2023-08-10,AAPL,177.97
2023-08-10,MSFT,322.92999
2023-08-11,AAPL,177.78999
2023-08-11,MSFT,321.01001
2023-08-14,AAPL,179.46001
2023-08-14,MSFT,324.04001
2023-08-15,AAPL,177.45
2023-08-15,MSFT,321.85999
2023-08-16,AAPL,176.57001
2023-08-16,MSFT,320.39999
2023-08-17,AAPL,174.0
2023-08-17,MSFT,316.88
2023-08-18,AAPL,174.49001
2023-08-18,MSFT,316.48001
2023-08-21,AAPL,175.84
2023-08-21,MSFT,321.88
2023-08-22,AAPL,177.23
2023-08-22,MSFT,322.45999
2023-08-23,AAPL,181.12
2023-08-23,MSFT,327.0
2023-08-24,AAPL,176.38
2023-08-24,MSFT,319.97
2023-08-25,AAPL,178.61
2023-08-25,MSFT,322.98001
2023-08-28,AAPL,180.19
2023-08-28,MSFT,323.70001
2023-08-29,AAPL,184.12
2023-08-29,MSFT,328.41
2023-08-30,AAPL,187.64999
2023-08-30,MSFT,328.79001
2023-08-31,AAPL,187.87
2023-08-31,MSFT,327.76001
2023-09-01,AAPL,189.46001
2023-09-01,MSFT,328.66
2023-09-05,AAPL,189.7
2023-09-05,MSFT,333.54999
2023-09-06,AAPL,182.91
2023-09-06,MSFT,332.88
2023-09-07,AAPL,177.56
2023-09-07,MSFT,329.91
2023-09-08,AAPL,178.17999
2023-09-08,MSFT,334.26999
2023-09-11,AAPL,179.36
2023-09-11,MSFT,337.94
2023-09-12,AAPL,176.3
2023-09-12,MSFT,331.76999
2023-09-13,AAPL,174.21001
2023-09-13,MSFT,336.06
2023-09-14,AAPL,175.74001
2023-09-14,MSFT,338.70001
2023-09-15,AAPL,175.00999
2023-09-15,MSFT,330.22
2023-09-18,AAPL,177.97
2023-09-18,MSFT,329.06
2023-09-19,AAPL,179.07001
2023-09-19,MSFT,328.64999
2023-09-20,AAPL,175.49001
2023-09-20,MSFT,320.76999
2023-09-21,AAPL,173.92999
2023-09-21,MSFT,319.53
2023-09-22,AAPL,174.78999
2023-09-22,MSFT,317.01001
2023-09-25,AAPL,176.08
2023-09-25,MSFT,317.54001
2023-09-26,AAPL,171.96001
2023-09-26,MSFT,312.14001
2023-09-27,AAPL,170.42999
2023-09-27,MSFT,312.79001
2023-09-28,AAPL,170.69
2023-09-28,MSFT,313.64001
2023-09-29,AAPL,171.21001
2023-09-29,MSFT,315.75
2023-10-02,AAPL,173.75
2023-10-02,MSFT,321.79999
2023-10-03,AAPL,172.39999
2023-10-03,MSFT,313.39001
2023-10-04,AAPL,173.66
2023-10-04,MSFT,318.95499
2023-10-05,AAPL,174.91
2023-10-05,MSFT,319.35999
2023-10-06,AAPL,177.49001
2023-10-06,MSFT,327.26001
2023-10-09,AAPL,178.99001
2023-10-09,MSFT,329.82001
2023-10-10,AAPL,178.39
2023-10-10,MSFT,328.39001
2023-10-11,AAPL,179.8
2023-10-11,MSFT,332.42001
2023-10-12,AAPL,180.71001
2023-10-12,MSFT,331.16
2023-10-13,AAPL,178.85001
2023-10-13,MSFT,327.73001
2023-10-16,AAPL,178.72
2023-10-16,MSFT,332.64001
2023-10-17,AAPL,177.14999
2023-10-17,MSFT,332.06
2023-10-18,AAPL,175.84
2023-10-18,MSFT,330.10999
2023-10-19,AAPL,175.46001
2023-10-19,MSFT,331.32001
2023-10-20,AAPL,172.88
2023-10-20,MSFT,326.67001
2023-10-23,AAPL,173.0
2023-10-23,MSFT,329.32001
2023-10-24,AAPL,173.44
2023-10-24,MSFT,330.53
2023-10-25,AAPL,171.10001
2023-10-25,MSFT,340.67001
2023-10-26,AAPL,166.89
2023-10-26,MSFT,327.89001
2023-10-27,AAPL,168.22
2023-10-27,MSFT,329.81
2023-10-30,AAPL,170.28999
2023-10-30,MSFT,337.31
2023-10-31,AAPL,170.77
2023-10-31,MSFT,338.10999
2023-11-01,AAPL,173.97
2023-11-01,MSFT,346.07001
2023-11-02,AAPL,177.57001
2023-11-02,MSFT,348.32001
2023-11-03,AAPL,176.64999
2023-11-03,MSFT,352.79999
2023-11-06,AAPL,179.23
2023-11-06,MSFT,356.53
2023-11-07,AAPL,181.82001
2023-11-07,MSFT,360.53
2023-11-08,AAPL,182.89
2023-11-08,MSFT,363.20001
2023-11-09,AAPL,182.41
2023-11-09,MSFT,360.69
2023-11-10,AAPL,186.39999
2023-11-10,MSFT,369.67001
2023-11-13,AAPL,184.8
2023-11-13,MSFT,366.67999
2023-11-14,AAPL,187.44
2023-11-14,MSFT,370.26999
2023-11-15,AAPL,188.00999
2023-11-15,MSFT,369.67001
2023-11-16,AAPL,189.71001
2023-11-16,MSFT,376.17001
2023-11-17,AAPL,189.69
2023-11-17,MSFT,369.85001
2023-11-20,AAPL,191.45
2023-11-20,MSFT,377.44
2023-11-21,AAPL,190.64
2023-11-21,MSFT,373.07001
2023-11-22,AAPL,191.31
2023-11-22,MSFT,377.85001
2023-11-24,AAPL,189.97
2023-11-24,MSFT,377.42999
2023-11-27,AAPL,189.78999
2023-11-27,MSFT,378.60999
2023-11-28,AAPL,190.39999
2023-11-28,MSFT,382.70001
2023-11-29,AAPL,189.37
2023-11-29,MSFT,378.85001
2023-11-30,AAPL,189.95
2023-11-30,MSFT,378.91
2023-12-01,AAPL,191.24001
2023-12-01,MSFT,374.51001
2023-12-04,AAPL,189.42999
2023-12-04,MSFT,369.14001
2023-12-05,AAPL,193.42
2023-12-05,MSFT,372.51999
2023-12-06,AAPL,192.32001
2023-12-06,MSFT,368.79999
2023-12-07,AAPL,194.27
2023-12-07,MSFT,370.95001
2023-12-08,AAPL,195.71001
2023-12-08,MSFT,374.23001
2023-12-11,AAPL,193.17999
2023-12-11,MSFT,371.29999
2023-12-12,AAPL,194.71001
2023-12-12,MSFT,374.38
2023-12-13,AAPL,197.96001
2023-12-13,MSFT,374.37
2023-12-14,AAPL,198.11
2023-12-14,MSFT,365.92999
2023-12-15,AAPL,197.57001
2023-12-15,MSFT,370.73001
2023-12-18,AAPL,195.89
2023-12-18,MSFT,372.64999
2023-12-19,AAPL,196.94
2023-12-19,MSFT,373.26001
2023-12-20,AAPL,194.83
2023-12-20,MSFT,370.62
2023-12-21,AAPL,194.67999
2023-12-21,MSFT,373.54001
2023-12-22,AAPL,193.60001
2023-12-22,MSFT,374.57999
2023-12-26,AAPL,193.05
2023-12-26,MSFT,374.66
2023-12-27,AAPL,193.14999
2023-12-27,MSFT,374.07001
2023-12-28,AAPL,193.58
2023-12-28,MSFT,375.28
2023-12-29,AAPL,192.53
2023-12-29,MSFT,376.04001
2024-01-02,AAPL,185.64
2024-01-02,MSFT,370.87
2024-01-03,AAPL,184.25
2024-01-03,MSFT,370.60001
2024-01-04,AAPL,181.91
2024-01-04,MSFT,367.94
2024-01-05,AAPL,181.17999
2024-01-05,MSFT,367.75
2024-01-08,AAPL,185.56
2024-01-08,MSFT,374.69
2024-01-09,AAPL,185.14
2024-01-09,MSFT,375.79001
2024-01-10,AAPL,186.19
2024-01-10,MSFT,382.76999
2024-01-11,AAPL,185.59
2024-01-11,MSFT,384.63
2024-01-12,AAPL,185.92
2024-01-12,MSFT,388.47
2024-01-16,AAPL,183.63
2024-01-16,MSFT,390.26999
2024-01-17,AAPL,182.67999
2024-01-17,MSFT,389.47
2024-01-18,AAPL,188.63
2024-01-18,MSFT,393.87
2024-01-19,AAPL,191.56
2024-01-19,MSFT,398.67001
2024-01-22,AAPL,193.89
2024-01-22,MSFT,396.51001
2024-01-23,AAPL,195.17999
2024-01-23,MSFT,398.89999
2024-01-24,AAPL,194.5
2024-01-24,MSFT,402.56
2024-01-25,AAPL,194.17
2024-01-25,MSFT,404.87
2024-01-26,AAPL,192.42
2024-01-26,MSFT,403.92999
2024-01-29,AAPL,191.73
2024-01-29,MSFT,409.72
2024-01-30,AAPL,188.03999
2024-01-30,MSFT,408.59
2024-01-31,AAPL,184.39999
2024-01-31,MSFT,397.57999
2024-02-01,AAPL,186.86
2024-02-01,MSFT,403.78
2024-02-02,AAPL,185.85001
2024-02-02,MSFT,411.22
2024-02-05,AAPL,187.67999
2024-02-05,MSFT,405.64999
2024-02-06,AAPL,189.3
2024-02-06,MSFT,405.48999
2024-02-07,AAPL,189.41
2024-02-07,MSFT,414.04999
2024-02-08,AAPL,188.32001
2024-02-08,MSFT,414.10999
2024-02-09,AAPL,188.85001
2024-02-09,MSFT,420.54999
2024-02-12,AAPL,187.14999
2024-02-12,MSFT,415.26001
2024-02-13,AAPL,185.03999
2024-02-13,MSFT,406.32001
2024-02-14,AAPL,184.14999
2024-02-14,MSFT,409.48999
2024-02-15,AAPL,183.86
2024-02-15,MSFT,406.56
2024-02-16,AAPL,182.31
2024-02-16,MSFT,404.06
2024-02-20,AAPL,181.56
2024-02-20,MSFT,402.79001
2024-02-21,AAPL,182.32001
2024-02-21,MSFT,402.17999
2024-02-22,AAPL,184.37
2024-02-22,MSFT,411.64999
2024-02-23,AAPL,182.52
2024-02-23,MSFT,410.34
2024-02-26,AAPL,181.16
2024-02-26,MSFT,407.54001
2024-02-27,AAPL,182.63
2024-02-27,MSFT,407.48001
2024-02-28,AAPL,181.42
2024-02-28,MSFT,407.72
2024-02-29,AAPL,180.75
2024-02-29,MSFT,413.64001
2024-03-01,AAPL,179.66
2024-03-01,MSFT,415.5
2024-03-04,AAPL,175.10001
2024-03-04,MSFT,414.92001
2024-03-05,AAPL,170.12
2024-03-05,MSFT,402.64999
2024-03-06,AAPL,169.12
2024-03-06,MSFT,402.09
2024-03-07,AAPL,169.0
2024-03-07,MSFT,409.14001
2024-03-08,AAPL,170.73
2024-03-08,MSFT,406.22
2024-03-11,AAPL,172.75
2024-03-11,MSFT,404.51999
2024-03-12,AAPL,173.23
2024-03-12,MSFT,415.28
2024-03-13,AAPL,171.13
2024-03-13,MSFT,415.10001
2024-03-14,AAPL,173.0
2024-03-14,MSFT,425.22
2024-03-15,AAPL,172.62
2024-03-15,MSFT,416.42001
2024-03-18,AAPL,173.72
2024-03-18,MSFT,417.32001
2024-03-19,AAPL,176.08
2024-03-19,MSFT,421.41
2024-03-20,AAPL,178.67
2024-03-20,MSFT,425.23001
2024-03-21,AAPL,171.37
2024-03-21,MSFT,429.37
2024-03-22,AAPL,172.28
2024-03-22,MSFT,428.73999
2024-03-25,AAPL,170.85001
2024-03-25,MSFT,422.85999
2024-03-26,AAPL,169.71001
2024-03-26,MSFT,421.64999
2024-03-27,AAPL,173.31
2024-03-27,MSFT,421.42999
2024-03-28,AAPL,171.48
2024-03-28,MSFT,420.72
2024-04-01,AAPL,170.03
2024-04-01,MSFT,424.57001
2024-04-02,AAPL,168.84
2024-04-02,MSFT,421.44
2024-04-03,AAPL,169.64999
2024-04-03,MSFT,420.45001
2024-04-04,AAPL,168.82001
2024-04-04,MSFT,417.88
2024-04-05,AAPL,169.58
2024-04-05,MSFT,425.51999
2024-04-08,AAPL,168.45
2024-04-08,MSFT,424.59
2024-04-09,AAPL,169.67
2024-04-09,MSFT,426.28
2024-04-10,AAPL,167.78
2024-04-10,MSFT,423.26001
2024-04-11,AAPL,175.03999
2024-04-11,MSFT,427.92999
2024-04-12,AAPL,176.55
2024-04-12,MSFT,421.89999
2024-04-15,AAPL,172.69
2024-04-15,MSFT,413.64001
2024-04-16,AAPL,169.38
2024-04-16,MSFT,414.57999
2024-04-17,AAPL,168.0
2024-04-17,MSFT,411.84
2024-04-18,AAPL,167.03999
2024-04-18,MSFT,404.26999
2024-04-19,AAPL,165.0
2024-04-19,MSFT,399.12
2024-04-22,AAPL,165.84
2024-04-22,MSFT,400.95999
2024-04-23,AAPL,166.89999
2024-04-23,MSFT,407.57001
2024-04-24,AAPL,169.02
2024-04-24,MSFT,409.06
2024-04-25,AAPL,169.89
2024-04-25,MSFT,399.04001
2024-04-26,AAPL,169.3
2024-04-26,MSFT,406.32001
2024-04-29,AAPL,173.5
2024-04-29,MSFT,402.25
2024-04-30,AAPL,170.33
2024-04-30,MSFT,389.32999
2024-05-01,AAPL,169.3
2024-05-01,MSFT,394.94
2024-05-02,AAPL,173.03
2024-05-02,MSFT,397.84
2024-05-03,AAPL,183.38
2024-05-03,MSFT,406.66
2024-05-06,AAPL,181.71001
2024-05-06,MSFT,413.54001
2024-05-07,AAPL,182.39999
2024-05-07,MSFT,409.34
2024-05-08,AAPL,182.74001
2024-05-08,MSFT,410.54001
2024-05-09,AAPL,184.57001
2024-05-09,MSFT,412.32001
2024-05-10,AAPL,183.05
2024-05-10,MSFT,414.73999
2024-05-13,AAPL,186.28
2024-05-13,MSFT,413.72
2024-05-14,AAPL,187.42999
2024-05-14,MSFT,416.56
2024-05-15,AAPL,189.72
2024-05-15,MSFT,423.07999
2024-05-16,AAPL,189.84
2024-05-16,MSFT,420.98999
2024-05-17,AAPL,189.87
2024-05-17,MSFT,420.20999
2024-05-20,AAPL,191.03999
2024-05-20,MSFT,425.34
2024-05-21,AAPL,192.35001
2024-05-21,MSFT,429.04001
2024-05-22,AAPL,190.89999
2024-05-22,MSFT,430.51999
2024-05-23,AAPL,186.88
2024-05-23,MSFT,427.0
2024-05-24,AAPL,189.98
2024-05-24,MSFT,430.16
2024-05-28,AAPL,189.99001
2024-05-28,MSFT,430.32001
2024-05-29,AAPL,190.28999
2024-05-29,MSFT,429.17001
2024-05-30,AAPL,191.28999
2024-05-30,MSFT,414.67001
2024-05-31,AAPL,192.25
2024-05-31,MSFT,415.13
2024-06-03,AAPL,194.03
2024-06-03,MSFT,413.51999
2024-06-04,AAPL,194.35001
2024-06-04,MSFT,416.07001
2024-06-05,AAPL,195.87
2024-06-05,MSFT,424.01001
2024-06-06,AAPL,194.48
2024-06-06,MSFT,424.51999
2024-06-07,AAPL,196.89
2024-06-07,MSFT,423.85001
2024-06-10,AAPL,193.12
2024-06-10,MSFT,427.87
2024-06-11,AAPL,207.14999
2024-06-11,MSFT,432.67999
2024-06-12,AAPL,213.07001
2024-06-12,MSFT,441.06
2024-06-13,AAPL,214.24001
2024-06-13,MSFT,441.57999
2024-06-14,AAPL,212.49001
2024-06-14,MSFT,442.57001
2024-06-17,AAPL,216.67
2024-06-17,MSFT,448.37
2024-06-18,AAPL,214.28999
2024-06-18,MSFT,446.34
2024-06-20,AAPL,209.67999
2024-06-20,MSFT,445.70001
2024-06-21,AAPL,207.49001
2024-06-21,MSFT,449.78
2024-06-24,AAPL,208.14
2024-06-24,MSFT,447.67001
2024-06-25,AAPL,209.07001
2024-06-25,MSFT,450.95001
2024-06-26,AAPL,213.25
2024-06-26,MSFT,452.16
2024-06-27,AAPL,214.10001
2024-06-27,MSFT,452.85001
2024-06-28,AAPL,210.62
2024-06-28,MSFT,446.95001
2024-07-01,AAPL,216.75
2024-07-01,MSFT,456.73001
2024-07-02,AAPL,220.27
2024-07-02,MSFT,459.28
2024-07-03,AAPL,221.55
2024-07-03,MSFT,460.76999
2024-07-05,AAPL,226.34
2024-07-05,MSFT,467.56
2024-07-08,AAPL,227.82001
2024-07-08,MSFT,466.23999
2024-07-09,AAPL,228.67999
2024-07-09,MSFT,459.54001
2024-07-10,AAPL,232.98
2024-07-10,MSFT,466.25
2024-07-11,AAPL,227.57001
2024-07-11,MSFT,454.70001
2024-07-12,AAPL,230.53999
2024-07-12,MSFT,453.54999
2024-07-15,AAPL,234.39999
2024-07-15,MSFT,453.95999
2024-07-16,AAPL,234.82001
2024-07-16,MSFT,449.51999
2024-07-17,AAPL,228.88
2024-07-17,MSFT,443.51999
2024-07-18,AAPL,224.17999
2024-07-18,MSFT,440.37
2024-07-19,AAPL,224.31
2024-07-19,MSFT,437.10999
2024-07-22,AAPL,223.96001
2024-07-22,MSFT,442.94
2024-07-23,AAPL,225.00999
2024-07-23,MSFT,444.85001
2024-07-24,AAPL,218.53999
2024-07-24,MSFT,428.89999
2024-07-25,AAPL,217.49001
2024-07-25,MSFT,418.39999
2024-07-26,AAPL,217.96001
2024-07-26,MSFT,425.26999
2024-07-29,AAPL,218.24001
2024-07-29,MSFT,426.73001
2024-07-30,AAPL,218.8
2024-07-30,MSFT,422.92001
2024-07-31,AAPL,222.08
2024-07-31,MSFT,418.35001
2024-08-01,AAPL,218.36
2024-08-01,MSFT,417.10999
2024-08-02,AAPL,219.86
2024-08-02,MSFT,408.48999
2024-08-05,AAPL,209.27
2024-08-05,MSFT,395.14999
2024-08-06,AAPL,207.23
2024-08-06,MSFT,399.60999
2024-08-07,AAPL,209.82001
2024-08-07,MSFT,398.42999
2024-08-08,AAPL,213.31
2024-08-08,MSFT,402.69
2024-08-09,AAPL,216.24001
2024-08-09,MSFT,406.01999
2024-08-12,AAPL,217.53
2024-08-12,MSFT,406.81
2024-08-13,AAPL,221.27
2024-08-13,MSFT,414.01001
2024-08-14,AAPL,221.72
2024-08-14,MSFT,416.85999
2024-08-15,AAPL,224.72
2024-08-15,MSFT,421.03
2024-08-16,AAPL,226.05
2024-08-16,MSFT,418.47
2024-08-19,AAPL,225.89
2024-08-19,MSFT,421.53
2024-08-20,AAPL,226.50999
2024-08-20,MSFT,424.79999
2024-08-21,AAPL,226.39999
2024-08-21,MSFT,424.14001
2024-08-22,AAPL,224.53
2024-08-22,MSFT,415.54999
2024-08-23,AAPL,226.84
2024-08-23,MSFT,416.79001
2024-08-26,AAPL,227.17999
2024-08-26,MSFT,413.48999
2024-08-27,AAPL,228.03
2024-08-27,MSFT,413.84
2024-08-28,AAPL,226.49001
2024-08-28,MSFT,410.60001
2024-08-29,AAPL,229.78999
2024-08-29,MSFT,413.12
2024-08-30,AAPL,229.0
2024-08-30,MSFT,417.14001
2024-09-03,AAPL,222.77
2024-09-03,MSFT,409.44
2024-09-04,AAPL,220.85001
2024-09-04,MSFT,408.89999
2024-09-05,AAPL,222.38
2024-09-05,MSFT,408.39001
2024-09-06,AAPL,220.82001
2024-09-06,MSFT,401.70001
2024-09-09,AAPL,220.91
2024-09-09,MSFT,405.72
2024-09-10,AAPL,220.11
2024-09-10,MSFT,414.20001
2024-09-11,AAPL,222.66
2024-09-11,MSFT,423.04001
2024-09-12,AAPL,222.77
2024-09-12,MSFT,427.0
2024-09-13,AAPL,222.5
2024-09-13,MSFT,430.59
2024-09-16,AAPL,216.32001
2024-09-16,MSFT,431.34
2024-09-17,AAPL,216.78999
2024-09-17,MSFT,435.14999
2024-09-18,AAPL,220.69
2024-09-18,MSFT,430.81
2024-09-19,AAPL,228.87
2024-09-19,MSFT,438.69
2024-09-20,AAPL,228.2
2024-09-20,MSFT,435.26999
2024-09-23,AAPL,226.47
2024-09-23,MSFT,433.51001
2024-09-24,AAPL,227.37
2024-09-24,MSFT,429.17001
2024-09-25,AAPL,226.37
2024-09-25,MSFT,432.10999
2024-09-26,AAPL,227.52
2024-09-26,MSFT,431.31
2024-09-27,AAPL,227.78999
2024-09-27,MSFT,428.01999
2024-09-30,AAPL,233.0
2024-09-30,MSFT,430.29999
2024-10-01,AAPL,226.21001
2024-10-01,MSFT,420.69
2024-10-02,AAPL,226.78
2024-10-02,MSFT,417.13
2024-10-03,AAPL,225.67
2024-10-03,MSFT,416.54001
2024-10-04,AAPL,226.8
2024-10-04,MSFT,416.06
2024-10-07,AAPL,221.69
2024-10-07,MSFT,409.54001
2024-10-08,AAPL,225.77
2024-10-08,MSFT,414.70999
2024-10-09,AAPL,229.53999
2024-10-09,MSFT,417.45999
2024-10-10,AAPL,229.03999
2024-10-10,MSFT,415.84
2024-10-11,AAPL,227.55
2024-10-11,MSFT,416.32001
2024-10-14,AAPL,231.3
2024-10-14,MSFT,419.14001
2024-10-15,AAPL,233.85001
2024-10-15,MSFT,418.73999
2024-10-16,AAPL,231.78
2024-10-16,MSFT,416.12
2024-10-17,AAPL,232.14999
2024-10-17,MSFT,416.72
2024-10-18,AAPL,235.0
2024-10-18,MSFT,418.16
2024-10-21,AAPL,236.48
2024-10-21,MSFT,418.78
2024-10-22,AAPL,235.86
2024-10-22,MSFT,427.51001
2024-10-23,AAPL,230.75999
2024-10-23,MSFT,424.60001
2024-10-24,AAPL,230.57001
2024-10-24,MSFT,424.73001
2024-10-25,AAPL,231.41
2024-10-25,MSFT,428.14999
2024-10-28,AAPL,233.39999
2024-10-28,MSFT,426.59
2024-10-29,AAPL,233.67
2024-10-29,MSFT,431.95001
2024-10-30,AAPL,230.10001
2024-10-30,MSFT,432.53
2024-10-31,AAPL,225.91
2024-10-31,MSFT,406.35001
2024-11-01,AAPL,222.91
2024-11-01,MSFT,410.37
2024-11-04,AAPL,222.00999
2024-11-04,MSFT,408.45999
2024-11-05,AAPL,223.45
2024-11-05,MSFT,411.45999
2024-11-06,AAPL,222.72
2024-11-06,MSFT,420.17999
2024-11-07,AAPL,227.48
2024-11-07,MSFT,425.42999
2024-11-08,AAPL,226.96001
2024-11-08,MSFT,422.54001
2024-11-11,AAPL,224.23
2024-11-11,MSFT,418.01001
2024-11-12,AAPL,224.23
2024-11-12,MSFT,423.03
2024-11-13,AAPL,225.12
2024-11-13,MSFT,425.20001
2024-11-14,AAPL,228.22
2024-11-14,MSFT,426.89001
2024-11-15,AAPL,225.0
2024-11-15,MSFT,415.0
2024-11-18,AAPL,228.02
2024-11-18,MSFT,415.76001
2024-11-19,AAPL,228.28
2024-11-19,MSFT,417.79001
2024-11-20,AAPL,229.0
2024-11-20,MSFT,415.48999
2024-11-21,AAPL,228.52
2024-11-21,MSFT,412.87
2024-11-22,AAPL,229.87
2024-11-22,MSFT,417.0
2024-11-25,AAPL,232.87
2024-11-25,MSFT,418.79001
2024-11-26,AAPL,235.06
2024-11-26,MSFT,427.98999
2024-11-27,AAPL,234.92999
2024-11-27,MSFT,422.98999
2024-11-29,AAPL,237.33
2024-11-29,MSFT,423.45999
2024-12-02,AAPL,239.59
2024-12-02,MSFT,430.98001
2024-12-03,AAPL,242.64999
2024-12-03,MSFT,431.20001
2024-12-04,AAPL,243.00999
2024-12-04,MSFT,437.42001
2024-12-05,AAPL,243.03999
2024-12-05,MSFT,442.62
2024-12-06,AAPL,242.84
2024-12-06,MSFT,443.57001
2024-12-09,AAPL,246.75
2024-12-09,MSFT,446.01999
2024-12-10,AAPL,247.77
2024-12-10,MSFT,443.32999
2024-12-11,AAPL,246.49001
2024-12-11,MSFT,448.98999
2024-12-12,AAPL,247.96001
2024-12-12,MSFT,449.56
2024-12-13,AAPL,248.13
2024-12-13,MSFT,447.26999
2024-12-16,AAPL,251.03999
2024-12-16,MSFT,451.59
2024-12-17,AAPL,253.48
2024-12-17,MSFT,454.45999
2024-12-18,AAPL,248.05
2024-12-18,MSFT,437.39001
2024-12-19,AAPL,249.78999
2024-12-19,MSFT,437.03
2024-12-20,AAPL,254.49001
2024-12-20,MSFT,436.60001
2024-12-23,AAPL,255.27
2024-12-23,MSFT,435.25
2024-12-24,AAPL,258.20001
2024-12-24,MSFT,439.32999
2024-12-26,AAPL,259.01999
2024-12-26,MSFT,438.10999
2024-12-27,AAPL,255.59
2024-12-27,MSFT,430.53
2024-12-30,AAPL,252.2
2024-12-30,MSFT,424.82999
2024-12-31,AAPL,250.42
2024-12-31,MSFT,421.5
